path,filename,extension,category,size_bytes,size_mb,modified,relevance_score,relevance,text_extracted,text_preview,sha256,duplicate_count
chaput_docs.py,chaput_docs.py,.py,other,12362,0.01,1786219789.4982173,0,UNLIKELY,False,,8543d29add60edd4c16ea02d24a4e0592820c47f2f134886deb15ac55ffb3397,1
1\82.7% sport IQ's of 84.docx,82.7% sport IQ's of 84.docx,.docx,document,6713,0.01,1753545812.0,0,UNLIKELY,True,"Insufferable 3rd-world 'Murka remains its own worst enemy as an incoherent, fractured, and amoral dystopia so utterly broken the joint no longer functions—at all! The best part? 82.7% of 'Murka's laughably delusional canaille sporting average IQ’s of around 84 haven't a clue all the Earth cannot stand ’em.",2dd53785ba163dfc156e8a4c9344ac7a344938458eceb4ef4e06a2b090fdc25d,1
1\COTSWOLDS WINTER.docx,COTSWOLDS WINTER.docx,.docx,document,91200,0.09,1671669496.0,0,UNLIKELY,True,"Second-world 'Murka's despicable, Repugnut, fascists constitute the clearest threat to our nation that has ever existed. When we compare these feral traitors to our Boys in 1774 Philly, Repugnuts were the thieves and cutthroats selling putrid pork pies and trollops at the open windows of the stifling Pennsylvania State House. While ALL 30 First-World nations boast between 3-6 political parties only lumbering, dilapidated 'Murka sports but two anemic gangs of swaggering crooks exclusively bought ",5fe3cbfd8cb8eda34098de3677a0783b0f2ecc7c9a656e91eb85d3896b5c61ec,1
1\Discoverize.docx,Discoverize.docx,.docx,document,6691,0.01,1753545934.0,0,UNLIKELY,True,"Apparently, trashy Discoverize is some loathsome high-school's hysterical version of “morning announcements.” But, then, 3rd-world ’Murka’s entire Internet’s forever been a perfect swamp of banality, embarrassing drivel, and unbearably-stunning ignorance. Sick, sad, and stupid—all of it.",c21780c7832233bebd9a2d4dcc3bc3091c8e27440705b691a6ef5d206c0f4efd,1
1\DOCS 9 5.4.'25.docx,DOCS 9 5.4.'25.docx,.docx,document,6716,0.01,1753545166.0,0,UNLIKELY,True,Unread and ill-educated ’Murkan yobs need to stay off OUR Internet. Howling illiteracies have become so endemic among ’Murka’s glum majority Tribe Of The Unread it’s become nye impossible to wade through their malaprops and moronic 3rd-grade rubbish piles. Stupidity has never once been a virtue.,26bc268232ea577ad87f6a179f9aa901c91e9abdb3cc7902a5760f55b4d6bc21,1
1\DSM CODE NARC. SOCIO..docx,DSM CODE NARC. SOCIO..docx,.docx,document,728585,0.69,1666133240.0,0,UNLIKELY,True,DSM-5 303.81 (F60.81) Narcissistic Personality Disorder DSM-5 301.81 (F60.81),e36a7023498f56250152744dd1cb2a80ded574c2adaf400cc994e5257699519c,1
1\FRESH GOOGLE DOCS 3.12.'25.docx,FRESH GOOGLE DOCS 3.12.'25.docx,.docx,document,111291,0.11,1753545242.0,0,UNLIKELY,True,"Third-world 'Murka's dizzy, dotty, rotting DGiven that dealing with immoral, incompetent, Given that dealing with immoral, incompetent, stunningly obtuse, ill-prepared, and/or hopelessly ill-educated lowlife howlers often become excursions into varieties of animus, societies might wish to consider breeding licensees.stunningly obtuse, ill-prepared, and/or hopelessly ill-educated lowlife howlers often become excursions into varieties of animus, societies might wish to consider breeding licensees.",5482956f627bcc9d94a112db9f453b075391f50278c230fb7a0ee50b2be06afa,1
1\GOOGLE DOCS #7.docx,GOOGLE DOCS #7.docx,.docx,document,7425,0.01,1753544530.0,0,UNLIKELY,True,"Universally-despised, 3rd-world 'Murka' long, long ago abandoned sanity. Hear Nietzsche: “In individuals, insanity is rare; but in groups, parties, nations, and epochs, it is the rule.” Good riddance, 'Murka. Apparently, trashy Discoverize is some loathsome high-school's hysterical version of Morning Announcements. But, then, the entire Internet in 3rd-world 'Murka's forever been a fetid swamp of banality, embarrassing drivel, and unbearably-s",acbd4ddc6bfc57ce440a65e4a516832aa59760b8e9c1db22da59774e1629393b,1
1\GOOGLE DOCS 5.13..docx,GOOGLE DOCS 5.13..docx,.docx,document,7265,0.01,1753544942.0,0,UNLIKELY,True,"DSM ICD -10-CM (F60-81) Narcissistic Sociopath—get used to it. Get a grip! Dear Donny Dimwit's got the mind of a 4th-grader strung-out on meth even as 3rd-world 'Murka's vast 93% super-majority of unread, uneducated, and hopelessly-delusional philistines remains astonishingly dull, deadly, dreary, deranged, and dolorous. Stupidity has never once been a virtue . . . until now. Given that dealing with immoral, incompetent, stunningly obtuse, ill-prepared, and/or hopelessly ill-educated lowlife how",1259d5cb70f3845dfad7aaf6e6b44a785b9dc132bfdc0882e1da115dec425f11,1
"1\GOOGLE DOCS 7 S0, WHAT ELSE YA' GOT_.docx","GOOGLE DOCS 7 S0, WHAT ELSE YA' GOT_.docx",.docx,document,8671,0.01,1753544802.0,0,UNLIKELY,True,"Poisonous Repugnut Nazis have become death-star lethal to any open and pleasant attempt to govern a patently ruptured, 3rd-world hellscape that's been morally shredding ever since narcissistic-sociopathic foghorn Chump's miserable bat-winged minions took it into their empty noggins to become Nazified traitors in service to deeply-disturbed Dear Donny and that grotty klown's Hitlerian enthusiasms. Chump's somewhere between 12- and 14-years old—uneducated, unread, unaware, barely literate, empty, ",6faa2b205698edce294b6f6bbd647a11ef60ab78457ef2f8b274749c3388dc6e,1
1\GOOGLE DOCS 8.docx,GOOGLE DOCS 8.docx,.docx,document,2288431,2.18,1746228718.0,6,LOW,True,"With any luck at all, Dear Donny's crummy 3rd-World 'Murka will not exist at all. The dump will need to get its troops home, given that delusional, already-shattered 'Murka hasn't a single friend on the planet who might help. More likely is that all the Earth will cinch 'Murka ""CLOSED FOR REPAIRS!"" before the insidious wasteland becomes more dangerous than wise men already predict. It's become either that or flatten the wretched dump.With any luck at all, Dear Donny's crummy 3rd-World 'Murka w",a97384647903015226d5ee6519c931f96b4c1a4551677a623da880aa82254af6,1
1\Gutter-Ball Chump is to excellence.docx,Gutter-Ball Chump is to excellence.docx,.docx,document,6620,0.01,1752433938.0,0,UNLIKELY,True,"Gutter-Ball Chump is to excellence what sewage is to champagne, even as botched, 3rd-world ’Murka’s pathetic nightmare is to Ace#1 France what horse droppings are to 24K gold. Gawd-awful, war-mongering ’Murka desperately needs a reboot it’ll never get.",69663e2c2bdfab36a5055693eca4b6ab7e34f13b8521ff3448c6db33fd726cef,1
1\I.docx,I.docx,.docx,document,6713,0.01,1753545844.0,0,UNLIKELY,True,"Insufferable 3rd-world 'Murka remains its own worst enemy as an incoherent, fractured, and amoral dystopia so utterly broken the joint no longer functions—at all! The best part? 82.7% of 'Murka's laughably delusional canaille sporting average IQ’s of around 84 haven't a clue all the Earth can’t stand ’em.",7cc5dcee2cab4fd6541bd7002fec237c354bdcc1cfd4066cec509fa2bc34f143,1
1\IQ BY NATION '24.docx,IQ BY NATION '24.docx,.docx,document,64360,0.06,1716456690.0,0,UNLIKELY,True,Autumn: What to Do in the Garden Now Loading Ad 00:00 / 01:33 1. | | Japan | 106.48 2. | | Taiwan | 106.47 3. | | Singapore | 105.89 4. | | Hong Kong | 105.37 5. | | China | 104.1 6. | | South Korea | 102.35 7. | | Belarus | 101.6 8. | | Finland | 101.2 9. | | Liechtenstein | 101.07 10. | | Germany | 100.74 11. | | Netherlands | 100.74 12. | | Estonia | 100.72 13. | | Luxembourg | 99.87 14. | | Macau | 99.82 15. | | Cambodia | 99.75 16. | | Canada | 99.52 17. | | Australia | 99,c19254df3ff34b5c3b3e56acb6fb39b1e11547d7d63aaee002074ceb3392c240,1
"1\Long, long will the Chump stink persist on 3rd-world 'Murka. (1).docx","Long, long will the Chump stink persist on 3rd-world 'Murka. (1).docx",.docx,document,6515,0.01,1753545438.0,0,UNLIKELY,True,"Long, long will the Chump stink persist from 3rd-world 'Murka.",b10ef8133960bf6def08707404b05bf2900ed1b4b3e07f084675cc7cee4a2838,1
"1\Long, long will the Chump stink persist on 3rd-world 'Murka..docx","Long, long will the Chump stink persist on 3rd-world 'Murka..docx",.docx,document,6517,0.01,1744324968.0,0,UNLIKELY,True,"Long, long will the Chump stink persist from 3rd-world 'Murka.",8958d47a6b2cade9eb0f36a03b63813e600c7c81132f67f5300101af01f99840,1
1\Mix a bit o' dementia with an already paralyzed DSM-5 301.81 (F60.81) .docx,Mix a bit o' dementia with an already paralyzed DSM-5 301.81 (F60.81) .docx,.docx,document,6832,0.01,1753545592.0,0,UNLIKELY,True,"@WJCHAPUT Mix a bit o' dementia with an already paralyzed DSM-5 301.81 (F60.81) hysteria-laced, short-circuited and dreadfully shallow intellect and it's Kitty Bar The Door—all bets are off, the moon doth rise whenever, the Thing's gripped by fear, its watertight doors slam shut, and its always weak mind bleeps ""DIVE! DIVE! DIVE! into a justifiably permanent paralysis. And good riddance to this monstrous bit o' garbage.",e5ac858560bcf97152f149a4b0fb186b89f718ad54272569a148331b40736ab2,1
1\NEW 3.12.25.docx,NEW 3.12.25.docx,.docx,document,6609,0.01,1753545526.0,0,UNLIKELY,True,"Given that dealing with immoral, incompetent, stunningly obtuse, ill-prepared, and/or hopelessly inerudite, uneducated lowlife howlers often become excursions into varieties of animus, societies might wish to consider breeding licensees. ",86235a9df286b07dde797a94254bc6f6de7c69eb3135d3ef4b51f02eb750e828,1
"1\Pure, fictional, and laughable twaddle 1.18.'25.docx","Pure, fictional, and laughable twaddle 1.18.'25.docx",.docx,document,6895,0.01,1753545736.0,4,LOW,True,"Pure, fictional, and laughable twaddle meant to gull 3rd-world ’Murka's deluded ""Great Unwashed"" into something very like a fairy-tale bedtime story. Each passing day re-certifies the 'Murkan Embarrassment as a monstrously pathetic, war-mongering nightmare wherein 82.7% of its goober majority sports nothing more than truly lousy grade-school attendance. Most ’Murkans matriculate into blissful oblivions. Ya' can't fix stupid!",8450c3430ee49d888a46548a10890cc3279d399ef147993090c9d0ef4a35ed52,1
1\Reichsministerium für Volksaufklärung und Propaganda.docx,Reichsministerium für Volksaufklärung und Propaganda.docx,.docx,document,728452,0.69,1669588380.0,0,UNLIKELY,True,Reichsministerium für Volksaufklärung und Propaganda,5e832437d8a2ba619e71fa1475e701caf5e55f407aef238931996730f2a3934d,1
1\RIGGED ELECTIONS.docx,RIGGED ELECTIONS.docx,.docx,document,728459,0.69,1667953644.0,0,UNLIKELY,True,Most 2nd-world ’Murkans very sensibly never vote in rigged elections,e20701db0d584823e7c9d44f91fd18c0931d7225c1fd28cb25e9a6806f2fff98,1
1\ROPE BEDS.docx,ROPE BEDS.docx,.docx,document,110198,0.11,1753545012.0,0,UNLIKELY,True,"Nothing wrong with dilapidated 'Murka's 82.7% slice of barking-mad fascists that a Gulag at —52 degrees with no food, no winter clothing, unheated barracks, rope-beds, poisonous water, no sun, rabid dogs, and electrified fences wouldn't cure. And Ol’ Putie would be so tickled for the extra cash.",c190990e21341fcf76e01dc4f5b0d01b87107bbb3cc79c490089d715476f570f,1
1\SHORTS 9.5.'24.docx,SHORTS 9.5.'24.docx,.docx,document,6599,0.01,1753545872.0,0,UNLIKELY,True,"Stodgy and universally-inclement Repugnut drabs remain fatally marooned in 1956. It's no longer amusing that almost all 'Murkans haven't anything like the ability to construct a clear, cogent sentence in English.",6c2a4919c89f51c78fb5d6c8ffd1e06bfc9f9633ec7d0ab2487a5e8dd08fc27f,1
1\Strident religionists have forever been a lunatic tribe  (1).docx,Strident religionists have forever been a lunatic tribe  (1).docx,.docx,document,6805,0.01,1753545712.0,0,UNLIKELY,True,"Strident religionists have forever been a lunatic tribe of morbidly-diseased and utterly-hopeless crackpots with their 96,870,314 assorted gods, godlets, holy wackoloons, water sprites, river monsters, magic angels, and deep, dark ""debils"" propagating like lethal cancer cells in genuinely morbid human societies that are so far gone they’ve metastasized as well into perfect palls of misery and murder.",94a81437a09733eb4fcfa6e2ddca7b47c0336e9ce5674d3a7255de294a0801a6,1
1\Strident religionists have forever been a lunatic tribe .docx,Strident religionists have forever been a lunatic tribe .docx,.docx,document,6724,0.01,1737397336.0,0,UNLIKELY,True,"Strident religionists have forever been a lunatic tribe of morbidly-diseased and utterly-hopeless crackpots with their 96, 870, 314 gods, godlets, holy wackoloons, water sprites and river monsters, magic angels and deep, dark ""debils"" propagating like lethal cancer cells in sick societies of hopelessly delusional cretins, cranks, and creepy wombats so far gone they're a pall of misery.",596e4a6b143c69cca4dfdce9400ad51f68a3410f794ebe012df250aaef665bc0,1
1\The crooked creep's a fraud 3.15.'25.docx,The crooked creep's a fraud 3.15.'25.docx,.docx,document,6674,0.01,1753545470.0,0,UNLIKELY,True,"LOOK! The crooked creep's a fraud, always has been a crooked fraud, all the Earth knows the crooked fraud's a cheesy, ignorant toad simply begging for incarceration, animus, hatred, discipline, ""time out,"" banishment, avoidance, disparagement, and destruction. Make a noose, then use it to garrote the gawd-awful schlemiel.",4512ce513f79169b8b4dbe6c6c626a91c2238a6cddf271b497ae41b365804272,1
1\The Schutzstaffel--SS.docx,The Schutzstaffel--SS.docx,.docx,document,728373,0.69,1664763592.0,0,UNLIKELY,False,,cc96f9e8de7dc03f7d6636d0e9e102d7eb91756f71c138e440f02258980838c5,1
1\This cheesy blowhard deserves.docx,This cheesy blowhard deserves.docx,.docx,document,6738,0.01,1753545498.0,0,UNLIKELY,True,"Actually watching Mango Mussolini shred before our eyes is such a treat! No matter where The Thing lands, it's rotten to its sour core, morally defunct, utterly empty, barbarous, banal, cowardly, vaguely incoherent, repulsive, traitorous, weak, oblivious, sleazy, and/or D.O.A. This cheesy blowhard deserves all that it's getting right between its empty, dead eyes. Always will.",3e6689dc5fdf21743d465a89bb18ead40a15e8a752174ddba2fd6567626c1eb6,1
1\THOMPSON'S.docx,THOMPSON'S.docx,.docx,document,304350,0.29,1662057530.0,0,UNLIKELY,True,"100% Secure Checkout Privacy Policy Cart 1 Customer Service: 1-800-237-2559 Shipping Address W J CHAPUT 3 CATHEDRAL SQUARE 5I BURLINGTON, VT 05401 (415) 992-2050 EDIT Delivery Method UPS Ground 2-5 Business Days $11.99 Due to an increased demand in orders, there is a possibility for minor delays on some packages. This may impact the date projections below. We appreciate your understanding. EDIT 3Payment Method Billing same as Shipping Credit Card Select A Credit Card VISA: CANCEL Expiry MM* E",f7da6c847af69c02102b688539e6376704d3783b17de85822d2243edd4cd82be,1
1\Untitled document (1).docx,Untitled document (1).docx,.docx,document,6526,0.01,1753545404.0,0,UNLIKELY,True,It's pitiful but true that 3rd-world 'Murkans own nothing like the courage nor the fortitude to rescue the little that remains of Jefferson's once sparkling dreams for nervana. ,694a55de240f0b9356b60832836d45941126308bf3752838a6efd2b23a871dcd,1
1\Untitled document (2).docx,Untitled document (2).docx,.docx,document,6776,0.01,1753545658.0,0,UNLIKELY,True,"While Herr Chump’s a genuine, fascist moron, the creep’s absolute perfection for a ’Murkan 82.7% nightmarish welter of ignorant, illiterate, unread, and barking-mad human ZipTies who stare at their standard-issue, utterly banal, 4th-grade TeeWee fare for an average 59.6 hours every bloody week. An estimated 41.7% of these miserable bohunks NEVER shut-off their Boob Tubes.",769fe3c68b6c3bdf25b046e0dced94e7eb6b71b84e27e48048db60fac4e0c081,1
1\Untitled document (3).docx,Untitled document (3).docx,.docx,document,6752,0.01,1753545782.0,4,LOW,True,"Pure, fictional, and laughable twaddle meant to gull 3rd-world 'Murka's deluded ""Great Unwashed"" into something very like a fairy-tale bedtime story. Each passing day re-certifies the 'Murkan Embarrassment as a monstrously pathetic, war-mongering nightmare wherein 82.7% of its goobers sports nothing more than truly lousy high-school attendances. Ya' can't fix stupid!",83abd81f7aec169245bd62c4823ad99304dca9429c4d017b3969a0e67192d7d2,1
1\Untitled document.docx,Untitled document.docx,.docx,document,289128,0.28,1753545124.0,0,UNLIKELY,True,"Ah, yes! Third-world 'Murka's shame goes on, and on, and on. Barking-mad fools---the entire mob of ignorant and helpless skidmarks.",f14554d3c6badf6059f4ee9c12fc967c989e2743f8e72088246bd73a7c40c74a,1
1\_a puny 249 years.docx,_a puny 249 years.docx,.docx,document,7016,0.01,1753545626.0,0,UNLIKELY,True,"The dilapidated, universally-despised, 3rd-world 'Murkan embarrassment with its 82.7% population of poisonous lowlife toads has for decades been all the Earth's foulest toxic-waste site as well as a stirring admonition to other scabrous societies that they might heed the warning klaxons announcing 'Murka's impending collapse as well as the universal full-throated cheers for the dump's welcome demise. France is so old no one knows how old the sparkling, ACE#1, 1st-world nation with Earth’s fines",5587797485ed98e939366da590c2465739b924cf3225cd493be43ae319b2797a,1
1\Favorites\desktop.ini,desktop.ini,.ini,other,84,0.0,1786217309.446729,0,UNLIKELY,False,,b75cc3baa732d2ffb9ba50a7722f85fd24c1980ccc70d76c0451e072842d759b,1
1\Favorites\Links\desktop.ini,desktop.ini,.ini,other,80,0.0,1478386650.0,0,UNLIKELY,False,,e469ed17b4b54595b335dc51817a52b81fcf13aad7b7b994626f84ec097c5d57,1
1\HOME-PC\Desktop.ini,Desktop.ini,.ini,other,226,0.0,1520206270.0,0,UNLIKELY,False,,f2b033e2cbae1fe445004a53b8a81f193df56577be90e9fbc64a791e0b5dbcd2,1
1\HOME-PC\New Rich Text Document.rtf,New Rich Text Document.rtf,.rtf,document,3002,0.0,1744851236.0,0,UNLIKELY,True,"{\rtf1\ansi\deff0\nouicompat{\fonttbl{\f0\fnil\fcharset0 Calibri;}{\f1\fnil\fcharset0 Verdana;}} {\*\generator Riched20 10.0.19041}\viewkind4\uc1 \pard\sa200\sl276\slmult1\f0\fs22\lang9\par \pard\sa200\sl240\slmult1\f1\fs24 Let's all watch 'Murka's Nazi's lose their tiny minds, huh?FUXCARTOONNEWS, in its astonishing wisdom, has once again announced itself as 'Murka's miserable reincarnation of Germany's 1933 Reichsministerium f\'fcr Volksaufkl\'e4rung und Propaganda under Dear Donny Chump. ",e1424308c4129cc99da273880cef45a37d1b6a8e7444d5f4863b6fbb01343c11,1
"1\Toshiba Files\'s not whitey's fauly, you dumb shits.doc","'s not whitey's fauly, you dumb shits.doc",.doc,document,41984,0.04,1346015258.0,0,UNLIKELY,False,,49f2cd7d59760c73e222d4eeecab3aeae4550bc51d9edb6cf2ea3a9aeb91983e,1
"1\Toshiba Files\, cheat  resistance.doc",", cheat  resistance.doc",.doc,document,26624,0.03,1487003162.0,0,UNLIKELY,False,,013fbfac86c6d2bcdaa45c0e7671b49e4a249470dd559a62b9211ed333152279,1
1\Toshiba Files\140 characters are little STUMP.doc,140 characters are little STUMP.doc,.doc,document,26624,0.03,1483551512.0,0,UNLIKELY,False,,a7b99c77f30c192e53a5c5898818969bf5ad5954c62e70e647648995a330b118,1
1\Toshiba Files\16th Century VOTING.doc,16th Century VOTING.doc,.doc,document,41984,0.04,1350757930.0,0,UNLIKELY,False,,79a554488d4e775ccd0365fc438def78c54321f19cc8745454fecf0f69945ae5,1
1\Toshiba Files\1873-1959 TIMELINE.doc,1873-1959 TIMELINE.doc,.doc,document,171520,0.16,1439474182.0,0,UNLIKELY,False,,ee7e59ca095f24083cfca5213c8601471aacb06c47fc88c3830e003f0ecc9c6e,1
1\Toshiba Files\1944 from Boston to Savannah.doc,1944 from Boston to Savannah.doc,.doc,document,45568,0.04,1369691518.0,0,UNLIKELY,False,,723c3e48ceed5edfe453ac8d8a1e43033e70c4f07ec02e5e899f9a582694d183,1
1\Toshiba Files\1948 TUCKER.doc,1948 TUCKER.doc,.doc,document,1182720,1.13,1311708958.0,0,UNLIKELY,False,,d1d13357ee291047e274e7d35fd05740871c6a1e55166aa84d6977da97b06bb3,1
1\Toshiba Files\20th Century Limited to Chicago.doc,20th Century Limited to Chicago.doc,.doc,document,6878720,6.56,1459196570.0,0,UNLIKELY,False,,82cd31113dc1123c9d637c2532c810ee737d4929ac5b381bd1cb2524d2a08f0c,1
1\Toshiba Files\89 N to 35 to 10W to 20W.doc,89 N to 35 to 10W to 20W.doc,.doc,document,349184,0.33,1450365658.0,0,UNLIKELY,False,,8d91ba05c7cf632cc37ca1fe631e3ed4122b3d26f2066c534df7d4786e746566,1
1\Toshiba Files\90.doc,90.doc,.doc,document,56320,0.05,1420822236.0,0,UNLIKELY,False,,5e8641044cef2e4e6ae6c92289ac01fe6f7cb1b0a7a1fd6e0dd9f5ff6d967407,1
1\Toshiba Files\A near fire ant americans.doc,A near fire ant americans.doc,.doc,document,60928,0.06,1446740900.0,0,UNLIKELY,False,,b119713e41d87f97cf8212e96401ff3cd197fbc005da090e56a45a13c182bd1f,1
1\Toshiba Files\A Perfect Life.doc,A Perfect Life.doc,.doc,document,1031168,0.98,1275779404.0,0,UNLIKELY,False,,a417f2cbe47b7a8591ca5bfb5f18736116a73eb106ae62c391a36a9e62e1c223,2
1\Toshiba Files\A silent sea of surly psychotics psychopathics.doc,A silent sea of surly psychotics psychopathics.doc,.doc,document,57344,0.05,1426522886.0,0,UNLIKELY,False,,67163e01932e846eac68924f57b2c7bafec4888446a68fd74792bddd5ba46b7f,1
1\Toshiba Files\A Surfeit of Derelicts.doc,A Surfeit of Derelicts.doc,.doc,document,37376,0.04,1350804922.0,0,UNLIKELY,False,,275edcf99f6b3e5e0c7d7fc38207cd7f1e803fce71f801fb9cb4d11480650b50,1
1\Toshiba Files\A Teapublican circular firing squad.doc,A Teapublican circular firing squad.doc,.doc,document,63488,0.06,1439161872.0,0,UNLIKELY,False,,a619d5d036cd80acd54ddbdd7ac885629bf9df09218c88d457631e14b9ce8de9,1
1\Toshiba Files\Absolutely no one cares what the irrelevant TSA does or says.doc,Absolutely no one cares what the irrelevant TSA does or says.doc,.doc,document,41472,0.04,1362538938.0,0,UNLIKELY,False,,e70d43cffde1ed1fe1aa8667d701b028c84eb53afadffef817788256da3dcacf,1
1\Toshiba Files\Absolutely true.doc,Absolutely true.doc,.doc,document,44032,0.04,1348570182.0,0,UNLIKELY,False,,4a6c0de9d9fca53a0a2c0e29d4c81c02dc332d6921c0df55186959a6c2ed0065,1
1\Toshiba Files\ADD to stick file.doc,ADD to stick file.doc,.doc,document,51200,0.05,1420285572.0,0,UNLIKELY,False,,62fcc1ed256c475065dc827271eda34c2ef978f76c5b50667b19c0a79aae5f47,1
1\Toshiba Files\Advertising Age.doc,Advertising Age.doc,.doc,document,153600,0.15,1331760976.0,0,UNLIKELY,False,,8fe97d3fab188a39ac0da3d3d17f057c9a0717d5cdf9f4e7e46eed6162e105d8,1
1\Toshiba Files\Affinity diagrams and idea sets.doc,Affinity diagrams and idea sets.doc,.doc,document,200704,0.19,1359317474.0,0,UNLIKELY,False,,01dae7d64b7451e45ef093cf6529a487116bc2f0f6411a903d0ea2c736ceb193,1
1\Toshiba Files\After his dog BoBo scratches up moldering human toes behind a derelict Massachusetts gas station.doc,After his dog BoBo scratches up moldering human toes behind a derelict Massachusetts gas station.doc,.doc,document,58368,0.06,1425924700.0,0,UNLIKELY,False,,819b888d93206f696151e3c2a53bc206bacb79c3a991908cc2e25e81b21607dc,1
1\Toshiba Files\AGENTS WHO RESPONDED 1ST.doc,AGENTS WHO RESPONDED 1ST.doc,.doc,document,59904,0.06,1426356102.0,0,UNLIKELY,False,,af0744c6e6c970570aad0fcfc9b7f972d2c765bed19f445124d344370672ffed,1
1\Toshiba Files\Ah DALLAS COP KILLERS.doc,Ah DALLAS COP KILLERS.doc,.doc,document,28672,0.03,1468019066.0,0,UNLIKELY,False,,025b7dd084ec175490959ced3d61776e374be30c7f43d77a5537d7e697b00914,1
"1\Toshiba Files\Ah well, America's first family of rubes.doc","Ah well, America's first family of rubes.doc",.doc,document,43520,0.04,1378125018.0,0,UNLIKELY,False,,288d1f037b733d4f93c8b67a792aa9ae0153e3806eef224702dec8c3a2b96466,1
"1\Toshiba Files\Ah, Alabama hot sauce.doc","Ah, Alabama hot sauce.doc",.doc,document,65536,0.06,1444792230.0,0,UNLIKELY,False,,6c53d922670ef0e7135a1a3435a8ebce57f52a76afca277c2d09373b3c941fdc,1
"1\Toshiba Files\Ah, football.doc","Ah, football.doc",.doc,document,44544,0.04,1369954334.0,0,UNLIKELY,False,,c2c4a90eebd5dcf874eaa1474976e6d26215277eeb165b2044cd1bddb73d4529,1
"1\Toshiba Files\Ah, here we go  bushists.doc","Ah, here we go  bushists.doc",.doc,document,26624,0.03,1466209612.0,0,UNLIKELY,False,,e9ef16692e4881c8d00049adfd1e49c1319f22f731fe9bae83ba7baae799bdfc,1
"1\Toshiba Files\Ah, here we go again. America’s killer cops..doc","Ah, here we go again. America’s killer cops..doc",.doc,document,29184,0.03,1479428666.0,0,UNLIKELY,False,,0b1f0d68090a7302a851c4c486208d9ceac8d4bc870de191a0c3a44e72223038,1
"1\Toshiba Files\Ah, popey.doc","Ah, popey.doc",.doc,document,46592,0.04,1368207092.0,0,UNLIKELY,False,,ccfe10651d6d96d6bfc9ab86e4266dac7caacb77bbaf445823a58273de096eaa,1
"1\Toshiba Files\Ah, the desert rabble.doc","Ah, the desert rabble.doc",.doc,document,46592,0.04,1369949782.0,0,UNLIKELY,False,,750bab1128f67831f9347dba7bd227235da6d5385217d7632121a12e5f664af4,1
"1\Toshiba Files\Ah, well here come the desert.doc","Ah, well here come the desert.doc",.doc,document,43520,0.04,1347578534.0,0,UNLIKELY,False,,6465296fbf6e28c301d82e5c304c4cde586bb48f7b54c9c5227c997efe3d9d14,1
"1\Toshiba Files\Ah, yes. One Tucker Carlson . . ..doc","Ah, yes. One Tucker Carlson . . ..doc",.doc,document,53760,0.05,1427191364.0,0,UNLIKELY,False,,c443b11ca6c45593647fc3cb5d447f0baea4f81f0edbcaaa8a62d8f63b68234e,1
1\Toshiba Files\AhFelonious boosh and the boys.doc,AhFelonious boosh and the boys.doc,.doc,document,27136,0.03,1447887648.0,0,UNLIKELY,False,,53a6d942c4e05126ccc31d00e51af0b87af5b83146ea03f0055ed4950a963520,1
1\Toshiba Files\AKWESASNE LOGO COLOR.doc,AKWESASNE LOGO COLOR.doc,.doc,document,52224,0.05,1379432782.0,0,UNLIKELY,False,,10006adfd9d8134cc1b58711d2405463e97cd0dbc1f466210538899d7db54e58,1
1\Toshiba Files\AKWSASNE LOGO.doc,AKWSASNE LOGO.doc,.doc,document,99840,0.1,1379389730.0,0,UNLIKELY,False,,def617e3bfa1f93f19b3abf9109a6a9ae702f3a4a54ed67925f4f610f0c0ac86,1
1\Toshiba Files\Al Sharpton is a blood.doc,Al Sharpton is a blood.doc,.doc,document,53248,0.05,1419376570.0,0,UNLIKELY,False,,deea523e1df3155b1d66559720a5112793c9bf38d0b972f71ef0c5631d23ff3f,1
1\Toshiba Files\Al-Assad.doc,Al-Assad.doc,.doc,document,42496,0.04,1342899034.0,0,UNLIKELY,False,,a25657d598c935a43cf7f56d2375c7d6b0fefb1ce53a930a3f54a2fb06f48514,1
1\Toshiba Files\All cops everywhere in the world are dim.doc,All cops everywhere in the world are dim.doc,.doc,document,42496,0.04,1342376832.0,0,UNLIKELY,False,,cd11ebc81ae35cec598c6d24cdc0b13555d716db9a63a5fea02d96ebdfe34f0c,1
1\Toshiba Files\All in a day's work . . ..doc,All in a day's work . . ..doc,.doc,document,26112,0.02,1455460188.0,0,UNLIKELY,False,,718393eb44a1ec6993c3b002ebc87a53e3c01957a11e1b806ccca8f9208d477b,1
1\Toshiba Files\All of this GOP tumult over a guaranteed also.doc,All of this GOP tumult over a guaranteed also.doc,.doc,document,38400,0.04,1330316870.0,0,UNLIKELY,False,,d7bb3930d6b26779030297b242d973fadfab40957064c89d5aacf68bd25d0e54,1
1\Toshiba Files\Allen West is a fractured mind with a bad haircut.doc,Allen West is a fractured mind with a bad haircut.doc,.doc,document,41472,0.04,1373983658.0,0,UNLIKELY,False,,16db8890bd54b86aa842c6a1f0cdb915c861b4df98bddfec6e7a19e657d4b9b6,1
1\Toshiba Files\Allow me a moment or two in which to ponder Dubya.doc,Allow me a moment or two in which to ponder Dubya.doc,.doc,document,46592,0.04,1359080944.0,0,UNLIKELY,False,,54630d2a66084e6ff2d87a0aa40211d3f0f1aeb00fe8cd845e8dd45ea44c735c,1
1\Toshiba Files\ALMA MAHLER & HER HUSBAND.docx,ALMA MAHLER & HER HUSBAND.docx,.docx,document,986515,0.94,1399831058.0,6,LOW,True,"Tuna— I cannot find a recording or video of Mahler’s Adagietto played on a solo harp, concert or Celtic—a piece I thought you might enjoy playing. Goddam frustrating. So, I’m sending you a few screenshots of the piece played on other instruments, as well as the sheet music for piano solo which I found online at Peters. The piano version must be transcribed for solo harp. If you don’t feel up to working out a transcription, let me know and I’ll give it a shot, although my fingerings for harp will",70cdba99cf69950576733dea5b7973888e97833bf658fe2713bd1423aa16071a,1
1\Toshiba Files\alt right huffpo.doc,alt right huffpo.doc,.doc,document,26112,0.02,1478258952.0,0,UNLIKELY,False,,b87f4463906fe6a09510779ed80e6639a28eea9a669322fd752cc951b8b4167e,1
1\Toshiba Files\AMAZON 6.1.13.doc,AMAZON 6.1.13.doc,.doc,document,55296,0.05,1370013854.0,0,UNLIKELY,False,,0997b8785b62ef83d4bc2a1b3d57e123480871e458ccad31d53901e09b9f0297,1
1\Toshiba Files\Amazon.doc,Amazon.doc,.doc,document,54784,0.05,1372135630.0,0,UNLIKELY,False,,413462fa5b40b10d0cd5eaf43a7d41fd26dc81edaf563b79291f2d88ed6effde,1
1\Toshiba Files\America has no universal health care.doc,America has no universal health care.doc,.doc,document,59904,0.06,1494267196.0,0,UNLIKELY,False,,217a6b6e8ec4a7a5bd72dbac791d223c0df78fbf970c69b2e0376bbd20b5e582,1
1\Toshiba Files\America has only two political parties.doc,America has only two political parties.doc,.doc,document,23552,0.02,1477695058.0,0,UNLIKELY,False,,f6a7872ef811a9c8da23058c3fbe4b9c9994e9adaf85a7e6e80f901b2d694c06,1
1\Toshiba Files\AMERICA HOME FRONT SOSTHENES  ROOSEVELT COUP.doc,AMERICA HOME FRONT SOSTHENES  ROOSEVELT COUP.doc,.doc,document,100352,0.1,1488997310.0,0,UNLIKELY,False,,936faf7f717963fe9e839e0c12b173ab46a03a87a6ba0776f9d45c855bf488db,1
1\Toshiba Files\America Honduras.doc,America Honduras.doc,.doc,document,65024,0.06,1442062160.0,0,UNLIKELY,False,,c580181d4107fc3a71e73a7034b48efddefd3670c1f71d1bd163f925f5e052e7,1
1\Toshiba Files\America is a country of lowlifes.doc,America is a country of lowlifes.doc,.doc,document,64512,0.06,1431993048.0,0,UNLIKELY,False,,d431745679ba7c1df331547e884a8c3b79f5b58283dd470706413638c36b4a8b,1
1\Toshiba Files\America is a second.doc,America is a second.doc,.doc,document,27136,0.03,1450240564.0,0,UNLIKELY,False,,e9d3544a9314ba27663cf0b81330ca305a83edd3eaa837b2e2cbc35e843f39c6,1
1\Toshiba Files\America is a shot-up '66 Buick.doc,America is a shot-up '66 Buick.doc,.doc,document,26624,0.03,1465212502.0,0,UNLIKELY,False,,5cbe218f9872594ff73857ba9f476c689d4e38957e2f2e993781bff2f971d2ce,1
1\Toshiba Files\America is chock.doc,America is chock.doc,.doc,document,22016,0.02,1453722924.0,0,UNLIKELY,False,,82320f2f744f618abcf546bd23be47f38589db0d11d42fafc1ecbb17752ea3a7,1
1\Toshiba Files\AMERICA IS FUCKED.doc,AMERICA IS FUCKED.doc,.doc,document,79360,0.08,1472406262.0,0,UNLIKELY,False,,cdfd4bca8395734ab6215782cf96dc0aed3446b5b3892b9ff74af2bea4dd10cc,1
1\Toshiba Files\America is not two countries.doc,America is not two countries.doc,.doc,document,26112,0.02,1470416708.0,0,UNLIKELY,False,,31cc4be1044543de35df308b720f31ad7f7d940a76fcac2424ad33045d03869b,1
1\Toshiba Files\America is on the skids.doc,America is on the skids.doc,.doc,document,59904,0.06,1430211668.0,0,UNLIKELY,False,,defb48b1a6848aa5b13983f2023d90404539639361e29bfba46a5b73ccfefac3,1
1\Toshiba Files\America needs a Get out of jail card.doc,America needs a Get out of jail card.doc,.doc,document,26112,0.02,1479420150.0,0,UNLIKELY,False,,7b9504a0bc107434f9556d4bd7e7ea0f5a44703d8c0fef777c46258d73eed645,1
1\Toshiba Files\America should criminalize all religions and de.doc,America should criminalize all religions and de.doc,.doc,document,64000,0.06,1441663582.0,0,UNLIKELY,False,,0e3776c4063bbbeb9a46a346a3200c4e421153d437a03b539361e8023cbc944e,1
1\Toshiba Files\America the Dreadful.doc,America the Dreadful.doc,.doc,document,59392,0.06,1426549808.0,0,UNLIKELY,False,,d64fec043a11492f24fa3bdd2375dc895448ad090a1e5784174821d5f50f80dc,1
1\Toshiba Files\America's dilapidated cities  speed limits.doc,America's dilapidated cities  speed limits.doc,.doc,document,27136,0.03,1482172778.0,0,UNLIKELY,False,,bfab1322083d537a7a402fa2b685dec7309dd152aa6ae7808594d181f207208a,1
1\Toshiba Files\America's militarized cops #2 9.15.doc,America's militarized cops #2 9.15.doc,.doc,document,65536,0.06,1442619910.0,0,UNLIKELY,False,,63901487ac72879712c2474419a7cc001009110696aad9dc3820aad2873a9f5d,1
1\Toshiba Files\America's permanent underclass.doc,America's permanent underclass.doc,.doc,document,26624,0.03,1464833942.0,0,UNLIKELY,False,,1e68b15019977c2eb8648bd2ac09d754ba1db62ef6e56e760f01a02e18dd57fa,1
1\Toshiba Files\America's spineless political mugwumps must.doc,America's spineless political mugwumps must.doc,.doc,document,26624,0.03,1462758820.0,0,UNLIKELY,False,,27c115fccb7e40055e9d963e407f1d056d463d38a73609f72be3a240738b196b,1
1\Toshiba Files\America's swamp has the strangest wombats and rabid.doc,America's swamp has the strangest wombats and rabid.doc,.doc,document,26112,0.02,1481690670.0,0,UNLIKELY,False,,9963c2dfc69d2b15f13a22ceb07a5f7ad07ff541a4676c070801bd30418c0ebb,1
1\Toshiba Files\American cops are a scourge 602.doc,American cops are a scourge 602.doc,.doc,document,60416,0.06,1432635844.0,0,UNLIKELY,False,,1cafbf7713e01a43c703cfdca3eb32831fe02c16c7ba0f7f76838747e7d8755e,1
1\Toshiba Files\American cops are a scourge II  Just look at this goon.doc,American cops are a scourge II  Just look at this goon.doc,.doc,document,59904,0.06,1430815618.0,0,UNLIKELY,False,,59c54673079ed9dc692a84a46ea628db09ba1fc48d7c955797692c6c63f4354b,1
1\Toshiba Files\American cops are a scourge.doc,American cops are a scourge.doc,.doc,document,59392,0.06,1430817494.0,0,UNLIKELY,False,,7208240f5884200cee3f800809323c2f62409b696a6fa07806621798b6697c95,1
1\Toshiba Files\American cops are proles.doc,American cops are proles.doc,.doc,document,44032,0.04,1342569810.0,0,UNLIKELY,False,,7b4f713b7c3acec9be9e3100977550ffc2927cfb329bb8e461180538502c6739,1
1\Toshiba Files\American cops are the primary violent threat in any day.doc,American cops are the primary violent threat in any day.doc,.doc,document,53760,0.05,1422655462.0,0,UNLIKELY,False,,56c64a53d6302e886ca7d64c07ad4d876e9b116be82f093ce7ee9125fce7b1f7,1
1\Toshiba Files\AMERICAN COPS BIG ONE.doc,AMERICAN COPS BIG ONE.doc,.doc,document,30208,0.03,1486517192.0,0,UNLIKELY,False,,ad277574095a758de8773fc37eb3e3d22221e60e8f8cf92569094f978e01f56a,1
1\Toshiba Files\American cops riot faster than hornets sting.doc,American cops riot faster than hornets sting.doc,.doc,document,27136,0.03,1451437018.0,0,UNLIKELY,False,,a7e4c6af1c45adcca3acb77b0113f43968b3ddd029312a90b0d86fc9795cff4e,1
1\Toshiba Files\American cops ripen only from our grubby proletarian classes.doc,American cops ripen only from our grubby proletarian classes.doc,.doc,document,62976,0.06,1436389942.0,0,UNLIKELY,False,,cfe1d4cd5a2e8e0db7c226257311ec7bcab504ab8c59d291a532d3bcdf3a4f00,1
1\Toshiba Files\American cops ripen only in our grubbiest prole class.doc,American cops ripen only in our grubbiest prole class.doc,.doc,document,65024,0.06,1437851790.0,0,UNLIKELY,False,,36739dfe80dccff532b72dd38a0d0442a17a1c2e2c428ee050584b8b11b589c3,1
1\Toshiba Files\American cops.doc,American cops.doc,.doc,document,58880,0.06,1427272688.0,0,UNLIKELY,False,,ac2bb09e9e68f01c75a9de789b19553eab007ca67515ba14bac304818f9f0dd2,1
1\Toshiba Files\American journos have vitiated any pretenses they might once have had as America.doc,American journos have vitiated any pretenses they might once have had as America.doc,.doc,document,26624,0.03,1481587368.0,0,UNLIKELY,False,,51c558610afd7d54dac92bee54ea993321b05553a237ab4c94c0366dc66c452f,1
1\Toshiba Files\American life will continue.doc,American life will continue.doc,.doc,document,47104,0.04,1366301522.0,0,UNLIKELY,False,,946ae80b7e0df5eddcd4c6321e16a775343fb32eb57f7ad5e689ecbcfc429bd9,1
1\Toshiba Files\American political parties belong in jail.doc,American political parties belong in jail.doc,.doc,document,44544,0.04,1468444832.0,0,UNLIKELY,False,,a7a73933e993dd48d3fbc4d860a8fe406dd410c211cc3691d55c67857106b184,1
1\Toshiba Files\American politicians are lizards.doc,American politicians are lizards.doc,.doc,document,59904,0.06,1431690358.0,0,UNLIKELY,False,,e008d031b0d652fca5963f2565fc77c0dfe233a3ed042dced86202c05670b313,1
1\Toshiba Files\American politicians are.doc,American politicians are.doc,.doc,document,27648,0.03,1474393358.0,0,UNLIKELY,False,,1cc2bcdfd082fe3669872104e7abad4ff8eebe7e82defadf974fc59dc887f89b,1
1\Toshiba Files\American politics are a toxic sump of sloth.doc,American politics are a toxic sump of sloth.doc,.doc,document,29696,0.03,1461695442.0,0,UNLIKELY,False,,3339d5899b0fd04fc9380eac0455cd0ed45cd884bf9f85c36ca0d1b0c47a1d04,1
1\Toshiba Files\American politics are for saps.doc,American politics are for saps.doc,.doc,document,23040,0.02,1485110728.0,0,UNLIKELY,False,,e8ce287949a44975248aa7586e829961820a865400837e174f46ff007e9db950,1
1\Toshiba Files\Americans are in a pickle.doc,Americans are in a pickle.doc,.doc,document,26112,0.02,1498646250.0,0,UNLIKELY,False,,0e6ad7767f09bdba441cf216115e807170d105dce52e9f1cbd2e460a79e560d5,1
1\Toshiba Files\Americans display only their fabled ignorance and TeeWee.doc,Americans display only their fabled ignorance and TeeWee.doc,.doc,document,26112,0.02,1457570898.0,0,UNLIKELY,False,,b5d308cdb5902750a8c295d3528420d2bb0c2ee3eede7a4c6b777a30ce7ce2d9,1
1\Toshiba Files\Americans don't seem to understand.doc,Americans don't seem to understand.doc,.doc,document,61440,0.06,1432928740.0,0,UNLIKELY,False,,b23619f0e08f7524ccc85ba8576367a40a481e012cecf23111518a781eebe8b4,1
1\Toshiba Files\Americans fear exceptionalism.doc,Americans fear exceptionalism.doc,.doc,document,62976,0.06,1438084696.0,0,UNLIKELY,False,,f6a90720b2cc0f2d2a030397ea021c5344e67e95ea4b986f70cb713cd8cb9b9a,1
1\Toshiba Files\Americans haven't gut to dump.doc,Americans haven't gut to dump.doc,.doc,document,27136,0.03,1496600954.0,0,UNLIKELY,False,,a15eceb2c0991c3a119741dc3b00cff9152976b168c080d5259c82f533948cee,1
1\Toshiba Files\Americas owners bouht and paid.doc,Americas owners bouht and paid.doc,.doc,document,62976,0.06,1438890454.0,0,UNLIKELY,False,,b75cc34ce17baf90c3c831d7217b9a2b3b6b8706bc72193ce5e6b985be6de927,1
1\Toshiba Files\Amira Willighagen singing Puccini.doc,Amira Willighagen singing Puccini.doc,.doc,document,59392,0.06,1427505076.0,0,UNLIKELY,False,,6cb10050467d9184a59f15a67c30fb328e73cb0578d87fad65dc4ea39833312c,1
1\Toshiba Files\Amy Belle.doc,Amy Belle.doc,.doc,document,87552,0.08,1429823024.0,0,UNLIKELY,False,,952b2e7d48e3d8daa91eaf0416d51fffa193e0ae44e7398274a6f2dfb636039d,1
1\Toshiba Files\An INFIELD FLY is a fair fly ball.doc,An INFIELD FLY is a fair fly ball.doc,.doc,document,45568,0.04,1349497494.0,0,UNLIKELY,False,,d38a8e9099862cdc066322eb95aadb9591669e9ef5cd73b760e0efb99f51ad92,1
1\Toshiba Files\And do you think that unto such as you.doc,And do you think that unto such as you.doc,.doc,document,41984,0.04,1370082196.0,0,UNLIKELY,False,,6d8f47293736ddfefbb9a6f46533131a1d1be2eb66e288fb7aa15ff2ea947c10,1
1\Toshiba Files\And I wish John Sununu would become invisible.doc,And I wish John Sununu would become invisible.doc,.doc,document,41984,0.04,1342554382.0,0,UNLIKELY,False,,d7fdfed147f96e158018ce44eaafa32a36fa8bd854325dbeb368a65375b0870e,1
1\Toshiba Files\Andrews University.doc,Andrews University.doc,.doc,document,60928,0.06,1435266656.0,0,UNLIKELY,False,,0fe945a62dbc2788cef958f026180be6def62707a73cd684b1384829171db650,1
1\Toshiba Files\Anna Atkins Cyanotypes  Prussian blue.doc,Anna Atkins Cyanotypes  Prussian blue.doc,.doc,document,342016,0.33,1426506884.0,0,UNLIKELY,False,,944246380cdc497bab0bf6c98dd8f98511c4d6e5e3ee2608be1bd3b52664f9da,1
1\Toshiba Files\Another shameless Republican woman.doc,Another shameless Republican woman.doc,.doc,document,45568,0.04,1365971458.0,0,UNLIKELY,False,,0f3ba64176932258324ef9e7d1a326c2d3c2a3d5d70af46633e8c0a0db31d0ef,1
1\Toshiba Files\Answers to the Christian moron quiz.doc,Answers to the Christian moron quiz.doc,.doc,document,50688,0.05,1399937656.0,0,UNLIKELY,False,,8fae0c57cadcb8ab99f5c75dc1a888c868d0275097db62b0e5ee634df3d9c3a2,1
1\Toshiba Files\Antwerp Failed imagination.doc,Antwerp Failed imagination.doc,.doc,document,37376,0.04,1308200588.0,0,UNLIKELY,False,,b152cf7c3b1eafb8d4d27713220fabcc337612f1fabed20d6df63468ca060221,1
1\Toshiba Files\Any president of the US is not the leader.doc,Any president of the US is not the leader.doc,.doc,document,27136,0.03,1453225690.0,0,UNLIKELY,False,,3873dc96085b0e63d66bc15da0b20192c0360e5125c8d334909491501806e104,1
"1\Toshiba Files\Any reaction, slam, nobel.doc","Any reaction, slam, nobel.doc",.doc,document,26624,0.03,1482782074.0,0,UNLIKELY,False,,25e30174e4f87b3358603a5a49ce42afd19f446ec7edbff4977b24bc3cf62c4e,1
1\Toshiba Files\Archbishop Sanitorium wants us all to join with his pal Foster Freiss of the American Taliban and the slight 8.doc,Archbishop Sanitorium wants us all to join with his pal Foster Freiss of the American Taliban and the slight 8.doc,.doc,document,41984,0.04,1340441960.0,0,UNLIKELY,False,,5356fe1581ecb2f6f3ee01438c19a8bd525c0247c6f44c18434f4f8619824259,1
1\Toshiba Files\Are you people dreaming.doc,Are you people dreaming.doc,.doc,document,26624,0.03,1495903028.0,0,UNLIKELY,False,,e3dca630496c48a4a596e0b0d64a24f1ef446f13fadcf2b402c2dfa464b10589,1
1\Toshiba Files\Are you so gullible.doc,Are you so gullible.doc,.doc,document,61440,0.06,1443826928.0,0,UNLIKELY,False,,b269cfbc8f6d2c62164374b833b95cd0bad3523fa52655d674a30cb0d7201a38,1
1\Toshiba Files\Aren’t American politicians the worst of the worst.doc,Aren’t American politicians the worst of the worst.doc,.doc,document,26112,0.02,1457142656.0,0,UNLIKELY,False,,b87d3b5b1243f67cc469179239d4cfcdf8101a0cb489d59879a5a552d028133c,1
1\Toshiba Files\Aricept.doc,Aricept.doc,.doc,document,55296,0.05,1339630550.0,0,UNLIKELY,False,,6db7020bff8b55ebee30421f0dbdc73f1bf3035d1aa0cf1213bc63d7fec62884,1
1\Toshiba Files\Arnold Dover Beach.doc,Arnold Dover Beach.doc,.doc,document,43008,0.04,1370213102.0,0,UNLIKELY,False,,ebab90d285809ae818a5adc1f7440a69b9ffc2229f11b48161a23dfeff9d7048,1
1\Toshiba Files\As a narcissistic sociopath Stump is among the most dangerous yaboes.doc,As a narcissistic sociopath Stump is among the most dangerous yaboes.doc,.doc,document,27648,0.03,1483832220.0,0,UNLIKELY,False,,6a53eff6d8d739c7b97ddbd06d404f0a90a48ff32b9f3107f0a3b9a6327a086e,1
1\Toshiba Files\As hair-raising fascists worst people.doc,As hair-raising fascists worst people.doc,.doc,document,26112,0.02,1489608470.0,0,UNLIKELY,False,,7995e0a8c42cfcfd5a9ebfc73dfd7ca735f650171eabc4eb4bca020b34609fd4,1
1\Toshiba Files\as mad as a wet hen.doc,as mad as a wet hen.doc,.doc,document,29696,0.03,1462926944.0,0,UNLIKELY,False,,039b0fc8593b2d25925d77997f9e116c73dad932e8810101de57027e8c922187,1
1\Toshiba Files\Ask Rupert Murdock and his nasty progeny why Australia doesn.doc,Ask Rupert Murdock and his nasty progeny why Australia doesn.doc,.doc,document,55808,0.05,1429888830.0,0,UNLIKELY,False,,ff6a84559007abede10a70b1562d61080ae49afa5a7ec8801bf78a62dfeccc8d,1
1\Toshiba Files\At 23.doc,At 23.doc,.doc,document,45056,0.04,1362959516.0,0,UNLIKELY,False,,d1adeef3b14cf8fd833e7de6b4b05eb453b09ed13657c93be5c2aa6b289a19a9,1
1\Toshiba Files\At long last.doc,At long last.doc,.doc,document,46592,0.04,1373653742.0,0,UNLIKELY,False,,fe56068af9b1c0588c32fdde2497dfc950a9ef48a05b6c25c1f490ddeebd3a94,1
1\Toshiba Files\At no point in their invidious educational programs do for.doc,At no point in their invidious educational programs do for.doc,.doc,document,43520,0.04,1340909778.0,0,UNLIKELY,False,,3218d73007372f14f4db9ff3bce04c70ba870df68a5b1cb40bcc559777c5ed04,1
1\Toshiba Files\ATHEISM AND FOUNDERS.doc,ATHEISM AND FOUNDERS.doc,.doc,document,64512,0.06,1436655038.0,0,UNLIKELY,False,,8376c53594f11fe9955c40fa7e8e4e72b61fbacd590a7d9da16581946d84fcec,1
1\Toshiba Files\ATLANTIC Islamic State.doc,ATLANTIC Islamic State.doc,.doc,document,132608,0.13,1424184612.0,0,UNLIKELY,False,,224a2268ad6e16bdc5cded7b960fa2354505b41aa66d52303e75ceaeec74ed00,1
1\Toshiba Files\Average Acela speed from Washington to Boston.doc,Average Acela speed from Washington to Boston.doc,.doc,document,59904,0.06,1431696330.0,0,UNLIKELY,False,,55f904b46078adb5313e71162d4d1d71892de07cf9c986994fe8a49dca48e027,1
1\Toshiba Files\Bachmann is something odiferous our country has picked up on its shoe.doc,Bachmann is something odiferous our country has picked up on its shoe.doc,.doc,document,38400,0.04,1314347418.0,0,UNLIKELY,False,,78f3a5c5c4879eb68dd13067e88dc11ed120e5fa6b7dcbaba388393d732eaf73,1
1\Toshiba Files\Bad medical care France best.doc,Bad medical care France best.doc,.doc,document,61952,0.06,1472406292.0,0,UNLIKELY,False,,f80a28991fc07f0bdabe0b3604b8c4b575e6472332a0319ffd1b5505988897ef,1
1\Toshiba Files\Baldwin and Palin.doc,Baldwin and Palin.doc,.doc,document,40448,0.04,1332440764.0,0,UNLIKELY,False,,12490b2feee9844c7ba7cbf8e4b7e1106d7124b260c035e23c64f1cf483c799b,1
1\Toshiba Files\Balkenkreuzl.doc,Balkenkreuzl.doc,.doc,document,164352,0.16,1450199944.0,0,UNLIKELY,False,,319a6d77551ff3afc3cd22d2d2184a65ce8541b2725485e50332df3d3d383018,1
1\Toshiba Files\BANK STATEMENT 2 5.5.16.doc,BANK STATEMENT 2 5.5.16.doc,.doc,document,26112,0.02,1462456022.0,0,UNLIKELY,False,,97b9c0f6c4e423ac2547f97ca81f8403921592f40fa8c6d650438d5e354f23c9,1
1\Toshiba Files\BANK STATEMENT 4.15.16.doc,BANK STATEMENT 4.15.16.doc,.doc,document,595456,0.57,1462454998.0,0,UNLIKELY,False,,ab399b7f95a37a9459de4408596f56c72f577234bae22a18ccf16984b6b0b914,1
1\Toshiba Files\Bankers 2010.doc,Bankers 2010.doc,.doc,document,74240,0.07,1293763596.0,0,UNLIKELY,False,,6a9927c9508fee149313b5adfd9f9519921cddfad4f0adac5eb38e68add32d0e,1
1\Toshiba Files\BANKING COMMISSIONER.doc,BANKING COMMISSIONER.doc,.doc,document,37376,0.04,1300263422.0,0,UNLIKELY,False,,b2ae934abf190694f95313e0073b8aacc9068ba68bd63816c163ea6ac9d11fd6,1
1\Toshiba Files\Banking-Insurance  Comm..doc,Banking-Insurance  Comm..doc,.doc,document,26624,0.03,1337457364.0,0,UNLIKELY,False,,7cd8fe00a66e826512f9489701bb38a049d606c380438bed4f08b15f0de8e4cc,1
1\Toshiba Files\Barbara Bush's top drawer American dynasty.doc,Barbara Bush's top drawer American dynasty.doc,.doc,document,46592,0.04,1371260020.0,0,UNLIKELY,False,,9befdd0613818cc05d88d5facbfe5ef99190e0af93473f48bc5e817034a0d8ef,1
1\Toshiba Files\Be still my heart.doc,Be still my heart.doc,.doc,document,49664,0.05,1361991962.0,0,UNLIKELY,False,,766d096c4e7de318e96e99c44d88ba1de354b2bdcc68f336cabca9dee472960b,1
1\Toshiba Files\Behind every great fortune there is great crime.doc,Behind every great fortune there is great crime.doc,.doc,document,44032,0.04,1343259428.0,0,UNLIKELY,False,,20170c6ddb14229a05b5b6014489f23abe1c51b3f7f57459e4e3c4e16c377fc4,1
1\Toshiba Files\Being way too successful.doc,Being way too successful.doc,.doc,document,58368,0.06,1359934110.0,0,UNLIKELY,False,,3ed9bb41f6d78d6c67f5e431d860f52e488a23eed8cb1df0c0e5dc248822b5e3,1
1\Toshiba Files\Belgium.doc,Belgium.doc,.doc,document,22528,0.02,1472758598.0,0,UNLIKELY,False,,380d08877bef0220b81aba2614a805f78f68a6e9a50036ae419e7f1d4c79e142,1
1\Toshiba Files\Belgium1.doc,Belgium1.doc,.doc,document,45056,0.04,1477693292.0,0,UNLIKELY,False,,135b5b4f7c3bd23e4ba77fbca6ed91d9ccaf325b68e17127c7e38a85f7cedc17,1
1\Toshiba Files\Benghazi murders republicans.doc,Benghazi murders republicans.doc,.doc,document,43520,0.04,1350939522.0,0,UNLIKELY,False,,a564864d6f9ee8c18d0afa673e6f9579ae8d07ce2d0fa4a3c98d192a7ef40fdf,1
1\Toshiba Files\Berks County District Attorney John Adams.doc,Berks County District Attorney John Adams.doc,.doc,document,47616,0.05,1357965674.0,0,UNLIKELY,False,,729285de64390aa15b036999ee98880ef0ebe94b0868838375e139a933e0fff3,1
1\Toshiba Files\Berks County President Judge Schmehl.doc,Berks County President Judge Schmehl.doc,.doc,document,39936,0.04,1350594542.0,0,UNLIKELY,False,,25063dbba7afc4eece654a7ac09e69f4fee5fd7bee0ae8f34f876dad5747ccb0,1
1\Toshiba Files\BERNIE.doc,BERNIE.doc,.doc,document,60416,0.06,1430260740.0,0,UNLIKELY,False,,2476e46eec68bac6a69989760115193b4f2b7312968bcb2b89f273be4641c533,1
1\Toshiba Files\Bewitched are you by your own shadow.doc,Bewitched are you by your own shadow.doc,.doc,document,42496,0.04,1340761530.0,0,UNLIKELY,False,,eb30bcdc6a435fc750c77ef71a2c46f83f2e4f8db1fdae84ea3e66d4a51aa300,1
1\Toshiba Files\Birds and stuff I.doc,Birds and stuff I.doc,.doc,document,204800,0.2,1446069088.0,0,UNLIKELY,False,,adad34703743307059e76d961e65f091d871ccf827f18822d2abb832b711936b,1
1\Toshiba Files\BIRTHDAYS 5.MAY.15.doc,BIRTHDAYS 5.MAY.15.doc,.doc,document,59904,0.06,1430491542.0,0,UNLIKELY,False,,06f7cb48d2774c1d37bb347aac5f4b38bfe44cb83c4f9a08f748f06cf846d260,1
1\Toshiba Files\BIRTHDAYS.doc,BIRTHDAYS.doc,.doc,document,63488,0.06,1456598942.0,0,UNLIKELY,False,,b476fd2ef4eea7eaa86fc4e6e9d4a911562e750e03f9f388e73ce038929c3e93,1
1\Toshiba Files\Black ULC bumper sticker.doc,Black ULC bumper sticker.doc,.doc,document,91136,0.09,1426082058.0,0,UNLIKELY,False,,92b75ead9bb4229635cb4227963ada90ea55bdf1b8f86463d339b3373878c36e,1
1\Toshiba Files\Blacks have a serious cultural conundrum.doc,Blacks have a serious cultural conundrum.doc,.doc,document,64512,0.06,1436745232.0,0,UNLIKELY,False,,bb39f41fe795b4eb8d166827e451f6e23fd2d544781286ab9927dfe00f0332df,1
"1\Toshiba Files\Blah, blah, blah Les Miserables.doc","Blah, blah, blah Les Miserables.doc",.doc,document,27648,0.03,1462137200.0,0,UNLIKELY,False,,0ed62638f6dd31b1faf7a4e3507164822f4393d525f0fb7db67b6ee8407da032,1
1\Toshiba Files\Bland Americans should be shot..doc,Bland Americans should be shot..doc,.doc,document,65536,0.06,1445516292.0,0,UNLIKELY,False,,3313216f9ebcf2c61d24f479c92b4b23a32301dc27265caaafa49edb775235c8,1
1\Toshiba Files\Blankfein should be in prison.doc,Blankfein should be in prison.doc,.doc,document,46080,0.04,1362625704.0,0,UNLIKELY,False,,7e820b4331efec87fcd8a2d6245178b3df1d0d6ed4f625236df983d2a5f4ef69,1
1\Toshiba Files\Bloomberg.doc,Bloomberg.doc,.doc,document,40960,0.04,1332440756.0,0,UNLIKELY,False,,4d8712b754f1f2a72ea9f9d8c3c1d58691939ceaccc9bbc1423a99fbb99f33cb,1
1\Toshiba Files\BLOSSOM 4.3.11.doc,BLOSSOM 4.3.11.doc,.doc,document,40960,0.04,1302122250.0,0,UNLIKELY,False,,d9e7fbdaf3108894ff9ee7a602ebada12730d2d43bbd34ade605c237d6579abf,1
1\Toshiba Files\BLUM'S WORK.doc,BLUM'S WORK.doc,.doc,document,45568,0.04,1361565646.0,0,UNLIKELY,False,,dd9f0041bef9106dcf09ea825972ec57cd50c2546f650f0cd8687eb71a38fcb3,1
1\Toshiba Files\Bob Cassidy upstate.doc,Bob Cassidy upstate.doc,.doc,document,61440,0.06,1434193820.0,0,UNLIKELY,False,,dae9d30b9461fe639a62a9d0b0269504486f9fbc8cec194a706632579af320d6,1
1\Toshiba Files\BODY PARTS ICIJ.doc,BODY PARTS ICIJ.doc,.doc,document,803840,0.77,1342574104.0,0,UNLIKELY,False,,ea74fed4f9e265538af88b109e3c6cf3840a302f3c76265ccc45b319e7197b98,1
1\Toshiba Files\BODY PARTS.doc,BODY PARTS.doc,.doc,document,795648,0.76,1342573688.0,0,UNLIKELY,False,,76c41f8b70c22151f4cf2940604589ffad96f539ded10ea8c793e0434140324d,1
1\Toshiba Files\BON JOVI.doc,BON JOVI.doc,.doc,document,39424,0.04,1318308536.0,0,UNLIKELY,False,,63b44ad60f17a735076b9df10bc04c6feabf3a804f6b17a974db47f609a9fbd9,1
1\Toshiba Files\BOND 2001.doc,BOND 2001.doc,.doc,document,46080,0.04,1371091958.0,0,UNLIKELY,False,,dc154f90a6c9fa58ce28087f2d825531a8d89f43aace3d45ecac580d0310d19c,1
1\Toshiba Files\BOOM.doc,BOOM.doc,.doc,document,33280,0.03,1320624456.0,0,UNLIKELY,False,,6325568b919563d364c311c16d560d2c2ca1abe7b1fc0410270056c23381f422,1
1\Toshiba Files\BOOSH AND IRAQ.doc,BOOSH AND IRAQ.doc,.doc,document,57344,0.05,1468177476.0,0,UNLIKELY,False,,72e7517c43781adcab28a92f432a2b4a45170978dc3316f180a1f5340482a049,1
1\Toshiba Files\BOOSH WAR CRIMES.doc,BOOSH WAR CRIMES.doc,.doc,document,50176,0.05,1455977036.0,0,UNLIKELY,False,,ba36111d734425930ad5e1305a88b45fa9fd42303a3803ba3c90ccc270e84730,1
1\Toshiba Files\BOOSHISM.doc,BOOSHISM.doc,.doc,document,67584,0.06,1433149860.0,0,UNLIKELY,False,,2a0e0a93b98af5458ec118dae1af3b00650edbd421b93d8d597f73409001485c,1
1\Toshiba Files\Booze should not be regulated.doc,Booze should not be regulated.doc,.doc,document,42496,0.04,1372631356.0,0,UNLIKELY,False,,cbe5d1b2caf7db79eaab9f320833eaa30a7907cd1ed2783d8acc98945e0db924,1
1\Toshiba Files\Boston Whaler note on Calvin Beals..doc,Boston Whaler note on Calvin Beals..doc,.doc,document,61440,0.06,1434644348.0,0,UNLIKELY,False,,073eb067895efa548e1cd9d461aa8620ee31fc7dd649f96427e75f6fc4abc1ba,1
1\Toshiba Files\Breakfast with you two is Great.doc,Breakfast with you two is Great.doc,.doc,document,27648,0.03,1485045938.0,0,UNLIKELY,False,,6243a90926f6246d6f1f10a1a4ffba25158b82745aedecf485e2cc727362a557,1
1\Toshiba Files\Bridges.doc,Bridges.doc,.doc,document,49152,0.05,1476975666.0,0,UNLIKELY,False,,42cc0b7454c7d8b463710c6c8bec8a4fd2503d5fced4623c7440470498adbc0a,1
1\Toshiba Files\Bridges1.doc,Bridges1.doc,.doc,document,24064,0.02,1480905888.0,0,UNLIKELY,False,,f9ec6d2da2846a6b8e691a687c007d663971fd4864dfba1a53d71e5546864591,1
1\Toshiba Files\Bridgewater estates.doc,Bridgewater estates.doc,.doc,document,49152,0.05,1462753710.0,0,UNLIKELY,False,,e94d0fa9771e0f5f6d06fcb27b47441e3fdd9c9c941abcd81cc327399ef2b5b0,1
1\Toshiba Files\BRITISH MYSTERIES.doc,BRITISH MYSTERIES.doc,.doc,document,108032,0.1,1275889614.0,0,UNLIKELY,False,,74f40008aa92b33309de68864e1a6a15b613e0de01191a23557bca4551479165,1
1\Toshiba Files\BRITISH SERVICE MEDALS.doc,BRITISH SERVICE MEDALS.doc,.doc,document,547840,0.52,1469031338.0,0,UNLIKELY,False,,84a238e7f431a3b748bc99d3bb845e83db52ebdc3d39ca79dd79483c0b107add,1
1\Toshiba Files\Broken American governments require a stunning overhaul far beyond the capacities of a drab zombie populace.doc,Broken American governments require a stunning overhaul far beyond the capacities of a drab zombie populace.doc,.doc,document,55296,0.05,1429364248.0,0,UNLIKELY,False,,bfd2ad2828dba51e6ec82a442bc00ef3945f3c8aeb8f14ff7a54701a00fca400,1
1\Toshiba Files\Broun isn.doc,Broun isn.doc,.doc,document,43008,0.04,1365454898.0,0,UNLIKELY,False,,9c6cd9d2f90465a0449aa1a9d6d8cfd40dd868f32c7693b7d83e30ff1e3edcdd,1
1\Toshiba Files\BRYAN--Wandering Earl.doc,BRYAN--Wandering Earl.doc,.doc,document,60416,0.06,1433340242.0,0,UNLIKELY,False,,e7a6fc72b82ce2dd8b7234a1a915222df4ddb704b2c6e543bfeffc17ec9a7007,1
1\Toshiba Files\BRYAN.doc,BRYAN.doc,.doc,document,48640,0.05,1374080860.0,0,UNLIKELY,False,,23832d65f8e2671b395206e8e60b73aa52188bc6c77e742717286dad9d70f5d2,1
1\Toshiba Files\BULLSHIT.doc,BULLSHIT.doc,.doc,document,40960,0.04,1359763746.0,0,UNLIKELY,False,,aa07c03abf6b74699efdbbca7c68cad0ba312f79409dca4b398db8df40b8baaf,1
1\Toshiba Files\Burlington is a socialist city.doc,Burlington is a socialist city.doc,.doc,document,114688,0.11,1361851538.0,0,UNLIKELY,False,,a754455e98428a89ea201af5bd81c1ff3fb022d49a109869a043084d6151c5fd,1
1\Toshiba Files\Bush is such a dismal individual.doc,Bush is such a dismal individual.doc,.doc,document,45568,0.04,1372964862.0,0,UNLIKELY,False,,aacc797f3e493e95ae955708fbc2476844f3290cb486aef153443cc8d582be8f,1
1\Toshiba Files\BUSH TAX CUTS.doc,BUSH TAX CUTS.doc,.doc,document,40448,0.04,1285437986.0,0,UNLIKELY,False,,32139f5bfcf1685fc3e5a3d88d73f379b92814f4069c04ce7b499933c405782c,1
1\Toshiba Files\Business has always been antithetical to democracy.doc,Business has always been antithetical to democracy.doc,.doc,document,43008,0.04,1369510986.0,0,UNLIKELY,False,,3426b1e418fbb402c3c6bb01b10eff4d5ff525d38550b3376e9d970afd270468,1
1\Toshiba Files\CARSON&SCIENCE.doc,CARSON&SCIENCE.doc,.doc,document,75264,0.07,1443543332.0,0,UNLIKELY,False,,7ad2e7340b60b51a65b64fb3a732c1424d9239c50c53c39788e46f072769706a,1
1\Toshiba Files\CEMETERY RIDGE.doc,CEMETERY RIDGE.doc,.doc,document,39936,0.04,1340438072.0,0,UNLIKELY,False,,0836202d741f2b6d511d3ecadbd0fd7450662d66c19f72f97a27e04d27c6c67f,1
1\Toshiba Files\CHAMPLAIN COLLEGE MAP KEY.doc,CHAMPLAIN COLLEGE MAP KEY.doc,.doc,document,30720,0.03,1465920556.0,0,UNLIKELY,False,,11971dad741e80a61c5a459a6de6583485b7c4b2efd4246cf921a135c0c28b38,1
1\Toshiba Files\CHANGE OF ADDRESS TO THE VERMONT STATE RETIREMENT SYSTEM (6.7.2013).doc,CHANGE OF ADDRESS TO THE VERMONT STATE RETIREMENT SYSTEM (6.7.2013).doc,.doc,document,51200,0.05,1370808782.0,0,UNLIKELY,False,,e578e79d49e84244dab6d28c44a80613afa245f99a25f2f6fce982768a0583c1,1
1\Toshiba Files\chaput letter masthead fairfield.doc,chaput letter masthead fairfield.doc,.doc,document,35840,0.03,1299729404.0,0,UNLIKELY,False,,05c356f657d4bd89d7f5a4f59c5b259a4c0143fcd88e0b3a50928ce74528b8cc,1
1\Toshiba Files\CHAPUT LETTER MASTHEAD GEORGIA.doc,CHAPUT LETTER MASTHEAD GEORGIA.doc,.doc,document,39936,0.04,1314660974.0,0,UNLIKELY,False,,b70e9e50c545583670878557fbdcfbe67a7b240dab3c43f6315ad5d2c1513d49,1
1\Toshiba Files\CHAPUT LETTER.doc,CHAPUT LETTER.doc,.doc,document,25088,0.02,1299725680.0,0,UNLIKELY,False,,84ec320ec69d814090daf7ad1f2e320506c5222c79c4c6fa585da1e74432169c,1
"1\Toshiba Files\Charged with what, fool.doc","Charged with what, fool.doc",.doc,document,45056,0.04,1351210376.0,0,UNLIKELY,False,,c2974aae9aed6798b524c0fc541fb64798d7a80cce8e6352b23c73e76a3b6613,1
1\Toshiba Files\CHEEVER NANCY.doc,CHEEVER NANCY.doc,.doc,document,113664,0.11,1424730962.0,0,UNLIKELY,False,,b1939be9d63d740e42f780b5b0d9c3138158dcf5d67b396d710bcb0813732892,1
1\Toshiba Files\CHERTOFF.doc,CHERTOFF.doc,.doc,document,40960,0.04,1340435404.0,0,UNLIKELY,False,,c6fd27541a58909a7e08aad367fd9d950378be150ac2fe991580de08564f1b8f,1
1\Toshiba Files\CHLOE TRAVEL.doc,CHLOE TRAVEL.doc,.doc,document,46592,0.04,1343006462.0,0,UNLIKELY,False,,4248102594b5aef0230cb8e974e412817889d858266c6416e3474c5e5b66a23e,1
1\Toshiba Files\Christmas 2011.doc,Christmas 2011.doc,.doc,document,40960,0.04,1324134674.0,0,UNLIKELY,False,,68a1e24559a7a01eb75c62b5920b8b63f80269658bcfd96be50661f6f0592e07,1
1\Toshiba Files\CHRISTMAS 2012.doc,CHRISTMAS 2012.doc,.doc,document,38400,0.04,1324692822.0,0,UNLIKELY,False,,a8d3a7473bf714ee8205188b69642ec9058c3b30a515e54c2b14eb7411591146,1
1\Toshiba Files\Christmas at Fouquet's..doc,Christmas at Fouquet's..doc,.doc,document,76800,0.07,1386477472.0,0,UNLIKELY,False,,cf5fc61229282acc64294db8bc2066ce836ba88be3d804d8ebcc8ed3bfe33721,1
1\Toshiba Files\CHRISTMAS SPICES.doc,CHRISTMAS SPICES.doc,.doc,document,37888,0.04,1308011602.0,0,UNLIKELY,False,,06ea550847d2e2a9ed2f9e79a5f4da335da7e2c680b454dc5fc74e847d60aaea,1
1\Toshiba Files\Clear Channel and Mutt.doc,Clear Channel and Mutt.doc,.doc,document,44032,0.04,1372964848.0,0,UNLIKELY,False,,65f4715e0954359bd93dede363e78bea240b9748a778a768f5b86ccac0f0d350,1
1\Toshiba Files\Clicquot.doc,Clicquot.doc,.doc,document,76800,0.07,1298778878.0,0,UNLIKELY,False,,c47213fdaeca2b6c7c8c05e43908a197f6ed9e029d23fdd9e25860a99a68bead,1
1\Toshiba Files\Clifford Earl Bartz.doc,Clifford Earl Bartz.doc,.doc,document,40448,0.04,1326781414.0,0,UNLIKELY,False,,e92695d233df700dd695aa7a68f787b3bde71ebadd87f6e12ccc8f2c845787e3,1
1\Toshiba Files\CNN and FUXCARTOONNEWS grazing.doc,CNN and FUXCARTOONNEWS grazing.doc,.doc,document,26624,0.03,1497801520.0,0,UNLIKELY,False,,bde743358fdf0808b9a6a88fc1d6caae4fc7a89ac36a424bd1126900cb3a02f7,1
1\Toshiba Files\cnrventures.doc,cnrventures.doc,.doc,document,43008,0.04,1340443436.0,0,UNLIKELY,False,,9855ec2921398d82d3495b2a51fced057ecbe222e3097d2b202be4127ae981e1,1
1\Toshiba Files\Coke recipe.doc,Coke recipe.doc,.doc,document,45056,0.04,1350097878.0,0,UNLIKELY,False,,a51993756829daad995b2da11cbf20a93c5ce21cf0fc98f2a424624ff684fc8c,1
"1\Toshiba Files\Come on, HUFFPO.doc","Come on, HUFFPO.doc",.doc,document,61440,0.06,1434311780.0,0,UNLIKELY,False,,f8caeed88afc88d23c478761976202b47c4a8acde4197cfa8af261dded19d35f,1
1\Toshiba Files\COMICS.doc,COMICS.doc,.doc,document,30208,0.03,1283549580.0,0,UNLIKELY,False,,a8f18c307d6db44bb38cced1aa72b072942190a924734b39910022866810f3e1,1
1\Toshiba Files\Condoleeza Rice is an unpleasant woman.doc,Condoleeza Rice is an unpleasant woman.doc,.doc,document,45056,0.04,1346545720.0,0,UNLIKELY,False,,2be5529ba4ddf0a67d33f7730c1b6eebd8a23a075d9913ed0da31a2181909c31,1
1\Toshiba Files\Confine your religious claptrap to other slathering religionist defectives.doc,Confine your religious claptrap to other slathering religionist defectives.doc,.doc,document,60928,0.06,1441134626.0,0,UNLIKELY,False,,79da0d62ecb865b230f8a117f4eafb6487bc93cd5d93e48b48b93831bfaf7d0f,1
1\Toshiba Files\Confusing thread.doc,Confusing thread.doc,.doc,document,37376,0.04,1342399768.0,0,UNLIKELY,False,,ca865f4d8674bb7a66aba9cadf1ef2882eebb336f09b6db4f54cb225120bcbde,1
1\Toshiba Files\Consider this. Indiana.doc,Consider this. Indiana.doc,.doc,document,44544,0.04,1360717696.0,0,UNLIKELY,False,,999870399edd4531ec65a8de6bf8f846ebb50e1de58eb0d67607f776e365d2a0,1
1\Toshiba Files\Consider this.doc,Consider this.doc,.doc,document,44544,0.04,1347935616.0,0,UNLIKELY,False,,1e645ec15d778b626d75cb406bd6fd67a013fddf9757fb2fbf5d45bd001f437c,1
1\Toshiba Files\CONVENTION REFLECTIONS.doc,CONVENTION REFLECTIONS.doc,.doc,document,44544,0.04,1346992802.0,0,UNLIKELY,False,,bcf5bac69a0dcea022a7d2c13cb3a8e5ed308be3ba3911242bd51d6d6e920749,1
1\Toshiba Files\Cops have always been on the wrong side.doc,Cops have always been on the wrong side.doc,.doc,document,41472,0.04,1346013858.0,0,UNLIKELY,False,,be534f353b06d09ed1925192e7193500adebe972d00a2ce0de0e96be56f5927a,1
1\Toshiba Files\Count me in.doc,Count me in.doc,.doc,document,45056,0.04,1459818360.0,0,UNLIKELY,False,,40b465c159317cbb9a5872848fb931beadd052ab743ab10393a8e53d05b57517,1
1\Toshiba Files\COUSIN DENI'S LABEL.doc,COUSIN DENI'S LABEL.doc,.doc,document,80384,0.08,1500923798.0,0,UNLIKELY,False,,61a82cc039dcbd8277b7630a7e6040c9a56eb11cd44a539301bc8b3ce11507db,1
1\Toshiba Files\Crackers are vituperative nobodies clinging to grudges.doc,Crackers are vituperative nobodies clinging to grudges.doc,.doc,document,62464,0.06,1435183826.0,0,UNLIKELY,False,,4377c91317990a5d146a443542bdf0e8e22fe97fb7a7d2a11c63beebbe7071fc,1
1\Toshiba Files\Crazed religious zealots put a sock in it.doc,Crazed religious zealots put a sock in it.doc,.doc,document,49152,0.05,1420675900.0,0,UNLIKELY,False,,0c44f85ffee8b22e151e19d9f6179b8a77ed1c9eda5e6e88b7268937e5c6d3a6,1
1\Toshiba Files\Crazed religious zealots.doc,Crazed religious zealots.doc,.doc,document,48128,0.05,1373676682.0,0,UNLIKELY,False,,ee9ceda486673d75d670ebbfbb6538f5ded8a3fd8651d80fed48052e4c7931fd,1
1\Toshiba Files\CREDIT CARD.doc,CREDIT CARD.doc,.doc,document,57344,0.05,1425934002.0,0,UNLIKELY,False,,95f1639cb2dfb7409db0e3765d92d1d032e018ff4b8d7c9b8cb0cf28202fd4e8,1
"1\Toshiba Files\Creole, Cajun, Acadian.doc","Creole, Cajun, Acadian.doc",.doc,document,46592,0.04,1347648236.0,0,UNLIKELY,False,,0ab9d623289d263744dec1c372db5e3dd2a14baaad9229362bc1d80427ee7613,1
"1\Toshiba Files\Criminals, enlisted ranks, and cops --wives react to whistles.doc","Criminals, enlisted ranks, and cops --wives react to whistles.doc",.doc,document,60416,0.06,1430817202.0,0,UNLIKELY,False,,67294c8c0217571e5e271f24b85dbee260467607c69b04034ff6cec7f1aa0bb9,1
1\Toshiba Files\Crooks&Cops Watertown.doc,Crooks&Cops Watertown.doc,.doc,document,66048,0.06,1445978318.0,0,UNLIKELY,False,,519abd45f3425dafa5ec21918b069178c5f2f859fa6d4f5d252d924949e289ab,1
1\Toshiba Files\Cruising.doc,Cruising.doc,.doc,document,37888,0.04,1339039718.0,0,UNLIKELY,False,,afdd84a70511a02fcca5c258780a4faa20b15777297d0d79c522d0228a13652d,1
1\Toshiba Files\Curious isn't it that we count a foorball's stitches.doc,Curious isn't it that we count a foorball's stitches.doc,.doc,document,60416,0.06,1433693222.0,0,UNLIKELY,False,,dfcb2ca184d572229b64114002fa1287a13af575a188e32368865c767d07b5cf,1
1\Toshiba Files\Customer Assistance.doc,Customer Assistance.doc,.doc,document,40960,0.04,1314037850.0,0,UNLIKELY,False,,7d02bbdf5a3c1deb7e3db578e23e841cfe1b339fa7598bf680dcbb07bb70a64e,1
1\Toshiba Files\D17 Staggerwing Review ALEBO.doc,D17 Staggerwing Review ALEBO.doc,.doc,document,218112,0.21,1457907172.0,0,UNLIKELY,False,,dc00b775140fb0180fd6600e2ac781f232b6456d4c0e9e0cfe5dbf2dca1e1cff,1
1\Toshiba Files\DAMEN 109' ocenographic 12kts  20 berths.doc,DAMEN 109' ocenographic 12kts  20 berths.doc,.doc,document,411648,0.39,1426698628.0,0,UNLIKELY,False,,d7b7e141ebdd81ef0dd38d11ff999e103e4dcf808bb6742933e935e42efd1900,1
1\Toshiba Files\DAMON EMAIL.doc,DAMON EMAIL.doc,.doc,document,87552,0.08,1344995860.0,0,UNLIKELY,False,,ef9fcad492d70028ec23e1b572cad3ec8389c9c02c54ce7c7c9cc1ca0cf0f35d,1
1\Toshiba Files\Danziger.doc,Danziger.doc,.doc,document,180224,0.17,1439425034.0,0,UNLIKELY,False,,67dd011f670db98686cea3f029dd83acd2926d41c19b2dc0b5778dffa9dcc5da,1
1\Toshiba Files\Davis address.doc,Davis address.doc,.doc,document,39936,0.04,1321740914.0,0,UNLIKELY,False,,652fc8f48cf87c34118b7e61dc39b16c1b8789b90150ab206b1b1de41ca5632d,1
1\Toshiba Files\DEATH PENALTY 2012.doc,DEATH PENALTY 2012.doc,.doc,document,52736,0.05,1405840116.0,0,UNLIKELY,False,,6241db9a9a4720d04937c03a8e26b86816ba1ca8c3b07ff33dbd1d94ee755b81,1
1\Toshiba Files\Defining Characteristics of Fascism.doc,Defining Characteristics of Fascism.doc,.doc,document,58880,0.06,1427669604.0,0,UNLIKELY,False,,d8a6802d1aed97eee75eca30c43edf2346f9a71467270611971b64788269eadc,1
1\Toshiba Files\Democratic Sen. Bill Nelson said he was “appalled.doc,Democratic Sen. Bill Nelson said he was “appalled.doc,.doc,document,57344,0.05,1426204680.0,0,UNLIKELY,False,,181cddbbe3b72f8f67a8e54a865f8aa1accea8bf0613b7d660ef6ab58976eb76,1
1\Toshiba Files\Denis Chaput.doc,Denis Chaput.doc,.doc,document,303616,0.29,1277245350.0,0,UNLIKELY,False,,239c872ff3bd00faecd2ea60aa2d59588f938480feea87b3561b97d9c46053d1,1
1\Toshiba Files\Deranged American lowlifes are a constant source of screams and giggles from stable European societies who sensibly think all Americans are daft and humorless nonentities.doc,Deranged American lowlifes are a constant source of screams and giggles from stable European societies who sensibly think all Americans are daft and humorless nonentities.doc,.doc,document,26112,0.02,1453257534.0,0,UNLIKELY,False,,c575a9591fc04739f31e3837c95a20ed33ed22c44a2ce736e1826f96bcdf918d,1
1\Toshiba Files\Dickens' punch--THE ORIGINAL FORMULA.doc,Dickens' punch--THE ORIGINAL FORMULA.doc,.doc,document,77824,0.07,1465253120.0,0,UNLIKELY,False,,4f1fbe38b08d63d31aa7398438c0c51d6dff5b92012f0068b45edec25d785af2,1
1\Toshiba Files\diet.doc,diet.doc,.doc,document,70144,0.07,1305661262.0,0,UNLIKELY,False,,b55cbaacdd359c970f51edfa3e2eaae491ddb4405130e11da95bd1aced8c2994,1
1\Toshiba Files\Dim-witted Repugnuts are tap-dancing.doc,Dim-witted Repugnuts are tap-dancing.doc,.doc,document,26624,0.03,1491010770.0,0,UNLIKELY,False,,6c1899cdee9c7a7f4d88d3c755c156f1ae4ada4d5cddcc2418c78ba8bc3c6c41,1
1\Toshiba Files\Directly across the Common.doc,Directly across the Common.doc,.doc,document,57344,0.05,1397312094.0,0,UNLIKELY,False,,d741ee037e7fc7fc85a55df5790a53bcc7909796019aade72b2136f0e567be67,1
1\Toshiba Files\Do you have the feeling.doc,Do you have the feeling.doc,.doc,document,719872,0.69,1300738492.0,0,UNLIKELY,False,,7df4603ed97a580721aa5ff7ea06864062c204e42abbd3c815a6df67b33cd081,1
1\Toshiba Files\Do you hear nutty voices.doc,Do you hear nutty voices.doc,.doc,document,58368,0.06,1428787046.0,0,UNLIKELY,False,,fa47f14a4f38bbad9e519fec1312c249f2a9a125877af284ad9aa94b5fddfd0d,1
1\Toshiba Files\Do you keep hearing wacko voices.doc,Do you keep hearing wacko voices.doc,.doc,document,58368,0.06,1428787310.0,0,UNLIKELY,False,,b0b6bdaa1821587a72a68912f4f627aecc8082d73679a3057e6b2f55d2f11815,1
1\Toshiba Files\Doc1.doc,Doc1.doc,.doc,document,141824,0.14,1413920630.0,0,UNLIKELY,False,,beb56a562d7fb07d602a5331b863c847729c7e0ac4a0d388208623d4ee850319,1
1\Toshiba Files\Doc2.doc,Doc2.doc,.doc,document,22016,0.02,1450404934.0,0,UNLIKELY,False,,1f13f87ee082db679c234b62e1a4171870916a1ec3812df3f30b8c2e584d503c,1
1\Toshiba Files\Doc3.doc,Doc3.doc,.doc,document,26112,0.02,1450837246.0,0,UNLIKELY,False,,318b1bab46bf0078da6851f746702a1ac682419177f57f5b595a62d6fd6b7451,1
1\Toshiba Files\Doc4.doc,Doc4.doc,.doc,document,23040,0.02,1476390674.0,0,UNLIKELY,False,,596b3a547ffd369531fd3b43d0714906ab26ce9b123406d5b3cbfc6f53cecc30,1
1\Toshiba Files\Does anyone actually care what a bunch of religious chumps have to say about anything.doc,Does anyone actually care what a bunch of religious chumps have to say about anything.doc,.doc,document,26624,0.03,1482365210.0,0,UNLIKELY,False,,ba434318daefdc87d01f011b854a082689898649c8824d75950c07d081992c2a,1
1\Toshiba Files\Does anyone else hear Joe Pesci.doc,Does anyone else hear Joe Pesci.doc,.doc,document,39936,0.04,1354064532.0,0,UNLIKELY,False,,7bb262a3ff857da24103dae34530d24475046c0e027bc1328200d3e0a4d6664e,1
1\Toshiba Files\Does it provide the justice necessary.doc,Does it provide the justice necessary.doc,.doc,document,52736,0.05,1340444790.0,0,UNLIKELY,False,,1e28f006f4d056558088dbc9889feef32046bf729eb258949eaeecf2870fbcdf,1
1\Toshiba Files\Does your god shit.doc,Does your god shit.doc,.doc,document,68608,0.07,1459279356.0,0,UNLIKELY,False,,d0ef891d19a2d141f4a43e912da0f3a52f71e253f7f11ce1a4512f800d183450,1
1\Toshiba Files\DOG SNOW.doc,DOG SNOW.doc,.doc,document,125952,0.12,1362952470.0,0,UNLIKELY,False,,5309ccadda68fbe8cdbc78b02865c35989b242b96928aab2df09781e667abd5a,1
1\Toshiba Files\Don't making a list america doesnt do well.doc,Don't making a list america doesnt do well.doc,.doc,document,61440,0.06,1435837090.0,0,UNLIKELY,False,,5b882d8b47d825dddd15f960569e05a003635eada2a3bf41372fe3611642c3e0,1
1\Toshiba Files\DORNEY COURT.doc,DORNEY COURT.doc,.doc,document,1695744,1.62,1462482524.0,0,UNLIKELY,False,,217cf13fa5519c345d557fdbbcea9f8d37af67751554ce6a6404d806207694ff,1
1\Toshiba Files\Dorothy Parker & Kitchen Scraps.doc,Dorothy Parker & Kitchen Scraps.doc,.doc,document,64512,0.06,1424458830.0,0,UNLIKELY,False,,2db1fec83e1d47a1ffa27b474d141f8a4581ba6b1e2f665864671f2ac553d84c,1
1\Toshiba Files\Double pages.doc,Double pages.doc,.doc,document,84992,0.08,1422925184.0,0,UNLIKELY,False,,9b2c0d897fabec4957bd2418364633dd504e6fc23fea39cb07bbb9ac671d8510,1
1\Toshiba Files\DOUSE THE GLIMMER ms..doc,DOUSE THE GLIMMER ms..doc,.doc,document,1231360,1.17,1422118502.0,0,UNLIKELY,False,,c1bb331c2ea3cd2049084eb7dd64a9d4a0aa0a278f4641ccc09e216130c77006,1
1\Toshiba Files\Dreadful scams.doc,Dreadful scams.doc,.doc,document,45056,0.04,1358309686.0,0,UNLIKELY,False,,351bf62d4814bdab828870859ddb865948c9b497aeaecca192da37159061c929,1
1\Toshiba Files\Drinks made with Yukon Jack.doc,Drinks made with Yukon Jack.doc,.doc,document,77312,0.07,1353466020.0,0,UNLIKELY,False,,01923fb9f17df60d2aa5b48bbf7f4c44d49a311cef0b43eee73f4b501a6113bd,1
1\Toshiba Files\DRIVE TO TENNESSEE       THREE.doc,DRIVE TO TENNESSEE       THREE.doc,.doc,document,40960,0.04,1323402416.0,0,UNLIKELY,False,,5646e34213f350da641e5510a30c38c9fc774b1dc54ece580decf4cf948bd675,1
1\Toshiba Files\DRIVE TO TENNESSEE       TWO.doc,DRIVE TO TENNESSEE       TWO.doc,.doc,document,38400,0.04,1323482566.0,0,UNLIKELY,False,,4458b74a97675c45d38538adf638bf87c12470b6f7be65688088266956b0e87e,1
1\Toshiba Files\Drumpf is a lowlife slob in a national bog of lowlife slobs who care not that America is ruled by.doc,Drumpf is a lowlife slob in a national bog of lowlife slobs who care not that America is ruled by.doc,.doc,document,26624,0.03,1475416166.0,0,UNLIKELY,False,,6192997a1c581a71a07943007d8a5487fe3687e545eccb2a8a150ad264fd5f26,1
1\Toshiba Files\Dude.doc,Dude.doc,.doc,document,39936,0.04,1348622142.0,0,UNLIKELY,False,,35c6510176801f640247be55ab384500117e7850dd93cc3df33f8d3fa412b2b6,1
1\Toshiba Files\Earnhardt goobers pi.doc,Earnhardt goobers pi.doc,.doc,document,60416,0.06,1441593620.0,0,UNLIKELY,False,,eae472107204acace204fb7260a59584387f0c4a0d4f9ef6e1721cc6087ad931,1
"1\Toshiba Files\Eden, Schmeden.doc","Eden, Schmeden.doc",.doc,document,46080,0.04,1372964888.0,0,UNLIKELY,False,,c53f321c433f916b0e65dbd2c78f524dba0c3d1ec518e273d9bc6a815581512c,1
1\Toshiba Files\El Presidente Snidley Whiplash.doc,El Presidente Snidley Whiplash.doc,.doc,document,27648,0.03,1484610332.0,0,UNLIKELY,False,,7d73d8d2568fa8d5d5cf29b727267aa0e091652011dc1d213d7887b3f7d9d9ce,1
1\Toshiba Files\Elections are theater.doc,Elections are theater.doc,.doc,document,26112,0.02,1456883642.0,0,UNLIKELY,False,,3e024281b88c33d135ee33e9ac5a6da66bd8f70a5f81c99c95b004cebacf3f39,1
1\Toshiba Files\ELTON.doc,ELTON.doc,.doc,document,45568,0.04,1368510782.0,0,UNLIKELY,False,,8c2fc1320e670870102c8aade7672bacc608e388b0b01d0f0b9db15c9668baed,1
1\Toshiba Files\Emails.doc,Emails.doc,.doc,document,38400,0.04,1313530738.0,0,UNLIKELY,False,,4f2130afd8ae9dadafebd653904d82599f6fdbc9a7ba833f77406dfc06aa4550,1
1\Toshiba Files\Empedocles on Etna--Arnold.doc,Empedocles on Etna--Arnold.doc,.doc,document,41984,0.04,1335398966.0,0,UNLIKELY,False,,3a4d55682eea43d4cd60e176b8c651292480228f4474639b90ee4cf833c1965a,1
1\Toshiba Files\ENGLISH BIG HOUSE KITCHENS.doc,ENGLISH BIG HOUSE KITCHENS.doc,.doc,document,44032,0.04,1487011824.0,0,UNLIKELY,False,,54ae2abcc0353c0578a5ab6af77e814379c94f63f6c38ce7dd7e683d7fac0c89,1
1\Toshiba Files\ENGLISH WHERE TO LIVE.doc,ENGLISH WHERE TO LIVE.doc,.doc,document,237056,0.23,1428229948.0,0,UNLIKELY,False,,d4755bb761bb40abdef33ff5648e73ff69edc8cbda56891b1fbfc7e2bfd5e66a,1
1\Toshiba Files\Enough Is Enough.doc,Enough Is Enough.doc,.doc,document,44544,0.04,1354209028.0,0,UNLIKELY,False,,0e861c7fee0e08560d6e3a831eb7351ab912e3952014c10a35ccc44728d83f3e,1
1\Toshiba Files\EUROPEAN CRIME WRITERS.doc,EUROPEAN CRIME WRITERS.doc,.doc,document,52224,0.05,1338529740.0,0,UNLIKELY,False,,7df6e006e9d5f9c0b4e90fa74dda4654b757e603e9ffdf4200cf187d72520f1a,1
1\Toshiba Files\Eve's Pudding.doc,Eve's Pudding.doc,.doc,document,728064,0.69,1466973690.0,0,UNLIKELY,False,,77401414b20cedfacdadac96e36fb07b983ea2801263a2aaf8218829fdd8b86f,1
1\Toshiba Files\Even though many of us find that all religionists are human abominations.doc,Even though many of us find that all religionists are human abominations.doc,.doc,document,63488,0.06,1439492470.0,0,UNLIKELY,False,,f441d3bba8cfcf4c19904e51dfcc89b75ac000b674cfee555d3a0dd5be37f36e,1
1\Toshiba Files\Every normal person trump kids.doc,Every normal person trump kids.doc,.doc,document,26624,0.03,1477186704.0,0,UNLIKELY,False,,1ca82729bf10766d7ba660be09e1e51aad24af258824d3aa689ae85f3f165dbe,1
1\Toshiba Files\Expat in France Alan West.doc,Expat in France Alan West.doc,.doc,document,100864,0.1,1337479042.0,0,UNLIKELY,False,,f21b9b15f2b0bec1a42273356062a0904e09beeb93957e65b39fa7e13c3a0df3,1
1\Toshiba Files\FAA report 8.20.2011.doc,FAA report 8.20.2011.doc,.doc,document,36864,0.04,1313979960.0,0,UNLIKELY,False,,f9276ec31162d1b664d172e9d5c6459b8f1f33a62f0a5f5dd13c74560ece6aaa,1
1\Toshiba Files\Fathers' Day 2012.doc,Fathers' Day 2012.doc,.doc,document,38400,0.04,1339189900.0,0,UNLIKELY,False,,88374dac6a626b8458aabbd1abf4d4b79a9a290f8c65c4a5d3a0fd1dd13c16db,1
1\Toshiba Files\feathers 3 16.00.doc,feathers 3 16.00.doc,.doc,document,88576,0.08,1342643486.0,0,UNLIKELY,False,,daeedcc24d24d441b84fca69d66f94728b5d228b120d652e2aafd2bc653af377,1
1\Toshiba Files\Federal agents from the ATF have long been the barrel.doc,Federal agents from the ATF have long been the barrel.doc,.doc,document,43520,0.04,1346014080.0,0,UNLIKELY,False,,2d323b4a56ca21fe073ce21e440dc452110a9ea1c2e32cf4f121aa7fcae7b9ba,1
1\Toshiba Files\First family misfits and manques.doc,First family misfits and manques.doc,.doc,document,26112,0.02,1462201188.0,0,UNLIKELY,False,,963af61eebad8eb3de29bd4de523e7199f567a0c28d082c0069e62ebefb01f24,1
1\Toshiba Files\Food is an important part of a balanced diet.doc,Food is an important part of a balanced diet.doc,.doc,document,65536,0.06,1348886570.0,0,UNLIKELY,False,,d2e775921e3008820554e4ac8d1d43af2e347bc8406c8e7b9edf64f9841e804c,1
1\Toshiba Files\For some miraculous reason.doc,For some miraculous reason.doc,.doc,document,57856,0.06,1424292746.0,0,UNLIKELY,False,,0b7b5a6ee170f24bc923edfdad193792b9b1d8b71cb86d2f9f680e7b8b8ee202,1
1\Toshiba Files\For the iealogues.doc,For the iealogues.doc,.doc,document,46080,0.04,1372964984.0,0,UNLIKELY,False,,f1eca3dc35be5fee9bbe9970e6427fe8e1165bd27c15f51ca34ea796c1fc37ba,1
1\Toshiba Files\For-profit colleges and universities are frauds.doc,For-profit colleges and universities are frauds.doc,.doc,document,64512,0.06,1447893272.0,0,UNLIKELY,False,,aebf4ef3dab2e50f9e791051541c3e7ffe6ed513dde721198692ff4c14a57cdd,1
1\Toshiba Files\FORD Customer Assistance.doc,FORD Customer Assistance.doc,.doc,document,59904,0.06,1313204392.0,0,UNLIKELY,False,,94e6faf43a475d52c342f19395c7cfb14d54aa3b3a4df8067a4dd65dc0eb7560,1
1\Toshiba Files\Ford Mustang Nancy.doc,Ford Mustang Nancy.doc,.doc,document,2461184,2.35,1458641870.0,0,UNLIKELY,False,,b32f10b47469e0cc605f5908d9b066f2b4d68388bbc11b0043b4b6198daa8f7e,1
1\Toshiba Files\FOXCARTOONNEWS teases and titillates American monosyllabic lowlifes and especially the addled and tremor.doc,FOXCARTOONNEWS teases and titillates American monosyllabic lowlifes and especially the addled and tremor.doc,.doc,document,28160,0.03,1468092280.0,0,UNLIKELY,False,,c5b628f73edafff73e98c0161c6ace5c7e67d5a107e2fa1436c6056c6cb4f9f5,1
1\Toshiba Files\France has millions marching against insanity and America celebrates silly people who make human cartoons nobody with a brain ever watches or cares about.doc,France has millions marching against insanity and America celebrates silly people who make human cartoons nobody with a brain ever watches or cares about.doc,.doc,document,56320,0.05,1421058976.0,0,UNLIKELY,False,,7ed448f3f2387c71c1eba6625982d085ad6de2459e8e5021ebdcfd9c3dc3cbe1,1
1\Toshiba Files\Frank Banko III.doc,Frank Banko III.doc,.doc,document,137728,0.13,1354037632.0,0,UNLIKELY,False,,b7b4dc57628ad2fe117773d3969465f1187a53501be173e380afdc6574833748,1
1\Toshiba Files\Frankie “Spitz” Baroni in Bayonne.doc,Frankie “Spitz” Baroni in Bayonne.doc,.doc,document,26624,0.03,1482940298.0,0,UNLIKELY,False,,5881691750d81be9397eb76ad1c67ff2786e38ed0b4b7635b88f30891395b868,1
1\Toshiba Files\Freddie Mercury  Axl  Elton.doc,Freddie Mercury  Axl  Elton.doc,.doc,document,45056,0.04,1364350428.0,0,UNLIKELY,False,,2efbb560a681318ce82b3b078e01d2a77c5dfcc7dfd49179e78ac1ecbfd79441,1
1\Toshiba Files\French Flics & Paris.doc,French Flics & Paris.doc,.doc,document,61440,0.06,1420829154.0,0,UNLIKELY,False,,d461386fc7778533460794269b6189c0e4ce72dd1a2f86c7c6f9c7f3d00065a8,1
1\Toshiba Files\French Pastry Doug1.doc,French Pastry Doug1.doc,.doc,document,39424,0.04,1305661516.0,0,UNLIKELY,False,,4129d1dcf28f9127af76171330e01acbc8a0053d27d3a0511cdaecdd67532d4e,1
1\Toshiba Files\fresh meat.doc,fresh meat.doc,.doc,document,43520,0.04,1343853150.0,0,UNLIKELY,False,,4fbbf20e5fd6fa3409de32acfd9a8423993b99a0361e08a35dab36902871bb73,1
"1\Toshiba Files\From 1946, America has mounted.doc","From 1946, America has mounted.doc",.doc,document,59392,0.06,1431430990.0,0,UNLIKELY,False,,c727ff093d4abb07a2e640176447b23300948ad09660dcc3b967e73b7dcc2cb0,1
1\Toshiba Files\From its beginnings as a private business college nearly a century and a half ago.doc,From its beginnings as a private business college nearly a century and a half ago.doc,.doc,document,45568,0.04,1440668804.0,0,UNLIKELY,False,,4e5c957716206652300e78a0eea8af9f3e81a01b1cf180064bb69aff60417126,1
1\Toshiba Files\From Poetry Foundation--delmore.doc,From Poetry Foundation--delmore.doc,.doc,document,50176,0.05,1339719582.0,0,UNLIKELY,False,,a19756fec12031a1e9ea63743b3fb6ba531f643412fe7ef60af2b6be150528b9,1
1\Toshiba Files\From the outset Trumpites.doc,From the outset Trumpites.doc,.doc,document,31744,0.03,1457828536.0,0,UNLIKELY,False,,eb9da01d77293e676e24f83431a826c96685b91472f402de1295e2287a265cd8,1
1\Toshiba Files\FROST RIPTON.doc,FROST RIPTON.doc,.doc,document,90624,0.09,1500922786.0,0,UNLIKELY,False,,825b0943ce69b10d959a419eaed0cf894bb6cd685b3eee1fe40f9a3726b910d4,1
"1\Toshiba Files\Fucking Awesome, America.doc","Fucking Awesome, America.doc",.doc,document,45568,0.04,1369951812.0,0,UNLIKELY,False,,cf7c0d52be0a0e4d20afe951a70e1b56361736c3d8c432f053c9fa9421fe18d9,1
1\Toshiba Files\Fw 189A-2 night fighter.doc,Fw 189A-2 night fighter.doc,.doc,document,106496,0.1,1461632038.0,0,UNLIKELY,False,,e4faa421ff2552a30100082eef8d29b8778d18dae73bdd0a399a8b3cc4de4752,1
1\Toshiba Files\Gad  Bornstein Trump.doc,Gad  Bornstein Trump.doc,.doc,document,26624,0.03,1472650218.0,0,UNLIKELY,False,,9d4b093c5f47ad3965e27621e9014680ab2ede6e48c393c60a5ebf532788c33c,1
1\Toshiba Files\galaxydiner.doc,galaxydiner.doc,.doc,document,41984,0.04,1335196892.0,0,UNLIKELY,False,,84bbca2189b01f302106d599d59dc9781746cf66e21a0b13cf7dc8d7b627505b,1
1\Toshiba Files\GAYLAN 82415.doc,GAYLAN 82415.doc,.doc,document,1480192,1.41,1440462896.0,0,UNLIKELY,False,,14a5aa53baf41b28f0801e58d84f13af6c7ee0dde0af86e1dcdf9efb8928de73,1
1\Toshiba Files\Gene & Marilyn Sink 6 May 13.doc,Gene & Marilyn Sink 6 May 13.doc,.doc,document,46080,0.04,1367786174.0,0,UNLIKELY,False,,463e42650b22cc523b031e5db9f6ba617b90014f75d94c172254203eff9eb1fd,1
"1\Toshiba Files\General election upcoming, lower the flag.doc","General election upcoming, lower the flag.doc",.doc,document,43008,0.04,1343242846.0,0,UNLIKELY,False,,fc971ae0f8e5ee02a78a5301b7bd80933e0a8d3a78f7d26cb7d751e978d0a68a,1
"1\Toshiba Files\George Bush and his president, Doctor Dick Death.doc","George Bush and his president, Doctor Dick Death.doc",.doc,document,56832,0.05,1449584676.0,0,UNLIKELY,False,,63ed3ceef2ac3402c729556c7c290c662efa10a871b56e6249ccc6592536f6f7,1
1\Toshiba Files\GERMAN GRIPPY.doc,GERMAN GRIPPY.doc,.doc,document,45568,0.04,1366409140.0,0,UNLIKELY,False,,3b0374e8cdfe52a03ee541982488bbc9379d2af69c900639aa240c8fdf571508,1
1\Toshiba Files\Get a life Griffin.doc,Get a life Griffin.doc,.doc,document,28160,0.03,1496537034.0,0,UNLIKELY,False,,5d3c9ebec5a24c523de84faeb5de69cb5d08d3faea6a00ce859b303ef5e748b0,1
1\Toshiba Files\Get this insanity to the Supreme Court fast.doc,Get this insanity to the Supreme Court fast.doc,.doc,document,58368,0.06,1427409392.0,0,UNLIKELY,False,,e464bdcf42fa696b42089e50f2e6e08e43b3fc6911fb86e533f372b39ed28a93,1
1\Toshiba Files\Ghastly.doc,Ghastly.doc,.doc,document,26624,0.03,1497835722.0,0,UNLIKELY,False,,e8b96a5c3ef24c6a38027cbd97d683bb221c0b8674037e567f292d69b35f357b,1
1\Toshiba Files\Give us a break.doc,Give us a break.doc,.doc,document,39936,0.04,1348535796.0,0,UNLIKELY,False,,44729ae1a0ed608eddd6f112b55722c4f56edec1e4eb08c8fe5b0532d50e6c71,1
1\Toshiba Files\Glove Terms--Glossary.doc,Glove Terms--Glossary.doc,.doc,document,160256,0.15,1300743206.0,0,UNLIKELY,False,,52166cae69faa88fbe3968d89b140d0d61e3b6cfcfa1199de950d4ef4ec295a0,1
1\Toshiba Files\GLOVES_more glossary.doc,GLOVES_more glossary.doc,.doc,document,48640,0.05,1300744622.0,0,UNLIKELY,False,,947f6feb2fcd206e8cc6bcd7789979cd408c317b56a8b73b31a22f43b98cea66,1
1\Toshiba Files\Gloves_US sizing chart.doc,Gloves_US sizing chart.doc,.doc,document,102912,0.1,1300742090.0,0,UNLIKELY,False,,8b108be52426993e0ebe4aab8fe66f751f3d419f85c50d2b179665f98190eed1,1
1\Toshiba Files\God spare me the Heart to fight them.doc,God spare me the Heart to fight them.doc,.doc,document,63488,0.06,1441993948.0,0,UNLIKELY,False,,4d2b5ec569520308a876f0e92a7a68780bd3e3bf615ad8a63679c3ebc0102c02,1
1\Toshiba Files\Goldman Sachs and its wicked.doc,Goldman Sachs and its wicked.doc,.doc,document,43520,0.04,1372966716.0,0,UNLIKELY,False,,cd515c16038b188411999d9ae1fedc54eb821ccba5b10979ff3e9584fcb842db,1
1\Toshiba Files\Goldman Sucks and Lloyd Blankfein love pimping paper for these rip.doc,Goldman Sucks and Lloyd Blankfein love pimping paper for these rip.doc,.doc,document,56832,0.05,1429215520.0,0,UNLIKELY,False,,33ac94cddf461995fe2a927bd33d7d25cfbaa0796781d663f1a560ed530e5a2c,1
"1\Toshiba Files\Good gawd, the man is straight.doc","Good gawd, the man is straight.doc",.doc,document,44544,0.04,1356664866.0,0,UNLIKELY,False,,2954d0f82c908fdaefd67e3bc3fd2e2f1150eec7989f5f46c24374d68ddb321f,1
1\Toshiba Files\Good gawd.doc,Good gawd.doc,.doc,document,39424,0.04,1348115222.0,0,UNLIKELY,False,,c9e01d07c71902dd81938e6dc21c33dae85574661b4321b48f583c64b7939847,1
1\Toshiba Files\Good on ya.doc,Good on ya.doc,.doc,document,44544,0.04,1359490930.0,0,UNLIKELY,False,,f43fc14bfd0ffd3009dcfd8f6a6ba121beb539c0b06310a159e5b1d2f03f37c9,1
1\Toshiba Files\GOPERS get trashier by the minute.doc,GOPERS get trashier by the minute.doc,.doc,document,26624,0.03,1468934616.0,0,UNLIKELY,False,,5e53cacde71eef9f96a08bff80d5ceb7c67fcdc43281b72329a217e3f30fc53b,1
1\Toshiba Files\Gosh.doc,Gosh.doc,.doc,document,43008,0.04,1347912890.0,0,UNLIKELY,False,,87a77cc1b8ec5005f5f243b21ec523d051571eb3501e45a5620803740d780c02,1
1\Toshiba Files\Greatest democracy in the world.doc,Greatest democracy in the world.doc,.doc,document,44544,0.04,1358042432.0,0,UNLIKELY,False,,cc8c86ebeec7e16ae769275616f86915fea4f236c44306b324a6327252ee9b0e,1
1\Toshiba Files\Grocery shopping for my usual three weeks this afternoon.doc,Grocery shopping for my usual three weeks this afternoon.doc,.doc,document,64512,0.06,1420932260.0,0,UNLIKELY,False,,13c6ed85602128b508a57a5157403c2cb7ff39cf1df4d337e5455db42432ab08,1
1\Toshiba Files\GRUB DOMINIONS MS. + QUERY.doc,GRUB DOMINIONS MS. + QUERY.doc,.doc,document,1052672,1.0,1430139414.0,0,UNLIKELY,False,,363bc3c2524b1271566a84842a73ca941e40096c870438c0bad07d2eee4ee4f1,1
1\Toshiba Files\GRUB DOMINIONS MS..doc,GRUB DOMINIONS MS..doc,.doc,document,1051136,1.0,1428791198.0,0,UNLIKELY,False,,852b56977583d58a80f5855ed42c5a7545568f5c629d7816425fbbef36c77173,1
1\Toshiba Files\GRUB DOMINIONS MS.doc,GRUB DOMINIONS MS.doc,.doc,document,1049088,1.0,1430601524.0,0,UNLIKELY,False,,0e1e102d4d3d45a3a5088e6d7e4e544eb6bd099810ae9a6b58d626e151715851,1
1\Toshiba Files\GRUB DOMINIONS QUERY Marini.doc,GRUB DOMINIONS QUERY Marini.doc,.doc,document,1051136,1.0,1428878608.0,0,UNLIKELY,False,,f3db9009210329319166257ffe00c2f11d68a7528f58d16285e93bd27071050d,1
1\Toshiba Files\GRUB DOMINIONS QUERY.doc,GRUB DOMINIONS QUERY.doc,.doc,document,160256,0.15,1431550568.0,0,UNLIKELY,False,,5511b8294592371e90aaa7e3655e1499163e8cc1d28c3530c0924b267198e2dd,1
1\Toshiba Files\GRUBS QUERY 51 PAGES.doc,GRUBS QUERY 51 PAGES.doc,.doc,document,203776,0.19,1428966394.0,0,UNLIKELY,False,,ac3d2a6f952209f7544650b4c4748722ca6cfe135513cc2242a42d99692d7be5,1
1\Toshiba Files\GUARDIAN CLEAR.doc,GUARDIAN CLEAR.doc,.doc,document,39424,0.04,1484191858.0,0,UNLIKELY,False,,69884f97c8ca7bd814645241d40e7c40521b86e8200a224140304c389f9c9bb3,1
1\Toshiba Files\Gulf War Women.doc,Gulf War Women.doc,.doc,document,47616,0.05,1368648742.0,0,UNLIKELY,False,,8f163cb853037485aaa065fb2febac063a133341bf35786bbe9c25bd1d8b4d37,1
1\Toshiba Files\HAIR LOSS FOR MEN.doc,HAIR LOSS FOR MEN.doc,.doc,document,39936,0.04,1341888328.0,0,UNLIKELY,False,,dba81179bf758e014019d8459a16782c153921a7562e80f43482734185d78bc4,1
1\Toshiba Files\Has anyone else noticed that conservatives can.doc,Has anyone else noticed that conservatives can.doc,.doc,document,44544,0.04,1356216848.0,0,UNLIKELY,False,,ac80a026e47eff841dfb86f60367f94169bcda2131fdbc891275f6ec8f335a4a,1
1\Toshiba Files\Have a look at the antediluvian Shaun Winkler from Idaho.doc,Have a look at the antediluvian Shaun Winkler from Idaho.doc,.doc,document,42496,0.04,1359766076.0,0,UNLIKELY,False,,18701432ff9788006e409e4d7cdfb52bf4405971740867f7131dd2e928d8a91f,1
1\Toshiba Files\Haven.doc,Haven.doc,.doc,document,26112,0.02,1483977924.0,0,UNLIKELY,False,,e375160be6eba071e8c75bbba702a0d15b1cb3b5359b1ee9b9866abafb42e0b0,1
1\Toshiba Files\Haven’t we had just about enough guff.doc,Haven’t we had just about enough guff.doc,.doc,document,26624,0.03,1495654434.0,0,UNLIKELY,False,,dc58d7bbc95d83ef194984e056f6bc9dd3f1857edde93c755c41519cdedf6095,1
1\Toshiba Files\Having lost three Navy uncles in WWII and after two tours in Vietnam.doc,Having lost three Navy uncles in WWII and after two tours in Vietnam.doc,.doc,document,56320,0.05,1432556250.0,0,UNLIKELY,False,,644abb198d237ee93193319940f763a5db6186137b5da8feab81c1344c753ee8,1
1\Toshiba Files\He should not have left the barn when he did.doc,He should not have left the barn when he did.doc,.doc,document,26624,0.03,1467758248.0,0,UNLIKELY,False,,8aa6902c9cef1fe55d34627335d118fbc2bc876d6b6297298e99dc63834295d1,1
1\Toshiba Files\He wanted to be president less.doc,He wanted to be president less.doc,.doc,document,45568,0.04,1356296682.0,0,UNLIKELY,False,,a83acbf816e6262f21da392be36e1c36fb561496d20eef39ce873c197d65840f,1
1\Toshiba Files\Her family are Lutherans.doc,Her family are Lutherans.doc,.doc,document,64512,0.06,1438473884.0,0,UNLIKELY,False,,44bf80d31b17dd9cdac84c132dce042111856689bf57b51d5eede5224de6796f,1
1\Toshiba Files\Here comes Ms Rice.doc,Here comes Ms Rice.doc,.doc,document,44032,0.04,1347344460.0,0,UNLIKELY,False,,dde07f414d92d76bdab383db9c73199d9675459a6549e8539275196114c573e4,1
1\Toshiba Files\Here we go with more Confederate wackaloons.doc,Here we go with more Confederate wackaloons.doc,.doc,document,66048,0.06,1442760346.0,0,UNLIKELY,False,,e31a3686c3e4f5cd565464598f07f6e20385a7e373816f5794eda53606eaade2,1
1\Toshiba Files\Here's a nifty HuffPo exchange.doc,Here's a nifty HuffPo exchange.doc,.doc,document,93184,0.09,1362780772.0,0,UNLIKELY,False,,260ca8dfe5d3fafb822ee1ee2196d86d0f05871cdc3ce65c254fade89fff8d3e,1
1\Toshiba Files\Here's a pleasant thought . . ..doc,Here's a pleasant thought . . ..doc,.doc,document,56832,0.05,1425479510.0,0,UNLIKELY,False,,6dd9d3e6527b13889472b87b8b9ae3c27a017c7fad3ed1243d49f3275effb620,1
1\Toshiba Files\Here's a treat.doc,Here's a treat.doc,.doc,document,59392,0.06,1429137396.0,0,UNLIKELY,False,,d72ba5024a4640ef68797c9b6910fc4f2dea87164688c074ecd4fd47427d5e72,1
1\Toshiba Files\Here's why trump will never win.doc,Here's why trump will never win.doc,.doc,document,27136,0.03,1457889932.0,0,UNLIKELY,False,,23cebbc46031128eeb35470aeb46b47efc085f776f003ac3df5ccd6a188aacab,1
1\Toshiba Files\HERR HEAT.doc,HERR HEAT.doc,.doc,document,859648,0.82,1445622782.0,0,UNLIKELY,False,,22b9e1838596a284784246028700d61658c7a838f0b17cabae219343b29cb6bd,1
"1\Toshiba Files\Hey, babe--Bryan.doc","Hey, babe--Bryan.doc",.doc,document,62464,0.06,1446335584.0,0,UNLIKELY,False,,926fc5a10c77ff0634aea880fcc9473ed3f68c49f424f18e7f2f5f322749a96e,1
"1\Toshiba Files\Hey, Chris . . ..doc","Hey, Chris . . ..doc",.doc,document,49664,0.05,1366312916.0,0,UNLIKELY,False,,ff4f3a12b533d5775e97adcf11848a2a50cc32863dcb6b6506a4ab9112d71ca2,1
1\Toshiba Files\HIGHWAYMAN SABRE.jpg.doc,HIGHWAYMAN SABRE.jpg.doc,.doc,document,39424,0.04,1448655686.0,0,UNLIKELY,False,,d0a12432aec7fb54bcfd2ac88d2b110a53c2232573b9eb8b0f7c3369a76964c7,1
1\Toshiba Files\Hilda Solis.doc,Hilda Solis.doc,.doc,document,39424,0.04,1340438044.0,0,UNLIKELY,False,,2d2e901f9f42789e07bdac01216f7d4583d1540d7bfbfe942e68bf816983081c,1
"1\Toshiba Files\Hillary's startled, bug-eyed.doc","Hillary's startled, bug-eyed.doc",.doc,document,64512,0.06,1442278692.0,0,UNLIKELY,False,,ab046f4b3631c6ba6738b06bc8d650afd67b89589196b8ce1e562b69f99acc56,1
1\Toshiba Files\Hindu Kush 5.doc,Hindu Kush 5.doc,.doc,document,121344,0.12,1348300708.0,0,UNLIKELY,False,,4ef1ab903ae22e961b4be276eb3ce5bab136de7c477114393d3c6381282cf291,1
1\Toshiba Files\Hindu Kush 6.doc,Hindu Kush 6.doc,.doc,document,49664,0.05,1348300886.0,0,UNLIKELY,False,,acb45965e20aa3e6af92274c7b172a3ed14c2db5d1f993e61e1fe2f306be3327,1
1\Toshiba Files\History of Acadiana.doc,History of Acadiana.doc,.doc,document,47616,0.05,1347649118.0,0,UNLIKELY,False,,1d67534e08b8fd5f1076433e91e6557ae993a8473643af6978117f3ddf48c0fc,1
1\Toshiba Files\Hitchens & History.doc,Hitchens & History.doc,.doc,document,46080,0.04,1372219102.0,0,UNLIKELY,False,,e40dd904057ad4e374be6b5c7a59f685afe01a36c4392df8b78504d8bdb13c6f,1
1\Toshiba Files\HOCKOMOCK BIT ALONE.doc,HOCKOMOCK BIT ALONE.doc,.doc,document,70656,0.07,1420380010.0,0,UNLIKELY,False,,ecfd9971dbf0f18f2d4c5d735ad54af3a2501431e309db351a80d892b6242d52,1
1\Toshiba Files\HOCKOMOCK.doc,HOCKOMOCK.doc,.doc,document,55808,0.05,1394132950.0,0,UNLIKELY,False,,8a36382b05cb95209ab6306af3ef0b334711d73250a89ebf33acf4ded7158c08,1
1\Toshiba Files\HOLLOW MEN 2.doc,HOLLOW MEN 2.doc,.doc,document,45568,0.04,1348704144.0,0,UNLIKELY,False,,80d2e60b1809d4b50499e5b2744319d540ff92c9c26d3e4331eea620cc1e8d53,1
1\Toshiba Files\HOLLOW MEN.doc,HOLLOW MEN.doc,.doc,document,48128,0.05,1348703110.0,0,UNLIKELY,False,,c9b1529fe959ad2f92d2a07d8ad94496b1bdb3c1733f01df848bc99a62df0ad1,1
1\Toshiba Files\Hooterville Redux..doc,Hooterville Redux..doc,.doc,document,43520,0.04,1342033074.0,0,UNLIKELY,False,,0110d61dd1f9dc04aca30cea1eaed7f6cb6f264020abb33021d0cdab72b82e47,1
1\Toshiba Files\Hoover.doc,Hoover.doc,.doc,document,43520,0.04,1354585794.0,0,UNLIKELY,False,,839c577c20daed8bdbedc384771f855858e6e103ec4eed0c563c4a4d36d79721,1
1\Toshiba Files\Hopefully olympic demise.doc,Hopefully olympic demise.doc,.doc,document,26624,0.03,1471522354.0,0,UNLIKELY,False,,cb3b73f6b2f04263a3a65617e95414b110b6fe4cfe3ffa9f59c6e9d1e167cc2c,1
1\Toshiba Files\How about twenty centuries of bigotry.doc,How about twenty centuries of bigotry.doc,.doc,document,41984,0.04,1364519320.0,0,UNLIKELY,False,,67fe3391e27d2542c3c42e6a14f75f508125d637594096ed5624c34410b257bf,1
1\Toshiba Files\How come the popey flies Alitalia.doc,How come the popey flies Alitalia.doc,.doc,document,65024,0.06,1443031258.0,0,UNLIKELY,False,,fce7e5186aa74a1dd16c25d58b8938363a19ed2f31d91ce9f32b0f429d353d9d,1
1\Toshiba Files\How far down the well must a person be to contemplate the vast effrontery of running for public office.doc,How far down the well must a person be to contemplate the vast effrontery of running for public office.doc,.doc,document,49152,0.05,1373070472.0,0,UNLIKELY,False,,d57b471b422dbb4400c52001608459e49e04fd3c57599c9a6ee92be9ff6aed00,1
1\Toshiba Files\How grotty is this  Paladino.doc,How grotty is this  Paladino.doc,.doc,document,22016,0.02,1482541856.0,0,UNLIKELY,False,,da7734ed3b70179f3fd10d61789f8621012b0bfca508180e53cf77ed342382fa,1
1\Toshiba Files\How long before a pig like Limbaugh is told to sit down.doc,How long before a pig like Limbaugh is told to sit down.doc,.doc,document,37376,0.04,1330985240.0,0,UNLIKELY,False,,d8d52dc26177a265ae0cd439a79329aa00048681a5f5a3e5728d1de6eb21d8bf,1
1\Toshiba Files\HOW MANY TIMES WAS I KILLED.doc,HOW MANY TIMES WAS I KILLED.doc,.doc,document,44544,0.04,1351224196.0,0,UNLIKELY,False,,184e2bfff96069a6b4a9c2919f897def4b716693f25b305869b6048b31c56fc5,1
1\Toshiba Files\How much longer must we share the planet with barbaric religionist killers.doc,How much longer must we share the planet with barbaric religionist killers.doc,.doc,document,27648,0.03,1479843202.0,0,UNLIKELY,False,,200466f5c2768e9850384199e1bc2eec1b197284f2c20f7be67e3f518838bfdf,1
1\Toshiba Files\How To Fake An Economic Recovery.doc,How To Fake An Economic Recovery.doc,.doc,document,58368,0.06,1297933158.0,0,UNLIKELY,False,,8cce671450afc5f42ad0d7709d4eec0f0e90e83960aaf7891c94f5bdb3965b00,1
1\Toshiba Files\HOW TO WRITE AN AFFI.doc,HOW TO WRITE AN AFFI.doc,.doc,document,63488,0.06,1406399652.0,0,UNLIKELY,False,,5f608bbb269cbbe7e20b56686b221465587cd107639bce1ef08941a6311ad665,1
1\Toshiba Files\Howler Huelskamp from Kansas.doc,Howler Huelskamp from Kansas.doc,.doc,document,59904,0.06,1426108232.0,0,UNLIKELY,False,,3c0b9379218903f09f707d684e61f4af657c562cad015701d00e81c6830e7e65,1
1\Toshiba Files\http.doc,http.doc,.doc,document,39424,0.04,1318307068.0,0,UNLIKELY,False,,b5dafd72cf915802c2952c08b59f77e216ad7b8970fb218d85bb167032390c91,1
1\Toshiba Files\http1.doc,http1.doc,.doc,document,40960,0.04,1328339770.0,0,UNLIKELY,False,,8fb640392a25046d283dd84e8f198f60087cca48c0075ecb03cef4a705945eb1,1
1\Toshiba Files\https.doc,https.doc,.doc,document,26112,0.02,1450823590.0,0,UNLIKELY,False,,df56bbc17f4eff3c8fa191e6291a63994cdf5e25801dcf18f0e2229ca84ac4cd,1
1\Toshiba Files\HUBRIS.doc,HUBRIS.doc,.doc,document,41984,0.04,1339868168.0,0,UNLIKELY,False,,cc984c6fa61df5187c4174cbcaa1c6b84d44413b0d118016c202b0920551f354,1
1\Toshiba Files\HUFF PO KIDS.doc,HUFF PO KIDS.doc,.doc,document,64512,0.06,1340919018.0,0,UNLIKELY,False,,ae3e6430bf2fc9bb75c4275f8e348a654e051df77fc36ddaa0e30255688be80d,1
1\Toshiba Files\Huff Po Live is not simply amateur hour.doc,Huff Po Live is not simply amateur hour.doc,.doc,document,44544,0.04,1349139732.0,0,UNLIKELY,False,,69520c474647ba6547c7ba5b38a13ff090cf2cbeaeddff52e2491c53d93c54c1,1
1\Toshiba Files\HUFFPO STEPHEN.doc,HUFFPO STEPHEN.doc,.doc,document,47104,0.04,1359766620.0,0,UNLIKELY,False,,941aab37cc6cb80c73ad6c233d3775a4f6a2a79da74254338fd8f5dfc7888b3c,1
1\Toshiba Files\huffpo1956faubus.doc,huffpo1956faubus.doc,.doc,document,45568,0.04,1368489050.0,0,UNLIKELY,False,,d8aeb8844a399692530ab9ec6854b176e6cd0c0339fc856781d53176c622cb64,1
1\Toshiba Files\HuffPostComments HuffPostComments.doc,HuffPostComments HuffPostComments.doc,.doc,document,89600,0.09,1359852762.0,0,UNLIKELY,False,,fbb8b5759b1984e03787bbf692927917553946bccc4eb660fb87858d4b93e0d4,1
1\Toshiba Files\I am chagrined that our stalwart Republican brothers have proved so mightily inept at governing.doc,I am chagrined that our stalwart Republican brothers have proved so mightily inept at governing.doc,.doc,document,43520,0.04,1342393360.0,0,UNLIKELY,False,,d9bc3da5b6cf69894e27dcd4b263a1f5c8dbf06e0eda57f71b69cddd8645cf1d,1
1\Toshiba Files\I am not a theist.doc,I am not a theist.doc,.doc,document,54272,0.05,1423782422.0,0,UNLIKELY,False,,e939bd7071a72518ed1c8de3a69997f54a3b21920f43bd08da493407d403610c,1
1\Toshiba Files\I am perfectly mounted within the scope of humanity.doc,I am perfectly mounted within the scope of humanity.doc,.doc,document,46080,0.04,1369440812.0,0,UNLIKELY,False,,ee6408019e9f8ab4b351aa1139dda5f4661de48bc91598044c3f799c7562dae3,1
1\Toshiba Files\I cannot use my air conditioner in this filthy dump.doc,I cannot use my air conditioner in this filthy dump.doc,.doc,document,60928,0.06,1432709712.0,0,UNLIKELY,False,,a67160bdff517ebc3cbae1ae5f677ac04f2f7bba4c3f2bf13896a48609ffe05b,1
1\Toshiba Files\I dislike Whole Foods intensely.doc,I dislike Whole Foods intensely.doc,.doc,document,45056,0.04,1358405960.0,0,UNLIKELY,False,,363c5d2d94903647203758863769a41114ddbd1cfc057a401166149337a310c8,1
1\Toshiba Files\I don't know about you.doc,I don't know about you.doc,.doc,document,36864,0.04,1342750968.0,0,UNLIKELY,False,,5f7cfaf9f433d2008ddc2784ce5fd1dc3822396b47460f23a8eb7235c6efc415,1
1\Toshiba Files\I don't know.doc,I don't know.doc,.doc,document,45568,0.04,1335228594.0,0,UNLIKELY,False,,5c108d13f78785cd6e1d12943b84725f958c2f3cf202ee2117ebbd31e3305a69,1
1\Toshiba Files\I had few expectations when I signed on to this account (2).doc,I had few expectations when I signed on to this account (2).doc,.doc,document,42496,0.04,1331842278.0,0,UNLIKELY,False,,3c17762f6caa743b633080bcf2416eaaeadb7fc1604f6ba0a8390948073f1591,1
1\Toshiba Files\I have had the great treat in my life of working for five years at MIT.doc,I have had the great treat in my life of working for five years at MIT.doc,.doc,document,58880,0.06,1423779562.0,0,UNLIKELY,False,,638a2b1d62de26d70541c0ba46b293117d8c984464ebe437e8cf1aa7af767ee4,1
1\Toshiba Files\I have loved you all my life.doc,I have loved you all my life.doc,.doc,document,43520,0.04,1350263468.0,0,UNLIKELY,False,,4cc01f04ecf3f92e0c59022b20de41aa97ac07d082c7b906c228c2f7a4d5335d,1
1\Toshiba Files\I have no axe to grind.doc,I have no axe to grind.doc,.doc,document,61440,0.06,1431734442.0,0,UNLIKELY,False,,6524cc2438624918024a11716107d566e642939d3563d334dc2eecab28e87554,1
1\Toshiba Files\I haven't owned a TeeWee for twenty-five years. I don't know.doc,I haven't owned a TeeWee for twenty-five years. I don't know.doc,.doc,document,59904,0.06,1432329858.0,0,UNLIKELY,False,,10d6973afd91c25258836159c0b68034b7ccbf992cce04773d09dae6f471359f,1
1\Toshiba Files\I intentionally insult the American majority that cravenly stares at over six hours of.doc,I intentionally insult the American majority that cravenly stares at over six hours of.doc,.doc,document,68096,0.06,1472404902.0,0,UNLIKELY,False,,114044960700591a70d8109b61ce1f4ec2fd85df10f11b76bfc9d10703c58ecb,1
1\Toshiba Files\I leant upon a coppice gate.doc,I leant upon a coppice gate.doc,.doc,document,46592,0.04,1370080284.0,0,UNLIKELY,False,,b5a2ab8ef930d9c317816e8e633391126151cbd0aa39553b421007ecb2d94596,1
1\Toshiba Files\I lost my house and land.doc,I lost my house and land.doc,.doc,document,51712,0.05,1404683840.0,0,UNLIKELY,False,,377bd5ede08366d382dada37046092c34e5b1c2e208141932a5ecf28c99b2476,1
1\Toshiba Files\I love Telegraph recipes.doc,I love Telegraph recipes.doc,.doc,document,311808,0.3,1438178254.0,0,UNLIKELY,False,,4a02f68164b2bc13a59bbfa075e6f7837d102e6ff81c0aafe9b90d0684cc714e,1
1\Toshiba Files\I met Scott Nearing for the first time in 1962 when as a college kid I stumbled into a Middlebury College colloquium on something like.doc,I met Scott Nearing for the first time in 1962 when as a college kid I stumbled into a Middlebury College colloquium on something like.doc,.doc,document,41984,0.04,1364317098.0,0,UNLIKELY,False,,c0f97a8083dc7a0e8d0a2cb1760e64cfbe5b11661940b6772dc4032130a8a7de,1
1\Toshiba Files\I neber live so good after I met you.doc,I neber live so good after I met you.doc,.doc,document,22016,0.02,1483240960.0,0,UNLIKELY,False,,0d93e80ad7a4d3e4a3841be95d53379a345b7bed25c7c2ce67c2fe166751b2c1,1
1\Toshiba Files\I need your help tomorrow afternoon.doc,I need your help tomorrow afternoon.doc,.doc,document,44544,0.04,1369623648.0,0,UNLIKELY,False,,0c52b26149c7ae412efba8c9e51594d691e86eaca28c988327476f2c081d789e,1
1\Toshiba Files\I trust that we all know the two lounge lizards.doc,I trust that we all know the two lounge lizards.doc,.doc,document,46080,0.04,1364502584.0,0,UNLIKELY,False,,a7c493dd16213de57799edc2fcce1d6562fc43804aeda28ded09f815513508c1,1
1\Toshiba Files\I write everything by hand.doc,I write everything by hand.doc,.doc,document,158720,0.15,1347414950.0,0,UNLIKELY,False,,cd0700bea222324ecbbbf69ece230cf33a1650a96d1199bc48421aae5057a0bb,1
1\Toshiba Files\I'll make it simple for you.doc,I'll make it simple for you.doc,.doc,document,26624,0.03,1453420872.0,0,UNLIKELY,False,,e7b8a09c02ea5763e4e5db421be751a7c4b6125f14e9b01c621829bba529c9c2,1
1\Toshiba Files\I've always thought responding to religious.doc,I've always thought responding to religious.doc,.doc,document,41472,0.04,1423262950.0,0,UNLIKELY,False,,7a884216b448dbea86e8072866759f017fa3f9221d5a864c72a6066c95c5c827,1
1\Toshiba Files\I've got IT!.doc,I've got IT!.doc,.doc,document,62464,0.06,1435791072.0,0,UNLIKELY,False,,61a716386ee5fbd6473fdf7cf4ba538aa46a2d0c0e3b51e647c353ee0aef831f,1
1\Toshiba Files\I've watched Bill O'reilly for years.doc,I've watched Bill O'reilly for years.doc,.doc,document,56320,0.05,1424541234.0,0,UNLIKELY,False,,3376cafe6b09a474ea6fdf261ee849b63d9c5659f23312560175b2832379095c,1
1\Toshiba Files\I.doc,I.doc,.doc,document,46592,0.04,1364355034.0,0,UNLIKELY,False,,23a91d4378619eb8b4ff1f232b445803258ebd6e52854b593003e5d25f636524,1
1\Toshiba Files\I1.doc,I1.doc,.doc,document,43008,0.04,1369892392.0,0,UNLIKELY,False,,fb25b7210d4192cc69c064c92dbc98f0783c1558fd379dd18b61dc564ff300ed,1
1\Toshiba Files\I2.doc,I2.doc,.doc,document,42496,0.04,1372044552.0,0,UNLIKELY,False,,1797e5964d2e71b9eeb24081d37e96d9119579ba91d5273a5ec2ef9e20bacf90,1
1\Toshiba Files\I3.doc,I3.doc,.doc,document,55808,0.05,1419013636.0,0,UNLIKELY,False,,9548a2422b5d72d96953bb77a841c60443620e7d8dbb37e13056d56cae33c501,1
1\Toshiba Files\I4.doc,I4.doc,.doc,document,59392,0.06,1424534158.0,0,UNLIKELY,False,,c2cd4f96c2aa69249b829cc0af4ec6ac360d1fe9a6b2cd74de85b5f317f5f5e0,1
1\Toshiba Files\I5.doc,I5.doc,.doc,document,62464,0.06,1435790112.0,0,UNLIKELY,False,,9bf9df098ae7b9ef989bb4da111c9b349159b53886385499e9e9f849021d2144,1
1\Toshiba Files\Ichabod Cotton is precisely the reason Teahadis should be ridiculed and hooted from the stage.doc,Ichabod Cotton is precisely the reason Teahadis should be ridiculed and hooted from the stage.doc,.doc,document,58368,0.06,1428615776.0,0,UNLIKELY,False,,1cd1bc4dddf857a8f3923814e6ee401c66249d30a82f85e513d7c21050b87145,1
1\Toshiba Files\ID.doc,ID.doc,.doc,document,30720,0.03,1277429646.0,0,UNLIKELY,False,,609899c792592c8bd5d346f92432a60fa633c2d43c51581c76640e26277f0d84,1
1\Toshiba Files\If a kid wearing a helmet with taped-on dynamite sticks.doc,If a kid wearing a helmet with taped-on dynamite sticks.doc,.doc,document,15360,0.01,1492287288.0,0,UNLIKELY,False,,25f6a9135e11642a4d8c64493b25725d41a1ddaec51b5613190dbe16ae18cd77,1
1\Toshiba Files\If it melee diner.doc,If it melee diner.doc,.doc,document,60928,0.06,1447210416.0,0,UNLIKELY,False,,14075f4bccf4dd1738b109840c8cbbe41fccb3cd7ca766730665efd20caf0108,1
"1\Toshiba Files\If it's not your body, then it's not your choice and not your business..doc","If it's not your body, then it's not your choice and not your business..doc",.doc,document,58880,0.06,1429454508.0,0,UNLIKELY,False,,ca0584329ae84033f2d724c1ba67ab16f97c3ae4e9d2156c5cb9dfaf4da8e4f0,1
1\Toshiba Files\If physical parts of each of us remain after we do not.doc,If physical parts of each of us remain after we do not.doc,.doc,document,46080,0.04,1364944634.0,0,UNLIKELY,False,,f47b3d842fe669b3a3dbfd6d2d359f7012b84c13f88015c2b93b027c38a34733,1
1\Toshiba Files\If the graphics on the fuselage do not.doc,If the graphics on the fuselage do not.doc,.doc,document,55296,0.05,1420075042.0,0,UNLIKELY,False,,83da38c7bdbd76700e968443c3572a7d871efeaf600738ad3e4e88c1b0e4d383,1
1\Toshiba Files\If the only tool you have is a hammer.doc,If the only tool you have is a hammer.doc,.doc,document,38912,0.04,1275161240.0,0,UNLIKELY,False,,ab552aed82455b1ed3408f614c4d3edc5b1389688a4f54749c1082c82faa878b,1
1\Toshiba Files\If you actually believe America is the blessed hope of the world.doc,If you actually believe America is the blessed hope of the world.doc,.doc,document,26624,0.03,1461436512.0,0,UNLIKELY,False,,0e3073c45ce37afc7f01221d2185fc35ec716e2ab67d65349104ae0e44a4e450,1
1\Toshiba Files\If you don adventists.doc,If you don adventists.doc,.doc,document,64512,0.06,1442977520.0,0,UNLIKELY,False,,caf411bff0c6bae2c1b7b76dde810cdddabc6fbd3141eb4770dc40fd295c854d,1
1\Toshiba Files\If you're getting pounded . . ..doc,If you're getting pounded . . ..doc,.doc,document,42496,0.04,1342733350.0,0,UNLIKELY,False,,ab64befc4f4e26b78ed71734d70dfe8c8fa90bf0350f17fb46fcefc1622bfd4e,1
1\Toshiba Files\If you.doc,If you.doc,.doc,document,42496,0.04,1342733294.0,0,UNLIKELY,False,,87ee3786f8ad3faf0104a0deb16497982e10363fd672bf36416249639929f546,1
1\Toshiba Files\Ignorance and religious nuttery are grim infestations of slovenly minds.doc,Ignorance and religious nuttery are grim infestations of slovenly minds.doc,.doc,document,56320,0.05,1420903858.0,0,UNLIKELY,False,,7ae092098fcfcc12771589520cc9dc30068c55152584b6eea67ef656d91d77de,1
1\Toshiba Files\Ignorant Pastor Martin.doc,Ignorant Pastor Martin.doc,.doc,document,64512,0.06,1441313504.0,0,UNLIKELY,False,,5585abec71935a2be2a265c71fb102fe5bb08e8375bb85a339cec0596035848a,1
1\Toshiba Files\IKEA.doc,IKEA.doc,.doc,document,47616,0.05,1361688280.0,0,UNLIKELY,False,,41d0667bd7a5e613d39991e8e7e624fd4f956b3fb97e98d23b9a3e92ef69627a,1
1\Toshiba Files\Il Trumpe makes it up as he goes along.doc,Il Trumpe makes it up as he goes along.doc,.doc,document,29184,0.03,1469228782.0,0,UNLIKELY,False,,ca0286e5f8e2bbdb4b5e314620cb8601d903e405444e409cfb82cbbb9b0fb760,1
1\Toshiba Files\In their attempts to legitimize their cowardice and wrong.doc,In their attempts to legitimize their cowardice and wrong.doc,.doc,document,55808,0.05,1474490190.0,0,UNLIKELY,False,,4b26598b073400db7ec060f07e316c7d655cbbdd28d680e826c64f16262f9134,1
1\Toshiba Files\Inappropriate.doc,Inappropriate.doc,.doc,document,64000,0.06,1439504104.0,0,UNLIKELY,False,,cd61f83daaca0af8033651d32a8a445ae04ce26bb0b20196192fa9fa8cc94fe1,1
1\Toshiba Files\INCONVENIENT TRUTHS.doc,INCONVENIENT TRUTHS.doc,.doc,document,65024,0.06,1446407890.0,0,UNLIKELY,False,,c25b748f034478d984299a2edf047d086a9f64fae82178460ebffac792f64d8b,1
1\Toshiba Files\Ingredients  creme brulee.doc,Ingredients  creme brulee.doc,.doc,document,65024,0.06,1445463634.0,0,UNLIKELY,False,,9661ac72818c8e22641f1128dc2c6c4161b1ee1e8b638cd7aa572491ce188c99,1
1\Toshiba Files\Intellectual Dwarfs.doc,Intellectual Dwarfs.doc,.doc,document,34816,0.03,1339350100.0,0,UNLIKELY,False,,a6c1a4487e9606c7171e59992852931be7e0daaa8575de50dc1fb7cbfff74a90,1
1\Toshiba Files\Interesting that wondrously imbecilic Americans think they have the world by the ass.doc,Interesting that wondrously imbecilic Americans think they have the world by the ass.doc,.doc,document,58880,0.06,1423790350.0,0,UNLIKELY,False,,a90ce48e2442d7002ee6055c53e06e85e1e3f4d8eed310c6538eb27a12846897,1
"1\Toshiba Files\Interesting, isn’t it, that Americans don’t know their country is broke.doc","Interesting, isn’t it, that Americans don’t know their country is broke.doc",.doc,document,27648,0.03,1478523218.0,0,UNLIKELY,False,,e764d6b4003ce4797994523a0a22bc9b89aebaf14412b86310766aeb134858bc,1
1\Toshiba Files\international_holidays.doc,international_holidays.doc,.doc,document,183154,0.17,1323733322.0,0,UNLIKELY,False,,718023896cf9a1ad48a2f4c7a7b34243c936bf660006185c53f5440a8e63418a,1
1\Toshiba Files\Intolerant agnosticism.doc,Intolerant agnosticism.doc,.doc,document,44032,0.04,1357487816.0,0,UNLIKELY,False,,d758dcd428847a4a988a5c3f49ce9ae1ea4df54377b234de0bd2cb628ffe549f,1
1\Toshiba Files\Invasion Doesn't Turn Up the Heat.doc,Invasion Doesn't Turn Up the Heat.doc,.doc,document,43008,0.04,1335031694.0,0,UNLIKELY,False,,55de9cc0c897dc7142f0dc6a06e9c55459fb919cff9df66e48ef904cf46788b2,1
1\Toshiba Files\Iowa--.doc,Iowa--.doc,.doc,document,40960,0.04,1340440256.0,0,UNLIKELY,False,,f2b9f95502ed004e2dab29d656123f10fd8f465f7a9c41e00515ec3f021c1a2c,1
1\Toshiba Files\Irene never quite regained her balance once Max left her alone.doc,Irene never quite regained her balance once Max left her alone.doc,.doc,document,55808,0.05,1430500840.0,0,UNLIKELY,False,,2e94e912bb4ec64f45225a1f50016eda3e84527e48185002e24e3c8726cb1ebf,1
1\Toshiba Files\Irene's truck.doc,Irene's truck.doc,.doc,document,1035264,0.99,1430499880.0,0,UNLIKELY,False,,145d89b977a180e1cf4388b2af46686d6cb3c5fe5cb5a7d03580466a447ca392,1
1\Toshiba Files\Iridium Lounge.doc,Iridium Lounge.doc,.doc,document,57344,0.05,1309660846.0,0,UNLIKELY,False,,4ea2c3268345aa003a7b7ac3d7e01c6d143cdea3b7ed8c50bc904c71efa3b15e,1
1\Toshiba Files\Is there even a slight chance American clusternuts might ever release their intemperate childish fears.doc,Is there even a slight chance American clusternuts might ever release their intemperate childish fears.doc,.doc,document,60928,0.06,1433188060.0,0,UNLIKELY,False,,34098c1c47f44a7f25996058b4aee54e372abd04df7495026122a7b49d7c8a46,1
1\Toshiba Files\It is not gun control.doc,It is not gun control.doc,.doc,document,45568,0.04,1361991704.0,0,UNLIKELY,False,,38069f77f194f38bd48244d04c496086bf9c3ceb9c6d6eabfc74ceae7596a4e8,1
1\Toshiba Files\It isn't Newtown.doc,It isn't Newtown.doc,.doc,document,42496,0.04,1356052308.0,0,UNLIKELY,False,,4635040ae63e01a306f319e01d2456ced0de4a4e5370c3f502331153ff4f042e,1
1\Toshiba Files\It's no accident such defectives have been on TeeWee for ten years..doc,It's no accident such defectives have been on TeeWee for ten years..doc,.doc,document,61440,0.06,1432854280.0,0,UNLIKELY,False,,cc79b31b47286691cc4b8d3cd97a698c0f0cb653ae136fadc15654f911bc52d8,1
"1\Toshiba Files\It's not Whitey's fault, you dumb shits.doc","It's not Whitey's fault, you dumb shits.doc",.doc,document,37888,0.04,1329100656.0,0,UNLIKELY,False,,d7e86dbe2ffb9611726727be95d8d36587811161808e2a1fb6ae0f6170b05ca4,1
1\Toshiba Files\It's safe to say.doc,It's safe to say.doc,.doc,document,45568,0.04,1360795762.0,0,UNLIKELY,False,,65d3ab31c8213e99bab2265b41f601cb28720021e76e59a8b7d48168290cf177,1
"1\Toshiba Files\It’s not racial, not political.doc","It’s not racial, not political.doc",.doc,document,57344,0.05,1434717836.0,0,UNLIKELY,False,,2998423768c8acf8455fdf3c8029804ea1d30aad8af219ca759857482c0e59a4,1
1\Toshiba Files\It’s SOP in our American nightmare..doc,It’s SOP in our American nightmare..doc,.doc,document,28672,0.03,1468020658.0,0,UNLIKELY,False,,b38247b323e59f50968d2c9ac7790ec36f633d14e6bd4d28b130a41f8bf2f30a,1
1\Toshiba Files\IVAN MONEV DAMYANOV.doc,IVAN MONEV DAMYANOV.doc,.doc,document,44544,0.04,1358452882.0,0,UNLIKELY,False,,3c126f4849ee17746c1345cd72b40f42e00d4aa0a02f2e83ff15b6ff2a23512d,1
"1\Toshiba Files\I’m at 76M words—237 pp.—I dearly love this thing. For relaxation, I skate back through it for italics. I type so badly that indicating.doc","I’m at 76M words—237 pp.—I dearly love this thing. For relaxation, I skate back through it for italics. I type so badly that indicating.doc",.doc,document,22528,0.02,1460157356.0,0,UNLIKELY,False,,9f8a1302fb5b2ab88e86b6ea6bd24371af7f6756d03c13ffdf6e3f80a70d067c,1
1\Toshiba Files\I’m incarcerated with panicky.doc,I’m incarcerated with panicky.doc,.doc,document,46592,0.04,1356531526.0,0,UNLIKELY,False,,234c24dea24921ef3df82affce65537aa80feda49a392d09e4225950e643ec6a,1
1\Toshiba Files\I’ve never paid much attention to American urban.doc,I’ve never paid much attention to American urban.doc,.doc,document,48128,0.05,1373854666.0,0,UNLIKELY,False,,279b36f75a49603b3bc6bb34320abac8f36475ae5e09cd4320221e000a3b3aa1,1
1\Toshiba Files\JAIL Lloyd and his slimy pals.doc,JAIL Lloyd and his slimy pals.doc,.doc,document,43520,0.04,1353906176.0,0,UNLIKELY,False,,61f8fa0e94f39f8cef05bfbb9d966ab1f4007115040b22ce829410c2d334a559,1
1\Toshiba Files\Jazz Age Slang.doc,Jazz Age Slang.doc,.doc,document,40448,0.04,1491079712.0,0,UNLIKELY,False,,4f626759e8a4abd2075aa7006d41ef7a2d8409503ebd92449d6c2b8d5a8699f7,1
1\Toshiba Files\Jeanne Spivey MURDOCK.doc,Jeanne Spivey MURDOCK.doc,.doc,document,62976,0.06,1434196856.0,0,UNLIKELY,False,,c50290136f094249513a8850fc4b624abcf0e4f7d028515a333eb178894116f1,1
1\Toshiba Files\jefferson & liberty.doc,jefferson & liberty.doc,.doc,document,41984,0.04,1336623666.0,0,UNLIKELY,False,,516c10c61417ee17b6fca771aadc3a224dc9eab4726805a37068663fa3eff7e2,1
1\Toshiba Files\Jessie 9.1.15.doc,Jessie 9.1.15.doc,.doc,document,60416,0.06,1441212332.0,0,UNLIKELY,False,,7ae89c2677d1a0c08d1b2089af853204ec7cf28047e14a0f263342232f8991b9,1
1\Toshiba Files\jill kelley.doc,jill kelley.doc,.doc,document,47104,0.04,1353193134.0,0,UNLIKELY,False,,e36c9a2d26760eea29ff6e391e43ee6459278bbd1e96afb204bbedaefd67c6c6,1
1\Toshiba Files\Jodi Reamer  agents.doc,Jodi Reamer  agents.doc,.doc,document,54784,0.05,1427577750.0,0,UNLIKELY,False,,51c526e34056a77bf6341962cce7986c271d148b665de9981994504c86ccaf74,1
1\Toshiba Files\Joe.doc,Joe.doc,.doc,document,23552,0.02,1477358352.0,0,UNLIKELY,False,,5f0a5cae6b5bf2f8a426abddfdb158f541530c2ec999ef9cda4cb98772ee5e78,1
1\Toshiba Files\John Dryden.doc,John Dryden.doc,.doc,document,43008,0.04,1369782316.0,0,UNLIKELY,False,,6d79d2a2405880384c4aa4e45c47faadc949ab2d8a32af7b57f73ec4819f0b4d,1
1\Toshiba Files\John Unger & Shoep in Lake Superior.doc,John Unger & Shoep in Lake Superior.doc,.doc,document,74240,0.07,1344566938.0,0,UNLIKELY,False,,6d14c8f9f2b5e4eb68d5781544da3af753f80428df0ae05c76b1f21c3d77353a,1
1\Toshiba Files\JUICY FRUIT 4 15.doc,JUICY FRUIT 4 15.doc,.doc,document,260608,0.25,1428094130.0,0,UNLIKELY,False,,55735838ab0603d56e4b790598771e3f5048dffb9f868a55176672c49c94d952,1
1\Toshiba Files\JUICY FRUIT 4.15.doc,JUICY FRUIT 4.15.doc,.doc,document,260608,0.25,1428092650.0,0,UNLIKELY,False,,838556f910fba1ed6e339230a77cf459a8ba1589fbeaf5148b9d1ebf8380b2fa,1
1\Toshiba Files\Juicy Fruit.doc,Juicy Fruit.doc,.doc,document,44544,0.04,1347452176.0,0,UNLIKELY,False,,13da2a610869cbd54681f68226f3eb962e06e6773e8cc024d591dfee41db2df1,1
1\Toshiba Files\Just another bone.doc,Just another bone.doc,.doc,document,30720,0.03,1467389900.0,0,UNLIKELY,False,,762e611d5a43fe7f6dff6ff3b6df4e77c44af8520fc4697955d8a9797bbe38f9,1
1\Toshiba Files\Just look at these drones.doc,Just look at these drones.doc,.doc,document,57856,0.06,1424632278.0,0,UNLIKELY,False,,58215abec8aa1c14cffb0815da2f101f62a9760f1be445ee91b870348a8fb54f,1
1\Toshiba Files\Just look at this creature.doc,Just look at this creature.doc,.doc,document,59904,0.06,1428705242.0,0,UNLIKELY,False,,cbb7014f72abb05e00d3c1f08676ab3426dee14cb9f998d52f0150c00b34ca04,1
1\Toshiba Files\Just one more brain-addled Mainiac.doc,Just one more brain-addled Mainiac.doc,.doc,document,60928,0.06,1432992810.0,0,UNLIKELY,False,,5713d3a2dfa301f342f21616f173a8451154cf62fa4a4b2132b392e88f9990bb,1
1\Toshiba Files\Just so that we.doc,Just so that we.doc,.doc,document,27136,0.03,1453314476.0,0,UNLIKELY,False,,e668b36b85165aefdd0b40f6fec850c3a10b45e6bf00cd18dbbf2ae254003637,1
1\Toshiba Files\Just to finish this beastly day when the unctuous smarm congratulates itself on its gleaming perpicacities.doc,Just to finish this beastly day when the unctuous smarm congratulates itself on its gleaming perpicacities.doc,.doc,document,58368,0.06,1428273600.0,0,UNLIKELY,False,,2201bd17c00c5e7965543227e14f0d163446506798db92cd25f1fe8ba6237408,1
1\Toshiba Files\Kelly & Religious Freedom.doc,Kelly & Religious Freedom.doc,.doc,document,43520,0.04,1343851152.0,0,UNLIKELY,False,,bc2bd4d9fecee474b8d7d763a8364ff7eb310bcd2c0ebf8942e60b1cce6c87fb,1
1\Toshiba Files\Kelly is a repellent bottom.doc,Kelly is a repellent bottom.doc,.doc,document,43008,0.04,1374104000.0,0,UNLIKELY,False,,fc19afa15c632af86f2332eba1f01cf38d4d793fc88c047fa65c9025bc9d4eb8,1
1\Toshiba Files\KEURIG'S.doc,KEURIG'S.doc,.doc,document,43520,0.04,1340060024.0,0,UNLIKELY,False,,c91d541e92410a701528cabb2543d7a53aaba62f4880a498a3826c33b29e5271,1
1\Toshiba Files\KILLER COPS.doc,KILLER COPS.doc,.doc,document,58880,0.06,1429741968.0,0,UNLIKELY,False,,006f461041c146a15b4a130f2640deb715802c9d76a3c604b648280caf39d1f2,1
1\Toshiba Files\Kissinger is a war criminal who avoids arrest and trial by never travelling outside the States.doc,Kissinger is a war criminal who avoids arrest and trial by never travelling outside the States.doc,.doc,document,56320,0.05,1423081320.0,0,UNLIKELY,False,,3fe02440ef2285beb8ca025bea1a61ec9a6cca0a41acbfed6ff1f5a3142d1b57,1
1\Toshiba Files\Lady Warren is a beam of sunshine into the fetid Wall Street sewer where robber.doc,Lady Warren is a beam of sunshine into the fetid Wall Street sewer where robber.doc,.doc,document,45568,0.04,1362692930.0,0,UNLIKELY,False,,a8c1a9cf5c7bfd75d4183ed2939957031a7c6bdcf24e5da0c1f833ba9175d454,1
1\Toshiba Files\Lakeside Coffee.doc,Lakeside Coffee.doc,.doc,document,300544,0.29,1308790156.0,0,UNLIKELY,False,,8261d1134e179559de5b8ffaf51afddd96a1194f40b977442b52e105ed167b9d,1
1\Toshiba Files\Lands sake.doc,Lands sake.doc,.doc,document,65024,0.06,1438991494.0,0,UNLIKELY,False,,69457b8d0367f14e3d2c6a19a489e3c929edb0e2822dde4d1f661f40e9f14e5f,1
1\Toshiba Files\Latest heavyweights to support the call for a.doc,Latest heavyweights to support the call for a.doc,.doc,document,46592,0.04,1368494864.0,0,UNLIKELY,False,,a2c42b541f79ac824c5f996a65238cc0d45c6733b3fd80d470e907736af1a453,1
1\Toshiba Files\Laurie Sue  Bizet Pearl Fishers duet Maastricht.doc,Laurie Sue  Bizet Pearl Fishers duet Maastricht.doc,.doc,document,29184,0.03,1486429070.0,0,UNLIKELY,False,,195d4a265ff360e9f9b1485ce5a2080fc1519e313930d4d4cefbdbf375db64bf,1
1\Toshiba Files\Laurie Sue 82215.doc,Laurie Sue 82215.doc,.doc,document,65024,0.06,1440422968.0,0,UNLIKELY,False,,141494b06f79c083411a19ac063844502ca6ac043d3c249802c7dab006c77556,1
1\Toshiba Files\Laurie Sue after Christmas.doc,Laurie Sue after Christmas.doc,.doc,document,26624,0.03,1451171824.0,0,UNLIKELY,False,,d9be8c7dfe06c8f4399a2c52df13f8ccd18b9dd3fde7f31818b3f26266f12f70,1
1\Toshiba Files\Laurie Sue9.23.15.doc,Laurie Sue9.23.15.doc,.doc,document,163840,0.16,1443020242.0,0,UNLIKELY,False,,36de8a06aedb5dc2c733e53ff4264dae0a5b410c614f6734bb4eb99dd4569d59,1
1\Toshiba Files\LEFT WEB SITES.doc,LEFT WEB SITES.doc,.doc,document,22528,0.02,1482639094.0,0,UNLIKELY,False,,d3c26ca2b8959a28338fdd8f76791dfe9ed3589817b64173b8a9f3167b9337dc,1
1\Toshiba Files\Legend of Evangeline.doc,Legend of Evangeline.doc,.doc,document,554496,0.53,1347682174.0,0,UNLIKELY,False,,e571764bf8b3a7cf9a5665625dad5042f71575eaa1ee6a01231d6b2419a1478e,1
1\Toshiba Files\Leigh Van Bryan and Emily Bunting were detained at LAX airport.doc,Leigh Van Bryan and Emily Bunting were detained at LAX airport.doc,.doc,document,99840,0.1,1328031276.0,0,UNLIKELY,False,,1d562bec88def59e127f4a6fe5839f121c514fc775b446a5a4de258ca8750dd3,1
1\Toshiba Files\Let ride boys.doc,Let ride boys.doc,.doc,document,43520,0.04,1349873474.0,0,UNLIKELY,False,,13e31dbd1650553a3d7767047939f6721d9b86991afc895520a4dd3a665ece39,1
1\Toshiba Files\Let's be mindful that Russia.doc,Let's be mindful that Russia.doc,.doc,document,45568,0.04,1365961924.0,0,UNLIKELY,False,,1df3790428a06ece59ff852b267c2f1437471b8992727b409b20a2a267fe0bcc,1
1\Toshiba Files\Let's try to get a grip.doc,Let's try to get a grip.doc,.doc,document,45056,0.04,1358188370.0,0,UNLIKELY,False,,65753da885008d03f8139de41ee8cb36c700aee180fe6cdbbc1d8cbe6c604f0e,1
1\Toshiba Files\LETTER TO LINDA LANGTON 15.3.2011.doc,LETTER TO LINDA LANGTON 15.3.2011.doc,.doc,document,40960,0.04,1304956794.0,0,UNLIKELY,False,,0dd7c81f308bbac405432d4e242dacf5f2cff57dcb77ce9b47d7610dad0b3952,1
1\Toshiba Files\LEWIS BLACK.doc,LEWIS BLACK.doc,.doc,document,58368,0.06,1428797702.0,0,UNLIKELY,False,,7671bf08410c9ba756b24ef3a632bae2408ccc5697be0ef1888cd8c339de6b76,1
1\Toshiba Files\LG Electronics 12.doc,LG Electronics 12.doc,.doc,document,59904,0.06,1369209014.0,0,UNLIKELY,False,,26c4b5271ed9703f4fe43c528beb307c031c7c26b605fdcdc11aec4b9901c83a,1
1\Toshiba Files\Li'l Georgie and his pissants never travel.doc,Li'l Georgie and his pissants never travel.doc,.doc,document,27648,0.03,1462064612.0,0,UNLIKELY,False,,8affcf488cea3b395cceb739db57bcc65d6c7a404b520a062065df9e99116eba,1
1\Toshiba Files\Li'l Zippy Jebby.doc,Li'l Zippy Jebby.doc,.doc,document,66048,0.06,1447709276.0,0,UNLIKELY,False,,fa9f25e9321fb8dc6a09c0b79feb36242c6159994dd45b16764bdb609f7e0546,1
1\Toshiba Files\Li.doc,Li.doc,.doc,document,22016,0.02,1483647386.0,0,UNLIKELY,False,,b5af9e9d1ac84360fe14a44bc3c7a6ae606e4551416a7b7cfdd098f38edefb52,1
1\Toshiba Files\LIGHT THE FUSE.doc,LIGHT THE FUSE.doc,.doc,document,59392,0.06,1428709728.0,0,UNLIKELY,False,,2eb9c7feb133796d3ee24170dc8ad2df48453b774f491721084cca8a602b72b0,1
"1\Toshiba Files\Limp, limp, limp scott in mongolia.doc","Limp, limp, limp scott in mongolia.doc",.doc,document,26112,0.02,1460160678.0,0,UNLIKELY,False,,cb4eb7d3a1e4d1a1ab1e20771e768279c4349af77c1569f52f23c2a502ae04bb,1
1\Toshiba Files\Lindsey Graham is such a dreamy little guy.doc,Lindsey Graham is such a dreamy little guy.doc,.doc,document,36864,0.04,1323640780.0,0,UNLIKELY,False,,309fca5250464ae4cbf41101a25fb20215202807cd302b9e5baebd3f196a70b0,1
1\Toshiba Files\LIST.doc,LIST.doc,.doc,document,55296,0.05,1333495442.0,0,UNLIKELY,False,,3068ca4e9b288a729feaf688202868dbf2c82381732981835a6b193fcf42cf1e,1
1\Toshiba Files\Listen to the hogs squeal now that they smell Chicago.doc,Listen to the hogs squeal now that they smell Chicago.doc,.doc,document,28160,0.03,1474401332.0,0,UNLIKELY,False,,e7263e3aa1fa6435d190725739e01241ecff8971a60c0c798a5afaad6e594193,1
1\Toshiba Files\Little Bobby Jindal needs help.doc,Little Bobby Jindal needs help.doc,.doc,document,37888,0.04,1314948958.0,0,UNLIKELY,False,,08b2d31736710d49c82f4c2c67cfafa44c7905a81999ed1c030025e8bbdc1d4e,1
1\Toshiba Files\Little frat-bot Rinsy Pubis.doc,Little frat-bot Rinsy Pubis.doc,.doc,document,26624,0.03,1479841718.0,0,UNLIKELY,False,,4eb8948522a4e5b7c8069969c76004e240fa6560eecae6a66db5cf7d23883129,1
1\Toshiba Files\Little Reincey Preeeebus.doc,Little Reincey Preeeebus.doc,.doc,document,65536,0.06,1446238966.0,0,UNLIKELY,False,,a1d04ea9aba24a108076992912c8a4ee26f22b435d9c276d590c465327aae65b,1
1\Toshiba Files\Little Timmy Geithner is a petulant child.doc,Little Timmy Geithner is a petulant child.doc,.doc,document,43008,0.04,1342731950.0,0,UNLIKELY,False,,f084d20af7230559729e91b1fc12ffe427389a0367f4343611c6fd9f33cd3034,1
1\Toshiba Files\Little Tommy Q.doc,Little Tommy Q.doc,.doc,document,57344,0.05,1426505646.0,0,UNLIKELY,False,,2cff647ff329395021b6f6b3498ede364ef895b4e2c34746b1053d9e6db92738,1
1\Toshiba Files\LOCK AND LOAD.doc,LOCK AND LOAD.doc,.doc,document,40448,0.04,1466517294.0,0,UNLIKELY,False,,4be2ea34a1fe461ce6bc996a832e628fb40da6c370be112c8a5205ec3b4eec76,1
1\Toshiba Files\LONG FORM  So long as we insist on local control of American schools.doc,LONG FORM  So long as we insist on local control of American schools.doc,.doc,document,50176,0.05,1368064984.0,0,UNLIKELY,False,,b69bd3e94933eaef12a04ddc611439581522d8b16f32afb89c773dddd8e5b341,1
1\Toshiba Files\LONGFELLOW EVANGELINE.doc,LONGFELLOW EVANGELINE.doc,.doc,document,165376,0.16,1347649850.0,0,UNLIKELY,False,,46874be26f7b7aff98b2f6405cf485da1f84a6af98a14a6b32a760a5b22c9afa,1
1\Toshiba Files\Lonnie Donegan.doc,Lonnie Donegan.doc,.doc,document,51712,0.05,1400862372.0,0,UNLIKELY,False,,9604e3052b2599f59d65506a44e5814539c52c6a5b49c9c4639bcc7216ce82b6,1
1\Toshiba Files\Look at this guy.doc,Look at this guy.doc,.doc,document,26624,0.03,1448815632.0,0,UNLIKELY,False,,3e6a87b0073b0e766998fcf36a15af6a32d3979ff40abc8aa1c28695cad69309,1
"1\Toshiba Files\Look, STARS it's very, very simple.doc","Look, STARS it's very, very simple.doc",.doc,document,28672,0.03,1485302880.0,0,UNLIKELY,False,,f2bb6f48aae0345fe615d3edfcfe0084739efca42fc312d7cd53e6c57ee365c2,1
1\Toshiba Files\Love the truck.doc,Love the truck.doc,.doc,document,60416,0.06,1431475010.0,0,UNLIKELY,False,,3024aa3d082e744decd18b78b84989ddbcf40961cfeb0e44f74fcd40d8d047e7,1
1\Toshiba Files\lovecraft.doc,lovecraft.doc,.doc,document,38912,0.04,1316839678.0,0,UNLIKELY,False,,e21dd84629f9ceac79b9f9053bdfb5bc7a0c7a6898fa245869e0f7e72772c089,1
1\Toshiba Files\Lowlife American cops are the most virulent threat to our weak democracy.doc,Lowlife American cops are the most virulent threat to our weak democracy.doc,.doc,document,28672,0.03,1452123988.0,0,UNLIKELY,False,,cc847750423b14820bc002a6e19b464345629f3a9e8f49089bafac9cd0779a62,1
1\Toshiba Files\Lumosity is a scam.doc,Lumosity is a scam.doc,.doc,document,57856,0.06,1425931232.0,0,UNLIKELY,False,,771f07c9dfd998550de73a1d53c7a841fd028006e33da2fef5217e83b6aefb60,1
1\Toshiba Files\Lysander bits.doc,Lysander bits.doc,.doc,document,679424,0.65,1347484048.0,0,UNLIKELY,False,,1a7e030e6bb0c2341d7b5a80b1ed0babd8f864e856e6b12297131a94a5dc1e55,1
1\Toshiba Files\LYSANDER text.doc,LYSANDER text.doc,.doc,document,63488,0.06,1430773986.0,0,UNLIKELY,False,,4216d350cac19a58e4c21e3572de17efd10bf264da6ce7ac4115f4d478e75d90,1
1\Toshiba Files\Maezeppa.doc,Maezeppa.doc,.doc,document,40448,0.04,1361211680.0,0,UNLIKELY,False,,eade1a9c5288fa3243167e91e66daa05d92ce83d186262313ef6a9f79755d4e7,1
1\Toshiba Files\MAIN MOONLIGHT AND MELONS.doc,MAIN MOONLIGHT AND MELONS.doc,.doc,document,1036800,0.99,1422397786.0,0,UNLIKELY,False,,8fd40d8994547055a5fd184bbb354a74eed381ff869e2235fc5988050577198e,1
1\Toshiba Files\MAIN MOONLIGHT START PAGE.doc,MAIN MOONLIGHT START PAGE.doc,.doc,document,410624,0.39,1421951440.0,0,UNLIKELY,False,,aea3cf3b4fa8d908a3b31dcc2ab19efc98d380c77fc6c670b9b78ba9214aa417,1
1\Toshiba Files\Mama was teacher at American School in Paris.doc,Mama was teacher at American School in Paris.doc,.doc,document,22016,0.02,1496893324.0,0,UNLIKELY,False,,d7181c95f6820218e294572c4ac2451363480740b98e47c6d6993e337bad5806,1
1\Toshiba Files\Man is the measure of all things.doc,Man is the measure of all things.doc,.doc,document,39936,0.04,1340437932.0,0,UNLIKELY,False,,fd8c1a1a4ea8a726ac55621ea4256b1e0ddbeb014096b768d46f3491662a1699,1
1\Toshiba Files\MANKOFF PING PONG.doc,MANKOFF PING PONG.doc,.doc,document,26112,0.02,1484707308.0,0,UNLIKELY,False,,836c6e8da425a01090d8bcbebca157e163bdf48b5b7d2bfbae47968475cdceb4,1
1\Toshiba Files\MAP YORKSHIRE DALES.doc,MAP YORKSHIRE DALES.doc,.doc,document,55296,0.05,1465507734.0,0,UNLIKELY,False,,9ce9e6dfa7b2610728f01fbd7adf0b97b4a917c2535a580d60012fc896c99fcb,1
1\Toshiba Files\MARATHON FALSE FLAG.doc,MARATHON FALSE FLAG.doc,.doc,document,2526720,2.41,1425669620.0,0,UNLIKELY,False,,354cd47b2a5d285c978199a6aae58e66feb7c183b0cc45b31235ece5696c892e,1
1\Toshiba Files\Margaret Talbot THE NEW YORKER 8.25.17.doc,Margaret Talbot THE NEW YORKER 8.25.17.doc,.doc,document,92160,0.09,1503774434.0,0,UNLIKELY,False,,a1749715f7626f978ead5d88a5459a04ed9aa7bb5cc03f9d0eb8a4f4edf59fce,1
1\Toshiba Files\MARRIAGE CERTIFICATE.doc,MARRIAGE CERTIFICATE.doc,.doc,document,61440,0.06,1431987504.0,0,UNLIKELY,False,,af20a0624c1496500f15079f49276dc42fb2fb2efcf42fc1bc1fae665c7c0cbe,1
1\Toshiba Files\Marv has a new hat.doc,Marv has a new hat.doc,.doc,document,47104,0.04,1369531074.0,0,UNLIKELY,False,,70c4bd9debf00db3ce8825130db4cef137b0318b6860b8dc74d7f5ec5d500e76,1
1\Toshiba Files\MATH Cauchy.doc,MATH Cauchy.doc,.doc,document,57856,0.06,1426358300.0,0,UNLIKELY,False,,6966142ffd8048b6bc765fbd6956a33cc8cdde0b0571139602a1b38bd7fb5374,1
1\Toshiba Files\MAX&WARBLERS.doc,MAX&WARBLERS.doc,.doc,document,100864,0.1,1441370168.0,0,UNLIKELY,False,,293306c55837a5d832a91a7a0ccede48dd41b372808232fa77a6a71ef9ac798a,1
1\Toshiba Files\McConnell.doc,McConnell.doc,.doc,document,45568,0.04,1365464742.0,0,UNLIKELY,False,,57e765e2f03b29a3258cb0f1421ff2a1c5df4b18a32e1b33e45fa8af3d3b3fd7,1
1\Toshiba Files\McCoy THE NATION.doc,McCoy THE NATION.doc,.doc,document,67584,0.06,1310778760.0,0,UNLIKELY,False,,0a1923b23137f0c934f13c766c1619944ca8a7c444486a9009170ad15c92b2e9,1
1\Toshiba Files\Media.doc,Media.doc,.doc,document,26624,0.03,1470686126.0,0,UNLIKELY,False,,2d99ca939c2e20753aa9e57b1e4201e6f59d119bf222ab29096c82f27aba694b,1
1\Toshiba Files\Memes for the dim.doc,Memes for the dim.doc,.doc,document,39424,0.04,1349481488.0,0,UNLIKELY,False,,ad312d2b555935dc9a3372035b2fe89b191dadbf0f1027a4a5957d8846629db3,1
1\Toshiba Files\Midnight Train to GeorgiaIndigo Girls.doc,Midnight Train to GeorgiaIndigo Girls.doc,.doc,document,51712,0.05,1400770084.0,0,UNLIKELY,False,,7eb59beaed50e288068d5751972ea78c4534b5dba6f162bd4d816b13c6b9efbf,1
1\Toshiba Files\Mike Rogers (R-Ala.) is a poster child for the maladroits.doc,Mike Rogers (R-Ala.) is a poster child for the maladroits.doc,.doc,document,46080,0.04,1367460326.0,0,UNLIKELY,False,,326acc23c77e4b0768fa464658022f715c16ca31c3488415c27128c4adc778ed,1
1\Toshiba Files\Mike Rogers.doc,Mike Rogers.doc,.doc,document,46080,0.04,1367459970.0,0,UNLIKELY,False,,d4cb7f9dfbf4fb2c848e2613f757e8ee1db3159e5c71f74ca4147fa50f89391f,1
1\Toshiba Files\Miserable sub.doc,Miserable sub.doc,.doc,document,62464,0.06,1437084112.0,0,UNLIKELY,False,,e3836b8f370a687bb62c1775cef5f36c088f58d77c1e82cead39cf9c832cc14c,1
1\Toshiba Files\Mississippi Teapublican governor Phil Bryant is ready to defund Mississippi.doc,Mississippi Teapublican governor Phil Bryant is ready to defund Mississippi.doc,.doc,document,42496,0.04,1335418292.0,0,UNLIKELY,False,,ee4d213f8bd03aab28d756401dae8ba3db26fc0d343a40f213abe26e4f81c624,1
1\Toshiba Files\MISSISSIPPI.doc,MISSISSIPPI.doc,.doc,document,36864,0.04,1462036562.0,0,UNLIKELY,False,,2d64a86d44fceeb3c75f41865cf3e02a7db5346cb77fbb0deb8d2353401d7c33,1
1\Toshiba Files\Mitch McConnell.doc,Mitch McConnell.doc,.doc,document,37376,0.04,1331772644.0,0,UNLIKELY,False,,2577efcfa363380777e55640c56fc64585fe1888bcac9a36849659980b30aee4,1
1\Toshiba Files\Mittwit is a sock puppet.doc,Mittwit is a sock puppet.doc,.doc,document,43520,0.04,1344303666.0,0,UNLIKELY,False,,fa158bc0d5ef87534fcd8dff6f6d665e31076d7155067b8cf40d195c4dc6578a,1
1\Toshiba Files\MOBSPEAK.doc,MOBSPEAK.doc,.doc,document,66048,0.06,1415649198.0,0,UNLIKELY,False,,1b2d98a3c9b7217d2d395b852bd2bfa32d6af8e9b675b8e70c83d6336f1a93cc,1
1\Toshiba Files\Modified stocks at Norwood in 1951.doc,Modified stocks at Norwood in 1951.doc,.doc,document,46080,0.04,1361662710.0,0,UNLIKELY,False,,d9ad739e340cba00566408f0e145bf8891ae810e600f09391620112d85d83257,1
1\Toshiba Files\MOON.doc,MOON.doc,.doc,document,208384,0.2,1436654684.0,0,UNLIKELY,False,,4b4ef6e264b76f2be29747c287be02a86e930300a68c1634959b17057a7dc032,1
1\Toshiba Files\MOONLIGHT QUERY.doc,MOONLIGHT QUERY.doc,.doc,document,58368,0.06,1422397656.0,0,UNLIKELY,False,,920b8a5295fe4591e20d66d108250cd5d2b9aa158495b790863c6b6799cbfc02,1
1\Toshiba Files\More damage to the Republican brand.doc,More damage to the Republican brand.doc,.doc,document,44032,0.04,1354743724.0,0,UNLIKELY,False,,e68b1fcbcb318ff457739f0932eb5506ee39f439de930811a9f12631db2e1d90,1
1\Toshiba Files\Moribund America will never survive.doc,Moribund America will never survive.doc,.doc,document,27648,0.03,1485527438.0,0,UNLIKELY,False,,f5e170600f62786161d5aa83bd941fcd9ab9ed6ed6b2d5c6d0795d07fde451be,1
1\Toshiba Files\Most Americans Don't Vote.doc,Most Americans Don't Vote.doc,.doc,document,64512,0.06,1440946086.0,0,UNLIKELY,False,,2b0a489fde422c51b609b99e488a581c2d58a5e851a908ec3d82d99d8a919e66,1
1\Toshiba Files\Most Americans ignore politics.doc,Most Americans ignore politics.doc,.doc,document,42496,0.04,1348532552.0,0,UNLIKELY,False,,fb2826e3541c346ae44ac9a4c63892ccf69d8c777b9c7c898b1e48b2d305e4ae,1
1\Toshiba Files\Most Americans wish to vote NONE OF THE ABOVE.doc,Most Americans wish to vote NONE OF THE ABOVE.doc,.doc,document,43008,0.04,1472572982.0,0,UNLIKELY,False,,222392c1ab7ebcfab61ad58c5dc797fc00a81b53a0863feb8ab4f54ca33dc1c1,1
1\Toshiba Files\Most of the posts on these forums are irrational.doc,Most of the posts on these forums are irrational.doc,.doc,document,58880,0.06,1427806786.0,0,UNLIKELY,False,,5bd815424e547ea646dde9a88d2bd00aded7534bfee43235959d97d18cb5152f,1
1\Toshiba Files\mount pisgah email.doc,mount pisgah email.doc,.doc,document,44032,0.04,1350864920.0,0,UNLIKELY,False,,3c8078a465bea152706283b75060c45d4df31646ef45d5a3cb15f36b2ed95919,1
1\Toshiba Files\Mountaintop.doc,Mountaintop.doc,.doc,document,39424,0.04,1319414608.0,0,UNLIKELY,False,,af0f09890fbee2706beae36cb52f59d843b411b8e0b46a62aecd6e49b2b7f078,1
1\Toshiba Files\MS  GRUB DOMINIONS  4.16.15.doc,MS  GRUB DOMINIONS  4.16.15.doc,.doc,document,815104,0.78,1429208442.0,0,UNLIKELY,False,,ff83da39c62e458384820c497d0baf76e79f24f3ace50b48b9b159d755d42bac,1
1\Toshiba Files\MS  GRUB DOMINIONS  4.20.15.doc,MS  GRUB DOMINIONS  4.20.15.doc,.doc,document,813568,0.78,1430070994.0,0,UNLIKELY,False,,2109271fb5e169cfb3919c83fb714c94eba86247c59166302f833a966cc29b92,1
"1\Toshiba Files\Mugwumps, Sort of . . ..doc","Mugwumps, Sort of . . ..doc",.doc,document,41984,0.04,1334025660.0,0,UNLIKELY,False,,1a9e72d48d0f74a08ca7839165af9fe307c079e8a0da86df5d6ee451c9099624,1
1\Toshiba Files\Must be terrorism.doc,Must be terrorism.doc,.doc,document,61440,0.06,1433260068.0,0,UNLIKELY,False,,af9fdba77fc30965699dddaa3235549fd0ba7adf6b5cbb7fb17300d816a63982,1
1\Toshiba Files\My best Thanksgivings were with you.doc,My best Thanksgivings were with you.doc,.doc,document,548352,0.52,1417036328.0,0,UNLIKELY,False,,5d372efab453742c8f56ede870aa5a635197f62318e8e020241ccd76bdb64491,1
1\Toshiba Files\My doing this should make the Huffington bit easier for you.doc,My doing this should make the Huffington bit easier for you.doc,.doc,document,173056,0.17,1339354946.0,0,UNLIKELY,False,,1c43466e77d907314fed9f9207fbfc2813b828021a790a584c62c193dece7414,1
1\Toshiba Files\MY HIGH-SCHOOL RIDE.doc,MY HIGH-SCHOOL RIDE.doc,.doc,document,210432,0.2,1426013748.0,0,UNLIKELY,False,,5b9a704b31da943f06e1764feb266e9b986dd257b942678e1859c034a8dd4e2c,1
1\Toshiba Files\My.doc,My.doc,.doc,document,1267200,1.21,1353454148.0,0,UNLIKELY,False,,e5cc7530993ef9498dcb59e274ee9ee0c0fa3fed5030e684141ac42b2edc683f,1
1\Toshiba Files\n the past few days JEBBIE.doc,n the past few days JEBBIE.doc,.doc,document,72704,0.07,1445299608.0,0,UNLIKELY,False,,45ff58f0708f3de287617ae77803535f747be31945de7215e13ff3eea5173202,1
1\Toshiba Files\NANCY 3.10.15.doc,NANCY 3.10.15.doc,.doc,document,53760,0.05,1426024000.0,0,UNLIKELY,False,,81202cd98dd9a14edfeb822381128eb02bda74f0a4c5b147ad83e7f66da9f21c,1
1\Toshiba Files\NANCY BIRTHDAY 2012.doc,NANCY BIRTHDAY 2012.doc,.doc,document,44544,0.04,1352922444.0,0,UNLIKELY,False,,3c97c0d230c02b09dce4ac6ed71b477dc80c3f9323e73de664bd93e5d3e7d353,1
1\Toshiba Files\NANCY EMAIL 1.25.15.doc,NANCY EMAIL 1.25.15.doc,.doc,document,59904,0.06,1422220294.0,0,UNLIKELY,False,,b4c3d85489c7e7dbcf75e346fc6428721dd290b345539c020414f43ca0590ebb,1
1\Toshiba Files\Nancy GRUB DOMINIONS.doc,Nancy GRUB DOMINIONS.doc,.doc,document,59392,0.06,1427923124.0,0,UNLIKELY,False,,880bdd73ba77e8fbdf997466ac4823b171f11509c6c7d2ea0cbe1068c17c91ae,1
1\Toshiba Files\Nancy I Matthews mailing address.doc,Nancy I Matthews mailing address.doc,.doc,document,51712,0.05,1405198998.0,0,UNLIKELY,False,,7eb6057ef15c0a5ba8ada7d80ce0523a34f65b0a6dfdee1842dfae95f04339ed,1
1\Toshiba Files\NANCY I.doc,NANCY I.doc,.doc,document,37376,0.04,1305256726.0,0,UNLIKELY,False,,efedc7d5e79ea8db73174bb940e4d378270ad0912133ef82173d399af173a7c7,1
1\Toshiba Files\NANCY PAGES 8.17.15.doc,NANCY PAGES 8.17.15.doc,.doc,document,80896,0.08,1439831936.0,0,UNLIKELY,False,,5796841df8ce6b2fbf26f658065c3660947a3c4a7f78db7e6ca71c3c9cbe6d55,1
1\Toshiba Files\NANCY STARLIGHT 2.22.15.doc,NANCY STARLIGHT 2.22.15.doc,.doc,document,232448,0.22,1424635886.0,0,UNLIKELY,False,,d3e86a2b945914afa987247f1b4c6ba3e14ab64570b3a979977680c2cd44e1e9,1
1\Toshiba Files\NANCY through about 260.doc,NANCY through about 260.doc,.doc,document,196608,0.19,1461020096.0,0,UNLIKELY,False,,3d919644c1a5030054023016cdf6fa7a7669450ebb23609275fba9a8fd437707,1
1\Toshiba Files\NANCY'S ADDRESS OHIO.doc,NANCY'S ADDRESS OHIO.doc,.doc,document,51712,0.05,1405620564.0,0,UNLIKELY,False,,ba35f39bde4be2166417e344c6e119d002b2d75a53ccf0c9a820c92d2490df23,1
1\Toshiba Files\NANCY'S PLAYLIST.doc,NANCY'S PLAYLIST.doc,.doc,document,51712,0.05,1400770126.0,0,UNLIKELY,False,,945cbdadb7189ce4a7eda9f12d35144bff01ca80e2950310a2ddc1e825942934,1
1\Toshiba Files\NANCY.doc,NANCY.doc,.doc,document,1135616,1.08,1458094832.0,0,UNLIKELY,False,,ecd10f476f3e9bf4f03522a3949a19ec258ed3681bb6f1dee915caec469249ea,1
1\Toshiba Files\National Assessment of Successful Progress.doc,National Assessment of Successful Progress.doc,.doc,document,44544,0.04,1347850338.0,0,UNLIKELY,False,,571ee1303e4e75966930a8875dac5d01dc880b02cf04156b5291eab8024091f4,1
1\Toshiba Files\National Gendarmerie.doc,National Gendarmerie.doc,.doc,document,618496,0.59,1361051746.0,0,UNLIKELY,False,,fa413a00f8da8edb0c057edd31c1e3a425d9700cc71dab371d8031697bc1ee68,1
1\Toshiba Files\NEDA FALL DRESSAGE FESTIVAL.doc,NEDA FALL DRESSAGE FESTIVAL.doc,.doc,document,55296,0.05,1416775886.0,0,UNLIKELY,False,,2771906e59cc3749c5f76efbefc606754beee09710e18ccc170af7b606f4e3f5,1
1\Toshiba Files\New Apostolic Reformation.doc,New Apostolic Reformation.doc,.doc,document,46592,0.04,1314140444.0,0,UNLIKELY,False,,641754382f1b6018ef26e2afb23c621db4b69f4a92f308084bcf14265fa0c512,1
1\Toshiba Files\NEW ENGLAND TALK.doc,NEW ENGLAND TALK.doc,.doc,document,73216,0.07,1433274824.0,0,UNLIKELY,False,,40cca3e3748b04d43bf2bce35ec320cbc357c025f3c907d9a124b3fc091706b0,1
1\Toshiba Files\New Red Rock Cafe was hosting a Rapper Karaoke Night.doc,New Red Rock Cafe was hosting a Rapper Karaoke Night.doc,.doc,document,39424,0.04,1340596490.0,0,UNLIKELY,False,,6eb20907181d99d159155d964104baeb1f9b802495e0746dd7a026c2c3025f9e,1
1\Toshiba Files\NFL refs should be on the field.doc,NFL refs should be on the field.doc,.doc,document,44032,0.04,1348554566.0,0,UNLIKELY,False,,6b8371acb48005234f785f949a301fffef9cb6c4146e2e272c0b4c65bd37bf58,1
1\Toshiba Files\NICHOLAS.doc,NICHOLAS.doc,.doc,document,96768,0.09,1491060030.0,0,UNLIKELY,False,,ede91241505ec02f72db6129eef50784c7baa38f0d96e41e214ea746c1a8c74a,1
1\Toshiba Files\Night Mail-Auden.doc,Night Mail-Auden.doc,.doc,document,45568,0.04,1348370564.0,0,UNLIKELY,False,,e007646e6d73b422b1d7b389b5184cff7bab17250a08cd230a7a8593f28cc134,1
1\Toshiba Files\NIH PAD.doc,NIH PAD.doc,.doc,document,115712,0.11,1356554124.0,0,UNLIKELY,False,,405cfe66e154763ee8a51d95e8c8a524fb53deca88ecc348e59cc0d0195b394a,1
1\Toshiba Files\No fire breathing socialists  dead indians homo-boobae.doc,No fire breathing socialists  dead indians homo-boobae.doc,.doc,document,23552,0.02,1491429262.0,0,UNLIKELY,False,,a9cacb2f2d98044560251609e1a9fcee5dd66af7b2ce484d61680582fdc84b05,1
1\Toshiba Files\No histamines can taste this good.doc,No histamines can taste this good.doc,.doc,document,37888,0.04,1303693384.0,0,UNLIKELY,False,,0072e22706c8d6ea64b0dde19d3f65747fcc654fa2b429c49cb3a176e0edfa93,1
1\Toshiba Files\No matter the state.doc,No matter the state.doc,.doc,document,42496,0.04,1372262264.0,0,UNLIKELY,False,,e455849a32dd6389b6bca61423ed145c1d40c87459ae6c7eac3e048c6953b1db,1
1\Toshiba Files\Nobody with a brain buys the American hokum that every uniform deserves a parade.doc,Nobody with a brain buys the American hokum that every uniform deserves a parade.doc,.doc,document,57344,0.05,1465156894.0,0,UNLIKELY,False,,739d3cb69e83d2e4141716886ac7f77486edba3bccfe8bafbab97acbd8d6d0bd,1
1\Toshiba Files\Nope drugs american bayer.doc,Nope drugs american bayer.doc,.doc,document,68096,0.06,1446936608.0,0,UNLIKELY,False,,161d30d8ad909e47b7291528e8a0856099395b744bebf5818edabdbf3f730074,1
1\Toshiba Files\NORSE NORTH SEA.doc,NORSE NORTH SEA.doc,.doc,document,80384,0.08,1447453166.0,0,UNLIKELY,False,,b5e1d9097edfd875411c48a0dfb7b91e1a2dbdc8fd9cdedde57a91f54bfbce5f,1
1\Toshiba Files\North of Atlanta by thirty miles or so.doc,North of Atlanta by thirty miles or so.doc,.doc,document,52224,0.05,1317791766.0,0,UNLIKELY,False,,8c200c2275536609d2be58e7e51b32267f721c656812bad8e3f2bc37a7fc6670,1
1\Toshiba Files\Not only do fo1.doc,Not only do fo1.doc,.doc,document,38400,0.04,1344647514.0,0,UNLIKELY,False,,a0abe9a2beffb2e120d3e6fa5b1ae42c83a234c8012b00fac81dfd42bb7714f7,1
1\Toshiba Files\Not only do for-profit colleges.doc,Not only do for-profit colleges.doc,.doc,document,45056,0.04,1358309150.0,0,UNLIKELY,False,,e621c4183cb84e0d1127ea8153d3f5a778b1f11e504dce43ed57f30fddca6a6d,1
1\Toshiba Files\Not only do for.doc,Not only do for.doc,.doc,document,39936,0.04,1358303480.0,0,UNLIKELY,False,,01e430fdcd8eca6382a8446484eddb8af375f67d934625b60c0744a8e27c6489,1
1\Toshiba Files\Not since the Hitlerian Derangement has the individual been so hunted.doc,Not since the Hitlerian Derangement has the individual been so hunted.doc,.doc,document,60416,0.06,1431292550.0,0,UNLIKELY,False,,ec7d2dd51a0f62d400cd461e9b2efeb74163c5c50e36ac8e188ad31f75494a97,1
1\Toshiba Files\Not the brightest porch light on the block.doc,Not the brightest porch light on the block.doc,.doc,document,59392,0.06,1429616006.0,0,UNLIKELY,False,,1502b41abf9d72fb520f3df16da5395fe2cdff34bf3e63ba11ca6dd4081723fb,1
1\Toshiba Files\Not to be entirely abrasive.doc,Not to be entirely abrasive.doc,.doc,document,67072,0.06,1447717350.0,0,UNLIKELY,False,,0829cefecadfb23dadb0eca55ddc93207011a4ce7b62e8605a42a63c727401e7,1
1\Toshiba Files\Note to Creepublicans.doc,Note to Creepublicans.doc,.doc,document,45056,0.04,1361593232.0,0,UNLIKELY,False,,1d9e705cc5cfbe7cae5cd8f13cc7837f7f8731ef62b81280555c8410b8b9f39a,1
1\Toshiba Files\Note to self.doc,Note to self.doc,.doc,document,39424,0.04,1318842766.0,0,UNLIKELY,False,,a97b18c5e9c8b3707e3b3ad732cccfd7067a5028f0fcb6ef3bddc8b4c681a8b2,1
1\Toshiba Files\NOTES TO REPUBLICANS.doc,NOTES TO REPUBLICANS.doc,.doc,document,48640,0.05,1366124148.0,0,UNLIKELY,False,,8d2f680647b5c8775209b0bf02faa4a1e06d904beecfc9e52f34c59982f51c37,1
1\Toshiba Files\Nothing a GOPER says is worth listening to.doc,Nothing a GOPER says is worth listening to.doc,.doc,document,61440,0.06,1431637292.0,0,UNLIKELY,False,,4c8d436f9494c61d0016443c414a8f9acf8a718cded55af3ae6a40ea70108bb1,1
"1\Toshiba Files\Now, wait a second.doc","Now, wait a second.doc",.doc,document,26112,0.02,1450307804.0,0,UNLIKELY,False,,66042c8b9b1b612fb7cab348d363f04a49341862d95b7a06d160739fa5931c3b,1
1\Toshiba Files\NRA SHARK.doc,NRA SHARK.doc,.doc,document,892416,0.85,1419022636.0,0,UNLIKELY,False,,3cc5f469b5ab2b2fb380fe41ba1ec43ba0f0bdc3a7491a527cdfc15b7f02291e,1
1\Toshiba Files\NYT 2 17 2003.doc,NYT 2 17 2003.doc,.doc,document,65024,0.06,1419537688.0,0,UNLIKELY,False,,288143a803a514fddb1ff4ea364a2a7b89c66f803a239423e5bb53e80497f9e3,1
1\Toshiba Files\Obama and the world.doc,Obama and the world.doc,.doc,document,42496,0.04,1339642880.0,0,UNLIKELY,False,,f7b4faa1ebcbbcbab5351646f0bbe8819ecbff62e459af5c19f3b946f6ba50d1,1
1\Toshiba Files\Obviously much bullied in school starting at about the first grade.doc,Obviously much bullied in school starting at about the first grade.doc,.doc,document,41472,0.04,1340441974.0,0,UNLIKELY,False,,460f7df761e50b6d530eb890e0dc1216d478ca7d6ac38314f6e53b51e661a81a,1
1\Toshiba Files\Of course Carlin was right.doc,Of course Carlin was right.doc,.doc,document,46592,0.04,1366828516.0,0,UNLIKELY,False,,e3357535bc3b8f47195b60f1d43405df6609aaed3d309ffc45caa9f3201d0d87,1
1\Toshiba Files\Of course Stumpists aren't vetted.doc,Of course Stumpists aren't vetted.doc,.doc,document,29696,0.03,1484959368.0,0,UNLIKELY,False,,b232b21831d1c77602ca04e009cfe275911294e9d57469ac9e806da5ea04a604,1
1\Toshiba Files\Of course the cops lied about Robert Stolarik.doc,Of course the cops lied about Robert Stolarik.doc,.doc,document,43520,0.04,1344363696.0,0,UNLIKELY,False,,3694581046ce3e9b25b54f691737aedaa003e4a0b5f1ccb2cd7ec3f1e86ce649,1
1\Toshiba Files\Of course there are no transcripts of board discussions.doc,Of course there are no transcripts of board discussions.doc,.doc,document,43520,0.04,1340770938.0,0,UNLIKELY,False,,6163c15bdc236be6e38938e421a84063ad5ff441ca93ae4b6c6f3e90a335a35b,1
"1\Toshiba Files\Oh, niiice fist.doc","Oh, niiice fist.doc",.doc,document,22016,0.02,1482778934.0,0,UNLIKELY,False,,c57ab6de8212b3bdbcab43d76bab9e00ed1d11c3dea32a48df3a644371882c14,1
"1\Toshiba Files\Okay, so now that we’ve discovered.doc","Okay, so now that we’ve discovered.doc",.doc,document,27648,0.03,1495402912.0,0,UNLIKELY,False,,17454748c6cf554967c9dfc440f4bf429bbaa9da61122288dde84724d02604fb,1
1\Toshiba Files\Okay.doc,Okay.doc,.doc,document,36864,0.04,1329008654.0,0,UNLIKELY,False,,017a96350796dfe455b4a4082cbed176acc95fb766e035cd97b17b8c964cd74e,1
1\Toshiba Files\Okay—so an excursion not to miss..doc,Okay—so an excursion not to miss..doc,.doc,document,28672,0.03,1498173398.0,0,UNLIKELY,False,,63919d4b0076753e8314ed6676579a3aec84cd9a41d258038ac4d3f96206d73c,1
1\Toshiba Files\OLIVE ANN BEECH AND MARY LYNN.doc,OLIVE ANN BEECH AND MARY LYNN.doc,.doc,document,84480,0.08,1440768810.0,0,UNLIKELY,False,,f3706b6d6adf4b52e648598cc29ad8e54fb02f0c1b411cea72b58e95ab43d1e6,1
1\Toshiba Files\ON MSNBC SHOWING A PHOTOGRAPH OF THE DEAD BLACK KID.doc,ON MSNBC SHOWING A PHOTOGRAPH OF THE DEAD BLACK KID.doc,.doc,document,46080,0.04,1373854016.0,0,UNLIKELY,False,,ae8e89eff26c1bbf309153a5462f908e58ce7166de961704e624eff0939b44de,1
1\Toshiba Files\Once again the Yaboes want to say much but cannot think well enough to even start explications and responses.doc,Once again the Yaboes want to say much but cannot think well enough to even start explications and responses.doc,.doc,document,37888,0.04,1334350134.0,0,UNLIKELY,False,,c03e188282db1e3eda6e062d4e4d5a76fff091c025e0ce822e41954050504e0f,1
1\Toshiba Files\Once his dog BoBo scratches up moldering human toes behind a derelict Massachusetts gas station.doc,Once his dog BoBo scratches up moldering human toes behind a derelict Massachusetts gas station.doc,.doc,document,60416,0.06,1429653484.0,0,UNLIKELY,False,,c0297fa0f8d6134a8312b7be02132c330163d3d11524adf2e6ead3238d58b18f,1
1\Toshiba Files\One hundred years ago today German.doc,One hundred years ago today German.doc,.doc,document,56832,0.05,1419542158.0,0,UNLIKELY,False,,f183eefd7ea41a5e3325f32256ed46fc7366545267e5d61f1acf61dcf01b4319,1
1\Toshiba Files\One more thing DiCaprio 2.doc,One more thing DiCaprio 2.doc,.doc,document,26624,0.03,1452473934.0,0,UNLIKELY,False,,808262d95a1fb87af348d6f3b62899c5cb9c4da3884b795b5c0e570cf4618467,1
1\Toshiba Files\One more thing DiCaprio.doc,One more thing DiCaprio.doc,.doc,document,26112,0.02,1452473620.0,0,UNLIKELY,False,,fb1f58437bb0cb248e41ef7b2d498d1a4d954ad9ac12a9cc70ae3c12c59f8758,1
1\Toshiba Files\One Night Only.doc,One Night Only.doc,.doc,document,45568,0.04,1367986718.0,0,UNLIKELY,False,,e82c52e0f03b3e94d1648aadbdaf0d2cf705404937610027db16274b32e9c029,1
1\Toshiba Files\One percent owns 53%--6.13.15.doc,One percent owns 53%--6.13.15.doc,.doc,document,60928,0.06,1434188822.0,0,UNLIKELY,False,,c64b71317c4a30af9f7da94f5dbd38f7bddd36e588e45f5758816c5480d56083,1
1\Toshiba Files\One percent owns 53.doc,One percent owns 53.doc,.doc,document,57344,0.05,1434190850.0,0,UNLIKELY,False,,b2320cab1a57c97428818c058ffa0c8734d670f7f2acdd2a92c19395945e9049,1
1\Toshiba Files\Only 18 states have average IQs above the median 100.doc,Only 18 states have average IQs above the median 100.doc,.doc,document,57344,0.05,1426177334.0,0,UNLIKELY,False,,4117cb4b0e330b73b4a44160d007a155bf828210e4e5748386a75c6577f1cc32,1
1\Toshiba Files\Only just returned from my monthly grocery haul.doc,Only just returned from my monthly grocery haul.doc,.doc,document,67584,0.06,1439509276.0,0,UNLIKELY,False,,589b7629f7c0090db6c06c7734a1612b60e3915bba5f34d642d7b501abd91ffa,1
1\Toshiba Files\Our America has a Right.doc,Our America has a Right.doc,.doc,document,47104,0.04,1351804178.0,0,UNLIKELY,False,,22cf86d4a212ba9c48332a73a50c411d79dbe31a28c67a877689a511f4ebae65,1
1\Toshiba Files\Our American Congress is a far.doc,Our American Congress is a far.doc,.doc,document,58880,0.06,1424988064.0,0,UNLIKELY,False,,2127ca3de25d251df2f96ca949fcd4ec07640d22e1ee8868cb987cdf157493bf,1
1\Toshiba Files\Our American political system is moribund.doc,Our American political system is moribund.doc,.doc,document,39936,0.04,1346190714.0,0,UNLIKELY,False,,3f055f2500935584941f687cf44ce9d08ca1f5f73666dc4b0a27040e76ad91c0,1
1\Toshiba Files\Our Constitutional protections do say any aardvark has a right.doc,Our Constitutional protections do say any aardvark has a right.doc,.doc,document,47616,0.05,1359851308.0,0,UNLIKELY,False,,45ec7f2e94fec497c0c4301870a37bd5f1ad2f7057047c6d98c2f25f3b40ab78,1
1\Toshiba Files\Our political system is dead in the water.doc,Our political system is dead in the water.doc,.doc,document,40960,0.04,1339039154.0,0,UNLIKELY,False,,f35a09908b54d7f69d030986e74067a39c56281d144395e217be010c0e791a93,1
1\Toshiba Files\Our president happens to be black.doc,Our president happens to be black.doc,.doc,document,57856,0.06,1426546154.0,0,UNLIKELY,False,,4abb87aa7563815596318454fb709974c126d4b6afa7a29328205eb908f86f56,1
1\Toshiba Files\Our serial sex Kaiser TicTac.doc,Our serial sex Kaiser TicTac.doc,.doc,document,27136,0.03,1490126932.0,0,UNLIKELY,False,,35fd4543527fc1e034915f22c00102ce52bf0c01e886185337332ae9f5d8aec2,1
1\Toshiba Files\Out on the hustings where the race has turned into a donnybrook of partisan mud.doc,Out on the hustings where the race has turned into a donnybrook of partisan mud.doc,.doc,document,26624,0.03,1452907494.0,0,UNLIKELY,False,,08ccf895cb607de8044e310ed14dd3c3d183e3fd228045416951dc08cb1b6c75,1
1\Toshiba Files\OXYMORON.doc,OXYMORON.doc,.doc,document,43008,0.04,1347845426.0,0,UNLIKELY,False,,30ed2e8603947f66813fdf74447c930c1e0036fcce34b59b6b182a1003897ddc,1
1\Toshiba Files\PAD clinical trials.doc,PAD clinical trials.doc,.doc,document,510976,0.49,1357330962.0,0,UNLIKELY,False,,046aa6a965388da49d1bad9de97d9df55457faaf99eaab0da21bd6d70bed4ef1,1
1\Toshiba Files\PAINE COMMON SENSE    December 23.doc,PAINE COMMON SENSE    December 23.doc,.doc,document,81920,0.08,1436138642.0,0,UNLIKELY,False,,e55bc6973dfa9a2dd87bb28a3a2f3ee988537d3f72614231e19e2aa67983011f,1
1\Toshiba Files\Paladino the drunk should be the very last bit of fly.doc,Paladino the drunk should be the very last bit of fly.doc,.doc,document,26624,0.03,1482881464.0,0,UNLIKELY,False,,d988da218e8dc79fe49f4f06115ed03742f9480c77ac488c4a8b28df5e2c92c8,1
1\Toshiba Files\Patient-centered health care.doc,Patient-centered health care.doc,.doc,document,45568,0.04,1362946566.0,0,UNLIKELY,False,,42dd29986b1000230981441a13522a5a9106c8362489eea0881e9fdf1e271944,1
1\Toshiba Files\Paunchy political drabs fail to realize the jig.doc,Paunchy political drabs fail to realize the jig.doc,.doc,document,46592,0.04,1370852396.0,0,UNLIKELY,False,,4257df7da82b7e01f4d008ac23180801a370c3e030fb5ed0a505e20c1506c40c,1
1\Toshiba Files\PEARL CASES.doc,PEARL CASES.doc,.doc,document,46080,0.04,1348974868.0,0,UNLIKELY,False,,38510d2095e089fd5711d735ef0776da08629ac4695997d3a71b13291c9ddc7e,1
1\Toshiba Files\Penicillin is poison..doc,Penicillin is poison..doc,.doc,document,26624,0.03,1458397924.0,0,UNLIKELY,False,,f9fff29682ad71fb313f482fb127ac507b933b296ba73b9ebddfd8f371f4a85f,1
1\Toshiba Files\Peoples Trust 11.1.2010.doc,Peoples Trust 11.1.2010.doc,.doc,document,29696,0.03,1289497086.0,0,UNLIKELY,False,,1a8796d8a41b20619f22172dc8b3054af13d7695e9226fb1a7619f2b8e07b7e4,1
1\Toshiba Files\Peoples.doc,Peoples.doc,.doc,document,59392,0.06,1349171396.0,0,UNLIKELY,False,,ae36b3554afa8620b7996d06f45b69093bb3a6135cbb2df61c07b6c2a5b85494,1
1\Toshiba Files\Perfect Life.doc,Perfect Life.doc,.doc,document,1030656,0.98,1275280422.0,0,UNLIKELY,False,,e5ea51465745c5b50e69a8aacb3f94893e20e49c29e2914ba13e3a5b059c7730,1
1\Toshiba Files\Pershing 72.doc,Pershing 72.doc,.doc,document,46080,0.04,1370162898.0,0,UNLIKELY,False,,fcd6f615dc65f5a8058dedb5377daf92fe8e55d0d9e46ec336e5a2583b289185,1
1\Toshiba Files\PETRO MAP FINAL.doc,PETRO MAP FINAL.doc,.doc,document,44544,0.04,1332618998.0,0,UNLIKELY,False,,62d6c0180bcd508512428dd91df05e39b24b642de1852469806b11ca80a9875d,1
1\Toshiba Files\PHOTOS OF THE NEW CONGRESS.doc,PHOTOS OF THE NEW CONGRESS.doc,.doc,document,41472,0.04,1361650858.0,0,UNLIKELY,False,,ee99f6cf080cb63759e60870b468ffd0214fe7e78db453da04bc7eb310e275bf,1
1\Toshiba Files\Pick any one of the Stans.doc,Pick any one of the Stans.doc,.doc,document,45568,0.04,1367598824.0,0,UNLIKELY,False,,d70f2d29509f2d1db02048ec58572a3f745523dc9de5794b2b37447ed23d6264,1
1\Toshiba Files\PINK SUNRISE.doc,PINK SUNRISE.doc,.doc,document,1336320,1.27,1296492194.0,0,UNLIKELY,False,,678aab85e6e97d5dfb35f65e131bae811630baa051c6fe9efbe9a0b59283bc69,1
1\Toshiba Files\Piriformis Syndrome Sciatica Runners.doc,Piriformis Syndrome Sciatica Runners.doc,.doc,document,41984,0.04,1354071046.0,0,UNLIKELY,False,,55a93b0ce04436e024933d554f2076b224b3efeda06959bd39d00db58545125d,1
1\Toshiba Files\PolitiFact for 2014.doc,PolitiFact for 2014.doc,.doc,document,55296,0.05,1420212846.0,0,UNLIKELY,False,,210369e1ac81b232c728a2d3a8b0eaf88927d6b4612cace366bd707c1fbf6314,1
1\Toshiba Files\Post Modern.doc,Post Modern.doc,.doc,document,896000,0.85,1429059392.0,0,UNLIKELY,False,,f058b7e746efdbaa6303ecc6bf98e4eb78a4cbb516ad7eef7055385423012ee8,1
1\Toshiba Files\Press your hip against an apple.doc,Press your hip against an apple.doc,.doc,document,62464,0.06,1461964546.0,0,UNLIKELY,False,,d0bb3dfc45d4dc61f93426bf9edc52c6d08a40211ad0134b0dafec1babc6a8ac,1
1\Toshiba Files\Pride Go.doc,Pride Go.doc,.doc,document,201216,0.19,1440002562.0,0,UNLIKELY,False,,ec8c5aad69de64e1d3933f397d1fe1ae7bba23f9f1f44251bd12381dd53a8b32,1
1\Toshiba Files\PSAP EMERGENCY COMMUNICATIONS DISPATCHER II.doc,PSAP EMERGENCY COMMUNICATIONS DISPATCHER II.doc,.doc,document,68608,0.07,1435699322.0,0,UNLIKELY,False,,d387494c39f2af975b896a80403bb29cd3319260075546f345956b149509a9ad,1
1\Toshiba Files\Pure goatshit.doc,Pure goatshit.doc,.doc,document,40448,0.04,1327487182.0,0,UNLIKELY,False,,b9e78bbda6520511e765e50e3fb2fd73815e5a6c8f5a912963973ac77cfaa524,1
1\Toshiba Files\Quebec City.doc,Quebec City.doc,.doc,document,3120640,2.98,1295843678.0,0,UNLIKELY,False,,557b90110f7ae1231af9947587982e46caac64df4bb774e824493edfd7afe78b,1
1\Toshiba Files\QUEENS.doc,QUEENS.doc,.doc,document,219136,0.21,1348532986.0,0,UNLIKELY,False,,de3972d3137cc959a67e0158655232b6569eebabd4c767022f13e3c094fa0afa,1
1\Toshiba Files\QUERY    I NEED A NEW AGENT   COMMERCIAL FICTION    100M WORDS.doc,QUERY    I NEED A NEW AGENT   COMMERCIAL FICTION    100M WORDS.doc,.doc,document,101888,0.1,1299569408.0,6,LOW,False,,ea4990b91d6d96883abe4d3a519312615ab3744368c38e86340365df2dcf8036,1
1\Toshiba Files\QUERY   GRUB DOMINIONS.doc,QUERY   GRUB DOMINIONS.doc,.doc,document,131584,0.13,1428514624.0,0,UNLIKELY,False,,6037616f9ef14e3e0d8e2050d117d969f4cd674394006c51a274a2dee6346aa4,1
1\Toshiba Files\QUERY GRUB DOMINIONS 4.13.15.doc,QUERY GRUB DOMINIONS 4.13.15.doc,.doc,document,123392,0.12,1429125878.0,0,UNLIKELY,False,,edf36660759060b97ee5a70c4fff3dee0494e171422c3e5b572da722e17a30cf,1
1\Toshiba Files\QUERY I NEED A NEW AGENT COMMERCIAL FICTION 100M WORDS.doc,QUERY I NEED A NEW AGENT COMMERCIAL FICTION 100M WORDS.doc,.doc,document,94720,0.09,1300846310.0,6,LOW,False,,ee327ce568891b80b140479289d38ca991a21f48a24b144f3328cba08b10430f,1
1\Toshiba Files\QUERY LETTER FORM 1.26.15.doc,QUERY LETTER FORM 1.26.15.doc,.doc,document,53248,0.05,1422306870.0,0,UNLIKELY,False,,698b908218e408ba0813912a5e77ac7d92d2b9107227f0220960ff32e1001dbc,1
1\Toshiba Files\RADIO.doc,RADIO.doc,.doc,document,91136,0.09,1458063308.0,0,UNLIKELY,False,,d67b24c3d1815a8bcf9da4caf76a600a586933ffe90b810e36f052d32101d8c0,1
1\Toshiba Files\RAF Officer Number 1 dress ribands.doc,RAF Officer Number 1 dress ribands.doc,.doc,document,36352,0.03,1491856440.0,0,UNLIKELY,False,,01f05cdcd105b655df4eca2a2007dbda795f3d01d076279bd364c1beeb7b68f2,1
1\Toshiba Files\Recipe English Toad in the Hole.doc,Recipe English Toad in the Hole.doc,.doc,document,26624,0.03,1451953950.0,0,UNLIKELY,False,,3f7de580656be5ddad80f6cadb79f7cd3b8436313040702cbcc7f889198ad356,1
1\Toshiba Files\REFLECTIONS.doc,REFLECTIONS.doc,.doc,document,43008,0.04,1346987944.0,0,UNLIKELY,False,,fa1ecabce0ea7b66d1d68ed973a91b4a48aa752875ab0c817dc5c820a1b644f1,1
1\Toshiba Files\Religion is Looney Tunes.doc,Religion is Looney Tunes.doc,.doc,document,58368,0.06,1427629410.0,0,UNLIKELY,False,,0ac377b2824414706625dd55c956d99951896c34331e3f73d450e81cf104fa87,1
1\Toshiba Files\Religion is only a fantastical confection of Looney Tunes.doc,Religion is only a fantastical confection of Looney Tunes.doc,.doc,document,60416,0.06,1428569096.0,0,UNLIKELY,False,,c030baf6e3e568f0321b3fb41ac39512f7de1a7ba8e051660aaa19b783b4ab0e,1
"1\Toshiba Files\Religion, all religion is.doc","Religion, all religion is.doc",.doc,document,54784,0.05,1447544412.0,0,UNLIKELY,False,,001482c24b3b20e5afa3e4afe3a1a00b521d2ca3b658a070e30b6a73f76fd13a,1
1\Toshiba Files\Religionists must Davis.doc,Religionists must Davis.doc,.doc,document,60928,0.06,1442014130.0,0,UNLIKELY,False,,91f96112fb310d5101c69decd6c156540971f650f66bbf3e770a6fab7105bd03,1
1\Toshiba Files\REMBRANCE DAY.doc,REMBRANCE DAY.doc,.doc,document,867840,0.83,1447273818.0,0,UNLIKELY,False,,0dab0b79476597f2a679c8b0a6ce2f59d098973f881a11149f97a36e9871ca05,1
1\Toshiba Files\Remember the police riot in Watertown.doc,Remember the police riot in Watertown.doc,.doc,document,59392,0.06,1436387306.0,0,UNLIKELY,False,,e8e728c70413445318fd7f77268d955630b2855e67d4a51f677096017f9ee39c,1
1\Toshiba Files\Rennert Query rejection.doc,Rennert Query rejection.doc,.doc,document,57856,0.06,1424723204.0,0,UNLIKELY,False,,8172408c74d8b87c81ef4be732d0576e223d2bf93a18a2431f7f65a9201c2df2,1
1\Toshiba Files\Republican Rhubarbs.doc,Republican Rhubarbs.doc,.doc,document,45568,0.04,1354936032.0,0,UNLIKELY,False,,bcf91257e465881b182100f29b53f7012f64196134842949f007013bd79c0dc6,1
1\Toshiba Files\Republicans are . . ..doc,Republicans are . . ..doc,.doc,document,44032,0.04,1351046520.0,0,UNLIKELY,False,,cb26e7d421b7754560386e6a763aa8645591bf0da207386a5c9afd98d36e600d,1
1\Toshiba Files\Republicans are attracted to shiny things..doc,Republicans are attracted to shiny things..doc,.doc,document,44032,0.04,1369951168.0,0,UNLIKELY,False,,12266f6566bfa74b900f3040251380021f97fe8b2fc4cdbe7464b1a16e9c160e,1
1\Toshiba Files\Republicans need to be outlawed.doc,Republicans need to be outlawed.doc,.doc,document,46592,0.04,1360043654.0,0,UNLIKELY,False,,4b7cd66ddc6a8981f8062cfffbd38707ac7533ee111c1239360b41303288ff06,1
1\Toshiba Files\REPUGNUT CHRISTERS AND THEIR UGLY WOMEN.doc,REPUGNUT CHRISTERS AND THEIR UGLY WOMEN.doc,.doc,document,64512,0.06,1442788120.0,0,UNLIKELY,False,,b2d12e05b4dc93e3d1f20116760565956e70d248f3f95dd5555807a29a1732b8,1
1\Toshiba Files\Repugnuts owe Americans an apology for being the flaming ingrates they are.doc,Repugnuts owe Americans an apology for being the flaming ingrates they are.doc,.doc,document,26112,0.02,1465076876.0,0,UNLIKELY,False,,8403dbd2e10b3684f7c40f820378bb78c1cfc1816c518eb2951151db72d4c23a,1
1\Toshiba Files\RESTENOSIS.doc,RESTENOSIS.doc,.doc,document,427520,0.41,1355461744.0,0,UNLIKELY,False,,d3ff956cc0d123f4b35f9d5e99ffb8882933c65db0ecee72eac68053224d2c5f,1
1\Toshiba Files\resume combined and revised.doc,resume combined and revised.doc,.doc,document,69120,0.07,1300396104.0,0,UNLIKELY,False,,5545172e7e16503de0adb7ae9d740b4a118e35ddd2b071f4af622bfaa01153c4,1
1\Toshiba Files\RESUME.doc,RESUME.doc,.doc,document,87552,0.08,1377283158.0,0,UNLIKELY,False,,f2e8f09d7ca0c6f02f082864861c348fa29a2254ff914bdfd5930618ba24a7e7,1
1\Toshiba Files\RESUMECOMBINED.doc,RESUMECOMBINED.doc,.doc,document,61440,0.06,1308782188.0,0,UNLIKELY,False,,1902fbd93af6f3172a24f9ac60d440ef04c6a88a1fb1e5901b8a2faa418e6610,1
1\Toshiba Files\Retired Department of Justice.doc,Retired Department of Justice.doc,.doc,document,46592,0.04,1365788104.0,0,UNLIKELY,False,,2188577feb2ae1ff5328d26909e56f385379f1a4c0ea93766d91a265e51adcc4,1
1\Toshiba Files\Reverend Pharasaical.doc,Reverend Pharasaical.doc,.doc,document,46080,0.04,1373497334.0,0,UNLIKELY,False,,8fa99da48db111bca7fd5aa662ec6ad13bd3d18786ec9704a35f31d1a43aff66,1
1\Toshiba Files\Reverend Steve Wood.doc,Reverend Steve Wood.doc,.doc,document,43520,0.04,1357260964.0,0,UNLIKELY,False,,b3b5d3041c74b70456200553f9f1ebab3511b4a73d5c4f32be27223ca7f3dc97,1
1\Toshiba Files\Richard.doc,Richard.doc,.doc,document,40448,0.04,1356221438.0,0,UNLIKELY,False,,ccd14ead474628722284174c153aa7ea880018bb92ff2810870f74ca5625ef7e,1
1\Toshiba Files\Rick Santorum worries that having women in combat could compromise operations since.doc,Rick Santorum worries that having women in combat could compromise operations since.doc,.doc,document,41472,0.04,1357939312.0,0,UNLIKELY,False,,40d6606a0ade66338b33eee4577fc9d2cb22ac26cac15e0414ad58feb7aa87a7,1
1\Toshiba Files\Ricky.doc,Ricky.doc,.doc,document,40960,0.04,1355195810.0,0,UNLIKELY,False,,72de295cab8353be61683674df5c6460df7c96959d0bf4156fd6bdce72b08214,1
1\Toshiba Files\ROANE COLLEGE.doc,ROANE COLLEGE.doc,.doc,document,46592,0.04,1343690556.0,0,UNLIKELY,False,,71926a3bb57c07de10ad8b896fdc98d37c103065e2cd5a4cc27c88391fef82ec,1
1\Toshiba Files\Rod Stewart Albert Hall.doc,Rod Stewart Albert Hall.doc,.doc,document,58368,0.06,1428849304.0,0,UNLIKELY,False,,b41d4709ec325f86afc1bd3006ea7a911f5b0c50abefce2a1cb39d2d62b26471,1
1\Toshiba Files\Roger Chaput.doc,Roger Chaput.doc,.doc,document,823296,0.79,1362130654.0,0,UNLIKELY,False,,9ad67a99eb2afa8a27659eae77aff0ddded2901999bec00c3d8ebea33abb00a2,1
1\Toshiba Files\ROMA SYMBOLS.doc,ROMA SYMBOLS.doc,.doc,document,36864,0.04,1483922946.0,0,UNLIKELY,False,,f924031839c511b9d7770d0174fdf5eb18e2a8edfa714694ec164e4490e74764,1
1\Toshiba Files\Romney is a Human Resources director in over his head.doc,Romney is a Human Resources director in over his head.doc,.doc,document,44032,0.04,1350967936.0,0,UNLIKELY,False,,33d89f8005b88c9af28f29a0c309da875a4d1521a974f1b7eed793c252d8a445,1
1\Toshiba Files\Romney is on to something.doc,Romney is on to something.doc,.doc,document,43008,0.04,1348629986.0,0,UNLIKELY,False,,12952614d96a62b4e10aa9c2f4d307615da2178ba9e2dd2b3091a1c9d106df54,1
1\Toshiba Files\Romney won the night running away.doc,Romney won the night running away.doc,.doc,document,46592,0.04,1349463460.0,0,UNLIKELY,False,,464aab99d3cb8cdf93f9f0cf9815ff51de6054a50b7f48ee216289aae854048a,1
1\Toshiba Files\ROOSEVELT'S RIGHTS.doc,ROOSEVELT'S RIGHTS.doc,.doc,document,39936,0.04,1349544306.0,0,UNLIKELY,False,,e5a0a3e19cf56bbbb92ba63d69a17c1af7429dded1821e765689774852fec461,1
1\Toshiba Files\Rosa banksiae.doc,Rosa banksiae.doc,.doc,document,4679680,4.46,1431387124.0,0,UNLIKELY,False,,943235aa4c50786792415d4158f815f748afb7bfb55b9651645a24ebf18be7ac,1
1\Toshiba Files\Roundball doofus.doc,Roundball doofus.doc,.doc,document,60416,0.06,1444954746.0,0,UNLIKELY,False,,3f36da828b99b84d97be49cc207a84ed0ce0fc3b5c5a798c709f427b218824b1,1
1\Toshiba Files\Royal Opera House London.doc,Royal Opera House London.doc,.doc,document,46592,0.04,1373949978.0,0,UNLIKELY,False,,513821e4715c0605bf5d9891899608960939e72a00bff0d4a4e99fc65311519c,1
1\Toshiba Files\RUBBISH.doc,RUBBISH.doc,.doc,document,41472,0.04,1463694410.0,0,UNLIKELY,False,,5bce1c69d1fcc59c544de778964eb6511c04c94c4e41bf94d783501a11b94a20,1
1\Toshiba Files\Rubbish1.doc,Rubbish1.doc,.doc,document,45568,0.04,1368413186.0,0,UNLIKELY,False,,8c8f5b8fedc4686e32448358c03a7e1712b21615b7bed3875203b8a6d06742fd,1
1\Toshiba Files\ruby French.doc,ruby French.doc,.doc,document,26112,0.02,1477688722.0,0,UNLIKELY,False,,c98b8afca72e305117ece9a65e749990cb69d71cab1474f0899b882673818368,1
1\Toshiba Files\Russia has always been and will continue to be a third.doc,Russia has always been and will continue to be a third.doc,.doc,document,45568,0.04,1366550010.0,0,UNLIKELY,False,,88b315948e086b99eb1348a70a631283d566623c9ee433f46aef48fbcf50f5f7,1
1\Toshiba Files\RUSSIA.doc,RUSSIA.doc,.doc,document,43520,0.04,1345567880.0,0,UNLIKELY,False,,ff861ab27830bd3b08d6ed2d44dbf79e6d58711febdbfaad9a6681cd6f3695ea,1
1\Toshiba Files\Ryan wasn.doc,Ryan wasn.doc,.doc,document,60928,0.06,1446166050.0,0,UNLIKELY,False,,cbdec19708b02c13c778055d866af0b280ed23256795086e4266654bee7de80a,1
1\Toshiba Files\Ryan.  Whatever. Lone Ranger.doc,Ryan.  Whatever. Lone Ranger.doc,.doc,document,87040,0.08,1372962778.0,0,UNLIKELY,False,,1e86d85e7da71116e9a9362a12376b4a8b89f28fff67490e51be823c61edb8e2,1
1\Toshiba Files\Sakharov.doc,Sakharov.doc,.doc,document,43008,0.04,1345623694.0,0,UNLIKELY,False,,d7369b63260b0848c50edd2f9911f9ba2410627ee3659ac657ecbf0a7d909028,1
1\Toshiba Files\SAVAGE AMERICA.doc,SAVAGE AMERICA.doc,.doc,document,27136,0.03,1497453686.0,0,UNLIKELY,False,,e231bde973bb6dee2863e1d723035e0991faf1891568583160969bc5406146e9,1
1\Toshiba Files\SAVE OUR COUNTRY.doc,SAVE OUR COUNTRY.doc,.doc,document,43520,0.04,1349539268.0,0,UNLIKELY,False,,bd2636a91757a625e84784b880e0f272186b7436de5685dec0d37fa106fda91d,1
1\Toshiba Files\Say.doc,Say.doc,.doc,document,43008,0.04,1340846996.0,0,UNLIKELY,False,,e1796df21c3e8eb77e915df862896edd8f0c42edf25e0d54ec6c75c383975383,1
1\Toshiba Files\Scasleazy is done.doc,Scasleazy is done.doc,.doc,document,55296,0.05,1420361540.0,0,UNLIKELY,False,,c397ad27a1cd94ad8442ceae9fae2480e02a898e88bb9d230e5440665be51750,1
1\Toshiba Files\SCREAM 3 CHAPTERS.doc,SCREAM 3 CHAPTERS.doc,.doc,document,92672,0.09,1291773406.0,0,UNLIKELY,False,,96bec768fa08227736d5263b9e9aef1bda88b2d7d086b0cd436ceda114e89482,1
1\Toshiba Files\SCREAM BORDER PATROL HDQTRS.doc,SCREAM BORDER PATROL HDQTRS.doc,.doc,document,55296,0.05,1282010048.0,0,UNLIKELY,False,,f5f921b13b4c837fff3d78bcd7a288ff73f59e31dbc8bc2f882351e5086f1af0,2
1\Toshiba Files\SCREAM CHAPUT 1-52.doc,SCREAM CHAPUT 1-52.doc,.doc,document,184320,0.18,1290029358.0,0,UNLIKELY,False,,7a21ce7d6fc27eb08f949b4aff8f5e012743070b69b5b0dae1eac3215c2e13a3,2
1\Toshiba Files\SCREAM COVER.doc,SCREAM COVER.doc,.doc,document,34816,0.03,1289497674.0,0,UNLIKELY,False,,2460183052a45c06d76f9f1a14266d019e3fec421e2c8f5f7d37d3dad5784289,2
1\Toshiba Files\SCREAM OUTLINE & NOTES.doc,SCREAM OUTLINE & NOTES.doc,.doc,document,47616,0.05,1298320604.0,3,LOW,False,,8ddb96c1b600f6da67a4c27cb3d32856c06cbf96403e3fb98c4fed1e839f39a9,1
1\Toshiba Files\SCREAM QUERY.doc,SCREAM QUERY.doc,.doc,document,39424,0.04,1292374366.0,0,UNLIKELY,False,,857e5614d192ba2f358db6d8a7e5987e6e74f27614483ee6c259bd06867eac7e,1
1\Toshiba Files\SCREAM TITLES.doc,SCREAM TITLES.doc,.doc,document,27648,0.03,1288675104.0,0,UNLIKELY,False,,63663e4d0abd9b1c617dce3b15967535ce253af6632c7a1a2a69f30285997f31,2
1\Toshiba Files\SCREAM word doc.doc,SCREAM word doc.doc,.doc,document,1325056,1.26,1299191986.0,0,UNLIKELY,False,,58fd99e2b90ac89417815aca67f248f94afbf0288f6197e701a30db0cf42b834,3
1\Toshiba Files\Second.doc,Second.doc,.doc,document,23040,0.02,1482180242.0,0,UNLIKELY,False,,7e8fa67da2a2c9de79382412250cd68d223cd172ad5535fb6540c55d0ea1b1f4,1
1\Toshiba Files\See the Volvo Run.doc,See the Volvo Run.doc,.doc,document,40448,0.04,1323308880.0,0,UNLIKELY,False,,6002e9309e8b88caf29a1f30c0f8426ed45b36dfc8d8ee445cf9a176163b7ee5,1
1\Toshiba Files\See what your friends are watching on TV.doc,See what your friends are watching on TV.doc,.doc,document,42496,0.04,1346015366.0,0,UNLIKELY,False,,5c33b7691519a8114fa8437bf8e3c8c2629a8161185b2e711a7a3d7de5af3086,1
1\Toshiba Files\Sessions & Rand Paul.doc,Sessions & Rand Paul.doc,.doc,document,41984,0.04,1339633996.0,0,UNLIKELY,False,,5979b27b53a279bde5063b6d027ba024b61f86a19e92cb4e7f071cedc3c80ec0,1
1\Toshiba Files\Shahien NasiripourHuffPost Reporting   shahien.doc,Shahien NasiripourHuffPost Reporting   shahien.doc,.doc,document,58368,0.06,1346015962.0,0,UNLIKELY,False,,1537d0f90c5c927bce97ed6ec77d3691475627397ff72bf482666500b3323cee,1
"1\Toshiba Files\Shame on you, huffpo balls.doc","Shame on you, huffpo balls.doc",.doc,document,26624,0.03,1481052612.0,0,UNLIKELY,False,,8fd4554a76582722f3122f43bb4f1ea7ea5440a204e11fb4f4390f6fb277ec9a,1
"1\Toshiba Files\Shame, shame, America.doc","Shame, shame, America.doc",.doc,document,57856,0.06,1424128030.0,0,UNLIKELY,False,,c4bc65974018065f43a80e790b009a63ca0386ae7d0ccbfe80fdd6e5dcc01895,1
1\Toshiba Files\Shanksville never looked anything like Seyne-les-Alpes..doc,Shanksville never looked anything like Seyne-les-Alpes..doc,.doc,document,58880,0.06,1427484360.0,0,UNLIKELY,False,,193b7225ac2f9203017a70f5455182cd57be4a752c91efd128979d08d326d3d1,1
1\Toshiba Files\Shannie's Birthday.doc,Shannie's Birthday.doc,.doc,document,38912,0.04,1317781936.0,0,UNLIKELY,False,,898b371ea7748854918456fbd0de3bbe9bf10b51446cead5f266b44500f9dc17,1
1\Toshiba Files\SHARK 12.2014.doc,SHARK 12.2014.doc,.doc,document,55808,0.05,1419631010.0,0,UNLIKELY,False,,81ecc11fbe7e0cb1d59b07dee393efec388239c510e220e0e0675e0c3203cdf4,1
1\Toshiba Files\Shark SHARK.doc,Shark SHARK.doc,.doc,document,45568,0.04,1350585180.0,0,UNLIKELY,False,,5a92a3e49fee2bb29b0014e21998400d558d09958b266f07d943491215df209f,1
1\Toshiba Files\She was attacked and shot by extremists who don.doc,She was attacked and shot by extremists who don.doc,.doc,document,45056,0.04,1349908128.0,0,UNLIKELY,False,,9e59830ce58140d37b7f20b0a3f51c9ab1737259b2d6804e666746f5e456cfe9,1
1\Toshiba Files\SHOPPERETTE 2.doc,SHOPPERETTE 2.doc,.doc,document,488960,0.47,1448051562.0,0,UNLIKELY,False,,2f440f00bcd3173776581dc91350492a9f3bf77ccf4f849d23fb86c334307b27,1
1\Toshiba Files\SHORT FORM  So long as we insist on local control of American schools.doc,SHORT FORM  So long as we insist on local control of American schools.doc,.doc,document,46592,0.04,1367958964.0,0,UNLIKELY,False,,fba9f2577d4237ca5fddba97b56acc9296b237ec15929189d128ba964b5309a2,1
1\Toshiba Files\Short Silk.doc,Short Silk.doc,.doc,document,38400,0.04,1271784228.0,0,UNLIKELY,False,,4c02303eb321c1ccf94f2468a332dadb6e79b4dca610d96704111676ae418a15,2
1\Toshiba Files\Sick  odom nevada.doc,Sick  odom nevada.doc,.doc,document,66048,0.06,1445004806.0,0,UNLIKELY,False,,fec5ee1ab17db37f3e9adfb387e19c6e8b81fc5bfd7070240e96f61e11809739,1
1\Toshiba Files\sickest country.doc,sickest country.doc,.doc,document,140288,0.13,1357971932.0,0,UNLIKELY,False,,7acd4ec6921c34a84f80262b4e41d782f8b86f7ef3732207b6b705179c0b5dd6,1
1\Toshiba Files\SIDE ONE.doc,SIDE ONE.doc,.doc,document,44032,0.04,1348968156.0,0,UNLIKELY,False,,1cdd65c8631d26d7b4a18c2d8b388120550e93b9889abb46e1ea3bfa61e99f2b,1
1\Toshiba Files\SIDEBOARD.doc,SIDEBOARD.doc,.doc,document,43520,0.04,1342592992.0,0,UNLIKELY,False,,1b662252e28a66276f101cbe97a9596aa40b29b6a2b416adaa81c5109fa5cada,1
1\Toshiba Files\Sign up to see what your friends like.doc,Sign up to see what your friends like.doc,.doc,document,49152,0.05,1357260798.0,0,UNLIKELY,False,,0fe5714b3e33030ce4936d4a6df681b004f36ef8bf82178fc8af6ebda3061d69,1
1\Toshiba Files\SILK - QUERY - COMMERCIAL FICTION3.29.11.doc,SILK - QUERY - COMMERCIAL FICTION3.29.11.doc,.doc,document,91136,0.09,1302482158.0,0,UNLIKELY,False,,c533a74a1f122f9457114d6b4985a8506844f74e945cae259b936dc13e9a2150,1
1\Toshiba Files\SILK - QUERY - COMMERCIAL FICTION3.30.11.doc,SILK - QUERY - COMMERCIAL FICTION3.30.11.doc,.doc,document,91648,0.09,1303175226.0,0,UNLIKELY,False,,f340e39fcf0bd06d1d944b80aec7c29f82a4d3240fd29daa1ef7303ac86d38bf,1
1\Toshiba Files\SILK 167.187 (NO PAGES UNTIL 195.doc,SILK 167.187 (NO PAGES UNTIL 195.doc,.doc,document,97280,0.09,1300844512.0,0,UNLIKELY,False,,8fac5ed92a85719fbd74c8c0f315ff3ec2aaf086c236ccbe2feab544e985e5e9,1
1\Toshiba Files\SILK 167.187 SYN.BIO.MS.doc,SILK 167.187 SYN.BIO.MS.doc,.doc,document,96256,0.09,1301002946.0,0,UNLIKELY,False,,7aa0925ab17b316ee7b28846c9128df174bc704c10124e1a74132cc4410985fd,1
1\Toshiba Files\SILK 167.doc,SILK 167.doc,.doc,document,100864,0.1,1300078296.0,0,UNLIKELY,False,,3c7401af3f1197a7bd33a12132d2f76f566409eb3b0d4af1e954b602af6cc07f,1
1\Toshiba Files\Silk But Faith . . ..doc,Silk But Faith . . ..doc,.doc,document,35840,0.03,1299951152.0,0,UNLIKELY,False,,e314d394b39d9f93cb56c8bce9e9a5cc740c7464b74a357b1bb2b2029f22fac4,1
1\Toshiba Files\SILK email greeting as of 3.24.2011.doc,SILK email greeting as of 3.24.2011.doc,.doc,document,32256,0.03,1301446694.0,0,UNLIKELY,False,,2373b5d45020cd467cfda2c56da5ae53cdbfc908a2339a9c6818e800833a81e8,1
1\Toshiba Files\SILK QUERY HE SHE WAR.doc,SILK QUERY HE SHE WAR.doc,.doc,document,56320,0.05,1298079018.0,0,UNLIKELY,False,,4bf0f22e72d3219089a6028d12beeea8d8091a80357b35490bba22469bb7ca62,1
1\Toshiba Files\SILK QUERY--Shoreham Hotel.doc,SILK QUERY--Shoreham Hotel.doc,.doc,document,48128,0.05,1299805116.0,0,UNLIKELY,False,,04796d0a6d76be950b5197112c72d513ee312ad36ff47dde796bbebf81749aa1,1
1\Toshiba Files\SILK QUERY.doc,SILK QUERY.doc,.doc,document,38400,0.04,1299804926.0,0,UNLIKELY,False,,91ccc4ec66c59e03f142ee47b5daee692173fd3c351d28ff5a074db43fe39b4d,1
1\Toshiba Files\SILK SYNOPSIS.doc,SILK SYNOPSIS.doc,.doc,document,56843,0.05,1271698682.0,3,LOW,False,,392c6d671202ba8aa561417548d07fd512c477f76f15ac92ecc5482b69c7ba27,1
1\Toshiba Files\SILK TITLE PAGE.doc,SILK TITLE PAGE.doc,.doc,document,36864,0.04,1300320422.0,0,UNLIKELY,False,,8aaaff0fd11813c3f78154c2281ad59c122bf99cccba8a1a0349f5145a66a8ef,1
1\Toshiba Files\Sinclair is every soldier.doc,Sinclair is every soldier.doc,.doc,document,43520,0.04,1348789732.0,0,UNLIKELY,False,,7e77c1749f01e46e2d887347f608322fba0b7398f8b5579241740f068520046d,1
1\Toshiba Files\SisterSarah.doc,SisterSarah.doc,.doc,document,39936,0.04,1332440782.0,0,UNLIKELY,False,,8e9cb535a505c095f6a28411f4c23f6f2bfeb48ca5995be3b0295c35fb3c27e5,1
1\Toshiba Files\Skagitonian.doc,Skagitonian.doc,.doc,document,39424,0.04,1312928384.0,0,UNLIKELY,False,,c3425ce1b42624d133e1c4a024fb9f9684d2d42130bbe9bb46612ba9bfe841d3,1
1\Toshiba Files\Slicing Time title page.doc,Slicing Time title page.doc,.doc,document,29184,0.03,1269990172.0,0,UNLIKELY,False,,a4b5d0d7dc5f58b0b07bb52f75d15a14783231f9f8c46793cde2cf463b71dbb0,2
1\Toshiba Files\Slovenly American deadbeats are loathed worldwide as obsequious targets for easy manipulations.doc,Slovenly American deadbeats are loathed worldwide as obsequious targets for easy manipulations.doc,.doc,document,23040,0.02,1448847724.0,0,UNLIKELY,False,,187d8c91c47a5f30940030e15814fd710000539f6d763326c4c838ce2e6e6d91,1
1\Toshiba Files\SMITH CLOUD.doc,SMITH CLOUD.doc,.doc,document,311808,0.3,1454164556.0,0,UNLIKELY,False,,c3adfa15ce8a11247e0e616a3201d4a22ecf6772534c7a14d69b3d1d954ddf8c,1
1\Toshiba Files\SMOOTH AS SILK APRIL 3 2015 WORD.doc,SMOOTH AS SILK APRIL 3 2015 WORD.doc,.doc,document,792064,0.76,1429742772.0,0,UNLIKELY,False,,3c65cd976fe4de5ca347388a422b14c8f4d46503cb541d74f1bc20d96bf330e7,1
1\Toshiba Files\SMOOTH AS SILK APRIL 3 2015.doc,SMOOTH AS SILK APRIL 3 2015.doc,.doc,document,164352,0.16,1428089724.0,0,UNLIKELY,False,,6e3880e0db64b3840e242674fbb6fc34dcf710de107716e2be707df023b5a73f,1
1\Toshiba Files\Smooth As Silk FONTS.doc,Smooth As Silk FONTS.doc,.doc,document,22528,0.02,1265149508.0,0,UNLIKELY,False,,20431cfebef87b8e768e8fbc495b9cd31cc85f5d52e9116f3b4ef7a2eae24b47,1
1\Toshiba Files\So Bachmann.doc,So Bachmann.doc,.doc,document,38400,0.04,1314347372.0,0,UNLIKELY,False,,b0038545cdc74901748654e491f7828820a37c1f3155bc1374a7934f02d786fd,1
1\Toshiba Files\So catastrophic is the demolition of American democracy.doc,So catastrophic is the demolition of American democracy.doc,.doc,document,26624,0.03,1485398048.0,0,UNLIKELY,False,,810107349f52873cbe836dd9a2ee7ab55798053fe5e98777c9f085d96708a334,1
1\Toshiba Files\So deep are Americans in their cultural bargain-basement.doc,So deep are Americans in their cultural bargain-basement.doc,.doc,document,26624,0.03,1479330560.0,0,UNLIKELY,False,,681c923ea1024e26e6950925752b6e70970fe238d09669405e2a4e97bb431936,1
1\Toshiba Files\So funinappropriateslurred speech.doc,So funinappropriateslurred speech.doc,.doc,document,45568,0.04,1359149566.0,0,UNLIKELY,False,,ad99debe17bb0be78c6fa42e411a2fc964c7317034de4e8c6e1b7ed2dff688ed,1
1\Toshiba Files\So Wikoyan Sioux.doc,So Wikoyan Sioux.doc,.doc,document,841216,0.8,1473784980.0,0,UNLIKELY,False,,03fa5e32aa1fc3757bab3f59ed8fa551b6af045f133736b8b9bb770eb2ea2634,1
"1\Toshiba Files\So, here's how the American tragedy rumbles on.doc","So, here's how the American tragedy rumbles on.doc",.doc,document,29184,0.03,1465822218.0,0,UNLIKELY,False,,74ff464c88b9ef54e9b9595300d324554275c7ec29c36217f9c4234c42aab2a9,1
"1\Toshiba Files\So, I found this choir.doc","So, I found this choir.doc",.doc,document,46592,0.04,1356092674.0,0,UNLIKELY,False,,ea37999f2f0d0de29f878727b6dc8ffea5c3374576c62b7944de2006bcafd9f7,1
"1\Toshiba Files\So, let’s see--trump Pervomaysk.doc","So, let’s see--trump Pervomaysk.doc",.doc,document,27648,0.03,1480205928.0,0,UNLIKELY,False,,c16151c5d7e716e4664237e48b7cd989a3fafd89c185ed7b209150aef433aad0,1
"1\Toshiba Files\So, Little Tommy Q-Tip.doc","So, Little Tommy Q-Tip.doc",.doc,document,54272,0.05,1426592726.0,0,UNLIKELY,False,,8ad0ce14a3b209ddfe28b6f0e2c7d05ba9b07467c3c220c8f1ae9908933b8a72,1
"1\Toshiba Files\So, the NTSB zombie.doc","So, the NTSB zombie.doc",.doc,document,59392,0.06,1431602432.0,0,UNLIKELY,False,,ad1b060f605da8a469aa01e90e29cc1b4bbce19ddb4606d3216be211bf7c5af4,1
1\Toshiba Files\Socialism is a fringe political gambit.doc,Socialism is a fringe political gambit.doc,.doc,document,38400,0.04,1341116006.0,0,UNLIKELY,False,,42e333851e3583a2f5b0146ef6204db14e571c46e87c0d5b93a347f8088b839e,1
1\Toshiba Files\SocialismToday      Dylan Thomas     Socialist Party magazine.doc,SocialismToday      Dylan Thomas     Socialist Party magazine.doc,.doc,document,80384,0.08,1419973524.0,0,UNLIKELY,False,,a5a6c88a421925736103b37dcc3141c19e138938fac474d931df476ad6b6add9,1
1\Toshiba Files\Sorrelli.doc,Sorrelli.doc,.doc,document,56320,0.05,1419358554.0,0,UNLIKELY,False,,8ed1d2583eae490448e72a5a03909551701ae4d8f588221823826c9c10966abb,1
1\Toshiba Files\Sorry. I know I'm driving the wrong way . . ..doc,Sorry. I know I'm driving the wrong way . . ..doc,.doc,document,45056,0.04,1358095902.0,0,UNLIKELY,False,,046432e992da41bf0d99d7e6296f5fb24504db0cb210c23371f2338fdc852528,1
1\Toshiba Files\SOTHERN REPUGNUT.doc,SOTHERN REPUGNUT.doc,.doc,document,64000,0.06,1431797250.0,0,UNLIKELY,False,,c071b733def737d9c49acb65757114d7e408c75895332fc5159fadaf1c50eb9e,1
1\Toshiba Files\Sounds like a school superintendent.doc,Sounds like a school superintendent.doc,.doc,document,45568,0.04,1366139386.0,0,UNLIKELY,False,,9d9c20b9dd0006d48eb0eaae23433222e861b998886bfa5e972cc0ab5b61b208,1
"1\Toshiba Files\Southern higher education. Bubbleheads, catfish fries, Dixie beer, black churches flaming in the night, drawls,.doc","Southern higher education. Bubbleheads, catfish fries, Dixie beer, black churches flaming in the night, drawls,.doc",.doc,document,64512,0.06,1440347302.0,0,UNLIKELY,False,,8fd0cc610f2fedd8527f3f6444b339588707c88769e1ce61a61c57293429c0df,1
1\Toshiba Files\SOUTHERN REPUGNUT.doc,SOUTHERN REPUGNUT.doc,.doc,document,64000,0.06,1432484840.0,0,UNLIKELY,False,,b1471bf0b13fab1418b3a73d047af909aed47c65ed536bcb4760a1d0cd892375,1
1\Toshiba Files\Speaker Inebriate Boehner this week.doc,Speaker Inebriate Boehner this week.doc,.doc,document,45056,0.04,1359189608.0,0,UNLIKELY,False,,740915908e5a29a8cf9d7c808332b5aef3e9a28d3f42a948a3c223fab31f5744,1
1\Toshiba Files\Spice sarin gas Nazis.doc,Spice sarin gas Nazis.doc,.doc,document,26624,0.03,1491938478.0,0,UNLIKELY,False,,6a9656f708667e25db7bca7d8999ae19544d9f56b95417cf4f10983c0af5ea18,1
1\Toshiba Files\SSA SCAN.doc,SSA SCAN.doc,.doc,document,46080,0.04,1362600388.0,0,UNLIKELY,False,,bd20d70d277375b150a13066d6861aa1712fb497cc885e562ee97bd276ad28c2,1
1\Toshiba Files\St. Ermin's dining menu.doc,St. Ermin's dining menu.doc,.doc,document,27136,0.03,1461012804.0,0,UNLIKELY,False,,c074fcad4fd2eb2ca1e01ae8ed43b46f945f86f75bdea80044e5b52dfe6d66e2,1
1\Toshiba Files\St. George's in Mayfair.doc,St. George's in Mayfair.doc,.doc,document,2210304,2.11,1352361192.0,0,UNLIKELY,False,,1ec2ab7ef783604747626ae8d698d68843389464f3d9e756e44008a161a1d6f9,1
1\Toshiba Files\STAGGER COCKPIT.doc,STAGGER COCKPIT.doc,.doc,document,76288,0.07,1490474368.0,0,UNLIKELY,False,,d25d1665d9eaced91b2cd42998e1cdc16df3205d63431e98c8106e8e74182c96,1
1\Toshiba Files\STAGGERWING SPECS AND SPEEDS.doc,STAGGERWING SPECS AND SPEEDS.doc,.doc,document,90624,0.09,1436217978.0,0,UNLIKELY,False,,a51d26d8555edd9103200fb7ff5bb9947c0af420d121c8fb6876f5d278aaa0f7,1
1\Toshiba Files\STARLIGHT FIRST 50 pp..doc,STARLIGHT FIRST 50 pp..doc,.doc,document,169472,0.16,1423252512.0,0,UNLIKELY,False,,bc418211cb6498ccdcfe506afd469e122ab12b29e71b9a8587fd52cfa1f33be1,1
1\Toshiba Files\STARLIGHT QUERY WITH 50 PAGES.doc,STARLIGHT QUERY WITH 50 PAGES.doc,.doc,document,111616,0.11,1424103796.0,0,UNLIKELY,False,,3c72e379b0ffd8daa3d594ec44458b6cd05465bd8010abdea33d19c323b18dde,1
1\Toshiba Files\States ranked by highest college completion rates.doc,States ranked by highest college completion rates.doc,.doc,document,42496,0.04,1343514296.0,0,UNLIKELY,False,,9b429315e19c55a58d229767ad32f72a182b4dc2fea91be187e7b99f31ca7363,1
1\Toshiba Files\STATES WITH HIGHEST PERCENTAGES OF MEDICALLY UNINSURED.doc,STATES WITH HIGHEST PERCENTAGES OF MEDICALLY UNINSURED.doc,.doc,document,43008,0.04,1346542104.0,0,UNLIKELY,False,,1589493ec4ac43d6e116e4fe158407eba2ffcde551e02b45afb2d48fcf8a2650,1
1\Toshiba Files\STEADMAN 1.doc,STEADMAN 1.doc,.doc,document,2618880,2.5,1504293082.0,0,UNLIKELY,False,,351098844bd5c2e60c215f7a603a6d589a889e31aecfcae163ed51e8d6cf4f4a,1
1\Toshiba Files\Steadman's white tie.doc,Steadman's white tie.doc,.doc,document,236544,0.23,1462474592.0,0,UNLIKELY,False,,66de7231e01cc0df9ebbac05a3a65fffa5c9c0a5bab178066fa5a0fc72e4ea8e,1
1\Toshiba Files\STEADMAN.odt,STEADMAN.odt,.odt,other,511330,0.49,1456273356.0,0,UNLIKELY,False,,8a0b07967cf316ea7db058d9e79a1ad5f89ca9ac22cfee52a20d14b908888ae2,1
1\Toshiba Files\Steatopygia.doc,Steatopygia.doc,.doc,document,50688,0.05,1400784096.0,0,UNLIKELY,False,,33d1a5de2b50c932e91224cb92c3fbd48108e655ee6c88d151870a03082d2ce3,1
1\Toshiba Files\Stephen So I would like to see Sarah.doc,Stephen So I would like to see Sarah.doc,.doc,document,57344,0.05,1426440296.0,0,UNLIKELY,False,,6a90bb9f853d6c2c497262a39df5dc162f32168a2bd521248a364a2cd86ddb6a,1
1\Toshiba Files\Steve Wasserman (submissions@kwlit.com).doc,Steve Wasserman (submissions@kwlit.com).doc,.doc,document,87040,0.08,1308945876.0,0,UNLIKELY,False,,9c48d3f534c9fcfe54dcda5da37f1e6acb133e6fba7474054f1607d929e62dc3,1
1\Toshiba Files\STOKE ABBAS.doc,STOKE ABBAS.doc,.doc,document,1747456,1.67,1461800658.0,0,UNLIKELY,False,,f4e5eda13148f788edd96578be61da8d60095418c7f5826cf9e58be7839337df,1
1\Toshiba Files\Stop the guy was a mozzie prince.doc,Stop the guy was a mozzie prince.doc,.doc,document,23040,0.02,1465774004.0,0,UNLIKELY,False,,fdb8096a5cb05a991ffac5fd0b7ecfad6b1212088b786c3302dbe3f3400a5430,1
1\Toshiba Files\Stump is Putin's stooge.doc,Stump is Putin's stooge.doc,.doc,document,28160,0.03,1484103038.0,0,UNLIKELY,False,,c6df01e5e8db6db6aec9714090c7cf6814127cd9043537df9486caabc861514b,1
1\Toshiba Files\Sub-literate Alyce Garrity writes to me.doc,Sub-literate Alyce Garrity writes to me.doc,.doc,document,61952,0.06,1430510082.0,0,UNLIKELY,False,,fbe89fdee48030df9306b6676f60bfa8ba79fad7523aebff35c3458bbf8085f5,1
1\Toshiba Files\Such a dump teahadis a curse.doc,Such a dump teahadis a curse.doc,.doc,document,28672,0.03,1484244618.0,0,UNLIKELY,False,,d958ab58c2992c1e88a30f30402a53cf73c9bf91acdec130fa44a6785d5eaf16,1
1\Toshiba Files\Such a loathsome confederacy of dunces are these Stumpian acolytes.doc,Such a loathsome confederacy of dunces are these Stumpian acolytes.doc,.doc,document,26624,0.03,1500073072.0,0,UNLIKELY,False,,c6a2ad1950302a009645b18f6a33d1ec91b077e0b7450d80b7f3c141b8df03af,1
1\Toshiba Files\Such reprehensible baboons these two are.doc,Such reprehensible baboons these two are.doc,.doc,document,47616,0.05,1373081722.0,0,UNLIKELY,False,,684c0eb814c3606fa3f4ac97a15d94d3a4b56a24fc7ae8acdaa2b17590bccfb6,1
1\Toshiba Files\Such reprehensible orangutans these two are.doc,Such reprehensible orangutans these two are.doc,.doc,document,47616,0.05,1373082886.0,0,UNLIKELY,False,,6120728818b5d11d1a73b3abe71cacfc481616241b15b699b292004bc82df520,1
1\Toshiba Files\SUNUNU REPROBATE.doc,SUNUNU REPROBATE.doc,.doc,document,44032,0.04,1354740260.0,0,UNLIKELY,False,,30b95a67813411ff3c19f64d859517bae5f580f2cc6f47467dcf770b3718e7b1,1
1\Toshiba Files\Survey given to American Christians.doc,Survey given to American Christians.doc,.doc,document,51200,0.05,1399936016.0,0,UNLIKELY,False,,56a74d8ced0dc06e19de9c0e53b4a4b5d814fbc7ba901d9b00ce9886b5866cfc,1
1\Toshiba Files\SWEARING IN YIDDISH.doc,SWEARING IN YIDDISH.doc,.doc,document,63488,0.06,1426798630.0,0,UNLIKELY,False,,ecb416db014a06548a7a27e1493648609de4ac028e7454a4f5a81f18209908a4,1
"1\Toshiba Files\Sweets, just made a huge mac and cheese.doc","Sweets, just made a huge mac and cheese.doc",.doc,document,61440,0.06,1433028646.0,0,UNLIKELY,False,,0a2275bf84d168d11018fe01b865b255767897ccbc97341ca84fad47f70949ed,1
1\Toshiba Files\Talk about living in the Bubble.doc,Talk about living in the Bubble.doc,.doc,document,46592,0.04,1372122964.0,0,UNLIKELY,False,,3625d947b3db8103dbb6405b3def32fb69ca9b55739addcb78b0adcd9fc89036,1
1\Toshiba Files\Teahadis have long ago worn out their welcome in American discourse..doc,Teahadis have long ago worn out their welcome in American discourse..doc,.doc,document,59904,0.06,1429489630.0,0,UNLIKELY,False,,e5ea0f020adeb5c2f30e35982c0acf6bcd5fbd8b96dfbf256e0371d3625704ad,1
1\Toshiba Files\Teahadis long ago proved themselves a virulent plague on the American body politic.doc,Teahadis long ago proved themselves a virulent plague on the American body politic.doc,.doc,document,22528,0.02,1460217844.0,0,UNLIKELY,False,,94b17c940a0e36a71e688cd7f85dbe939515c9e338508011c0747436a5abf986,1
1\Toshiba Files\Teahadis should be quietly taken out behind the barn and.doc,Teahadis should be quietly taken out behind the barn and.doc,.doc,document,64512,0.06,1443560120.0,0,UNLIKELY,False,,237e17ed00d7fa6b4ab73d6575d6692ec6f1cdb6097856696e1d47edb0c636fa,1
1\Toshiba Files\Teapublican grunts fail.doc,Teapublican grunts fail.doc,.doc,document,58368,0.06,1426764620.0,0,UNLIKELY,False,,abddb4c854ac7cbba767a24d937c1392aa37d32c6022c1efcdd2c5e9c608426a,1
1\Toshiba Files\Teapublicans and their smarmy delusions are hostile dysfunctions.doc,Teapublicans and their smarmy delusions are hostile dysfunctions.doc,.doc,document,59392,0.06,1425855186.0,0,UNLIKELY,False,,6c0af3567ce1dbbabd37c851104983c27dc58bde8d716b4a3d465699e2efaa93,1
1\Toshiba Files\Teapublicans are done.doc,Teapublicans are done.doc,.doc,document,64512,0.06,1445863230.0,0,UNLIKELY,False,,e61c0bbf1ac046cf7732254736dfc9c92d4f5e76bb2534ac780f6e4eeeb8898e,1
1\Toshiba Files\Tee-Wee is fit only for the amusement.doc,Tee-Wee is fit only for the amusement.doc,.doc,document,57344,0.05,1423250770.0,0,UNLIKELY,False,,08c6a8a930171b5637ee4be1b2d13810fcedc10e4619fca65f5f8f46aa78f94f,1
1\Toshiba Files\TEL #s.doc,TEL #s.doc,.doc,document,51200,0.05,1397734086.0,0,UNLIKELY,False,,08d490c8b2aee185196aec71686d27ac472c4618a186205fc69f41731413efc6,1
1\Toshiba Files\Ten Days in June.doc,Ten Days in June.doc,.doc,document,70144,0.07,1435604370.0,0,UNLIKELY,False,,54066643d036b5c6c62b78f292ac402d5452061c89cd8ded58286537e394339b,1
1\Toshiba Files\TENNESEE FOR CHRISTMAS    ONE.doc,TENNESEE FOR CHRISTMAS    ONE.doc,.doc,document,46080,0.04,1323247212.0,0,UNLIKELY,False,,2000176c46decfa90086c7edafdc9d74249854cf0a7b597fec56d4dfc12576e3,1
1\Toshiba Files\terrorists are un.doc,terrorists are un.doc,.doc,document,44032,0.04,1349288650.0,0,UNLIKELY,False,,40b999cc1ce3b190dfad471b85381771e9b28a58275d29a13e9d15c07a552ff3,1
1\Toshiba Files\Terrorists.doc,Terrorists.doc,.doc,document,39936,0.04,1356548348.0,0,UNLIKELY,False,,00993abdfb1d427fe04d584de5bff3291ab061c6b336e37221f783879bc67a7e,1
1\Toshiba Files\Texas cat.doc,Texas cat.doc,.doc,document,40960,0.04,1327627910.0,0,UNLIKELY,False,,6ffc639bac38205fb8f3affa32f6f50b78f6afef2b56d5da3fd7bb9fcd90bc5d,1
1\Toshiba Files\Texas Welfare Office Shooting.doc,Texas Welfare Office Shooting.doc,.doc,document,103424,0.1,1323247764.0,0,UNLIKELY,False,,54f7d4424ae388053720d41d82bd965dae04b46b4ca20a37f91c1d7acc6321ce,1
1\Toshiba Files\Thanks to Little Georgie Shrub and his 2001.doc,Thanks to Little Georgie Shrub and his 2001.doc,.doc,document,58368,0.06,1433780358.0,0,UNLIKELY,False,,6076db559ca8a87ea1fbd0e36e87dad6fcbd99e47229380f06a4813e3f617d7d,1
1\Toshiba Files\That cops join Republicans against unions tells us that many cops are entirely on the wrong side.doc,That cops join Republicans against unions tells us that many cops are entirely on the wrong side.doc,.doc,document,38400,0.04,1342032360.0,0,UNLIKELY,False,,04b84fc827cdd2549f98a77c1bf61afd89865127f764ff00163429411808276b,1
1\Toshiba Files\That howler Huelskamp from Kansas and his staffer Pennell who.doc,That howler Huelskamp from Kansas and his staffer Pennell who.doc,.doc,document,59904,0.06,1426098110.0,0,UNLIKELY,False,,4a645bd2895f707b9893fb4fbddd9d86b5962834742fbd42ee64ee9a742037b6,1
1\Toshiba Files\The 1952 Democratic National Convention was held at the International Amphitheatre in Chicago.doc,The 1952 Democratic National Convention was held at the International Amphitheatre in Chicago.doc,.doc,document,49664,0.05,1373578310.0,0,UNLIKELY,False,,6231d99b2f622f4777782f4b7f483bdc9b0333ec7e6a083fd0c09f7c0e5ed59e,1
1\Toshiba Files\The always dowdy Hillary Clinton truly requires counseling before she even imagines a future.doc,The always dowdy Hillary Clinton truly requires counseling before she even imagines a future.doc,.doc,document,45056,0.04,1359054386.0,0,UNLIKELY,False,,e41e4c2312775e49a7fda0fb7677dbc79c4868600c718fee3d822718114dc844,1
1\Toshiba Files\The American people want jobs.doc,The American people want jobs.doc,.doc,document,38912,0.04,1315416322.0,0,UNLIKELY,False,,5a5dad35cd3b55b1e9add33f42be6488f3f05408160ddb52886c5a1789553446,1
1\Toshiba Files\THE AMERICAN TALIBAN.doc,THE AMERICAN TALIBAN.doc,.doc,document,58368,0.06,1426188494.0,0,UNLIKELY,False,,48a96c27aea8d63d57389868caebd52574389813dbe00e539bb8c30d62dcc156,1
1\Toshiba Files\The Americanus diabolism is a blight upon the world.doc,The Americanus diabolism is a blight upon the world.doc,.doc,document,60416,0.06,1440668194.0,0,UNLIKELY,False,,f127d35c4e5a34057a88b1acde4297cdbe95966782619b30664a124fa1e70f17,1
1\Toshiba Files\The Ankerwycke yew.doc,The Ankerwycke yew.doc,.doc,document,325120,0.31,1473280682.0,0,UNLIKELY,False,,b76ed2531efbfb4e5d805d06178206ed34763f9496c9d987ef78ea1c031f9168,1
1\Toshiba Files\The Battle of Berlin.doc,The Battle of Berlin.doc,.doc,document,104448,0.1,1320872020.0,0,UNLIKELY,False,,f8dfb8f15ff1d33ac61d749148fe1b1b30151e83c201b305dc732f049d73e06c,1
1\Toshiba Files\The best teachers have never been near education classes and courses.doc,The best teachers have never been near education classes and courses.doc,.doc,document,36864,0.04,1307902758.0,0,UNLIKELY,False,,bace914a4f287f9a03d7592565869f88b84cb2a0ed67dab86f5017bc1053a393,1
1\Toshiba Files\The best thing about Indiana is that we can fly over it in about twenty minutes.doc,The best thing about Indiana is that we can fly over it in about twenty minutes.doc,.doc,document,57856,0.06,1427888632.0,0,UNLIKELY,False,,227cc34d8bb35e906104793f9f71e669af90b81664e0185ac8e54abd390b3bec,1
1\Toshiba Files\The C-scans are back--cry havoc.doc,The C-scans are back--cry havoc.doc,.doc,document,26112,0.02,1479730536.0,0,UNLIKELY,False,,2e7cfef1fccde5b0d88564842350b6d96d4d9845c47beb636794fac1cf5f494d,1
1\Toshiba Files\THE CENTENARY.doc,THE CENTENARY.doc,.doc,document,493056,0.47,1296269720.0,0,UNLIKELY,False,,2a62827d16a59d5217e73a3a201f6d4615de377be78a90cac4889ff26d364854,1
1\Toshiba Files\The clearest and most pernicious threat to our Constitution has always been.doc,The clearest and most pernicious threat to our Constitution has always been.doc,.doc,document,46592,0.04,1368383914.0,0,UNLIKELY,False,,06f0f7ad3265e4b0d3d0228c462fde4ca10783074e464e24d3af09575e0e5721,1
1\Toshiba Files\The Clinton creature.doc,The Clinton creature.doc,.doc,document,57344,0.05,1436205044.0,0,UNLIKELY,False,,b5700dfd24951bd2e8bcd215f44cde1cccb31742acf0945050f22f6a1af77b59,1
1\Toshiba Files\The cockpit was warm.doc,The cockpit was warm.doc,.doc,document,260096,0.25,1347761260.0,0,UNLIKELY,False,,ba9e3c8b1a36c9536f661a4fdb9154adee738c922db8873efabad4f5c3f18176,1
1\Toshiba Files\The convincing proof.doc,The convincing proof.doc,.doc,document,47104,0.04,1369182270.0,0,UNLIKELY,False,,344145fe85155cd2fd21c2ecacb8112bf67e254e7a33e1f9a340469bb02d5f4f,1
1\Toshiba Files\The Economist List 2016 Life Expectancy.doc,The Economist List 2016 Life Expectancy.doc,.doc,document,22016,0.02,1468680364.0,0,UNLIKELY,False,,ba66d43152e4d9bd22a1ba73c90823d4eada76e6c466078bb9a9ef834571e3cf,1
1\Toshiba Files\The egregious Lloyd Blankfein and his in.doc,The egregious Lloyd Blankfein and his in.doc,.doc,document,48128,0.05,1406414654.0,0,UNLIKELY,False,,2f92e36b9c9c60b0b9fb4493d8e3edba03abb51c7d685596a445a087d66407e0,1
1\Toshiba Files\THE FIREBIRD TALE.doc,THE FIREBIRD TALE.doc,.doc,document,1464320,1.4,1365979144.0,0,UNLIKELY,False,,2a0490344fb869cb7420f7da8e99221b775fdabb91f37c5fdfba4391e0aabd68,1
1\Toshiba Files\The Five-Forty-Eight  Cheever.doc,The Five-Forty-Eight  Cheever.doc,.doc,document,114176,0.11,1424726932.0,0,UNLIKELY,False,,452ceb59efae634528ec1ba763877564569287a52e73ba55485afe4928f358f6,1
1\Toshiba Files\The Georgia Jihad and its co.doc,The Georgia Jihad and its co.doc,.doc,document,44032,0.04,1357928650.0,0,UNLIKELY,False,,17caade4a8f5ad1fbd40a3022347582199f93bfe5792f564328ea0185a0d6590,1
1\Toshiba Files\The GOP noxious.doc,The GOP noxious.doc,.doc,document,46080,0.04,1364361356.0,0,UNLIKELY,False,,d5a17a42a8f2236d1371c4fdbde105ef20da5ef3585eb4d8c078018db76c29ed,1
1\Toshiba Files\The GOP.doc,The GOP.doc,.doc,document,46080,0.04,1364441004.0,0,UNLIKELY,False,,96c0abb3bbb0c41175b8749ae6b1f6a5f073f4007ed63a9ae0daf6b2598fd9b6,1
1\Toshiba Files\The gutless loathesome Repugnuts.doc,The gutless loathesome Repugnuts.doc,.doc,document,26624,0.03,1462663970.0,0,UNLIKELY,False,,5c519a94bf039f2edca3ab92b3abe5962eb8d82e3862c8034d4e4cbff81b34d0,1
1\Toshiba Files\The headliners for CPAC 13 are not simply retreads.doc,The headliners for CPAC 13 are not simply retreads.doc,.doc,document,46592,0.04,1361418452.0,0,UNLIKELY,False,,08664b986c48bfc0c683db1a7cd78d9315d8b54d2a61a736668e006d477c1c7f,1
1\Toshiba Files\THE HIGHWAYMAN.doc,THE HIGHWAYMAN.doc,.doc,document,55808,0.05,1385831782.0,0,UNLIKELY,False,,e27b981f158c8e4f1677594e9bac4fee19a1913c0c90a13d5ca7873e2b80062c,1
1\Toshiba Files\THE HOLY GOAT blessing..doc,THE HOLY GOAT blessing..doc,.doc,document,49664,0.05,1394470354.0,0,UNLIKELY,False,,5abb64e4665e40cc3d55ac0726739e93233d77661fe7faaa3a5b23e95407004c,1
1\Toshiba Files\The HuffPo is nearly unreadable.doc,The HuffPo is nearly unreadable.doc,.doc,document,44544,0.04,1373070522.0,0,UNLIKELY,False,,fc13a2ac211bdde7dc77cfb749a3c8d9deb25dea3160296746a61a1f2ff2a42b,1
1\Toshiba Files\The HUFFPOSTLIVE bit that follows the cop punching the N.doc,The HUFFPOSTLIVE bit that follows the cop punching the N.doc,.doc,document,45568,0.04,1362718414.0,0,UNLIKELY,False,,464171f6932e5ec1f203a39a6f8049f1d4a18d9477b4584fe4fbf6095e623870,1
1\Toshiba Files\The ignorance . . ..doc,The ignorance . . ..doc,.doc,document,56832,0.05,1420923810.0,0,UNLIKELY,False,,7a50a11362a212627569f8af73e6c06e3ce9a73b78357543151fd0eb55f1cf99,1
1\Toshiba Files\The incoherent Boosh lowlife and his Clown Posse CREATED ISIS.doc,The incoherent Boosh lowlife and his Clown Posse CREATED ISIS.doc,.doc,document,61440,0.06,1433339322.0,0,UNLIKELY,False,,edc0e8acf1e86e552625e8b2ccf4dc0205a7acd352be29b465a20ed9ba7a7053,1
1\Toshiba Files\The irrationality of our knuckle.doc,The irrationality of our knuckle.doc,.doc,document,41984,0.04,1367285034.0,0,UNLIKELY,False,,18c317bb0a26fa1d5bf2445a4cb104384b7a15295f7a27582757fcbb6a63f422,1
1\Toshiba Files\The last 48 hours have allowed us to witness sophomoric Greek tragedy.doc,The last 48 hours have allowed us to witness sophomoric Greek tragedy.doc,.doc,document,39936,0.04,1348102242.0,0,UNLIKELY,False,,1cfda848a2f022d6d13458964bcd5a711a79bca0e7b840b87d8c23b68c335b9b,1
1\Toshiba Files\The last thing we need in the White House or on the next last train.doc,The last thing we need in the White House or on the next last train.doc,.doc,document,52736,0.05,1459818154.0,0,UNLIKELY,False,,2f16fe58bb6a81a8675bd2f92f02d802ac037d8c663e4ecad020d9056d0fe039,1
1\Toshiba Files\THE MAN ON THE TRAIN is one of the best sword.doc,THE MAN ON THE TRAIN is one of the best sword.doc,.doc,document,60928,0.06,1430074874.0,0,UNLIKELY,False,,630b424bb0dd88cf4ee9993c9292864b6c55978317e1893a2c9438dfffeca995,1
1\Toshiba Files\The Masters may be held in some repute.doc,The Masters may be held in some repute.doc,.doc,document,45568,0.04,1365961312.0,0,UNLIKELY,False,,f13b4a4a6b508afd72034a6e349b64dd72f9ebee47a35b1c3fd375081e8dcf2f,1
1\Toshiba Files\The moon is finally down.doc,The moon is finally down.doc,.doc,document,73728,0.07,1439333870.0,0,UNLIKELY,False,,b0dbb9b1b4682cf3b7dc114cda273185dbd0a90f7498f92d0ace4c1e2be600d9,1
1\Toshiba Files\THE NEW YORKER REMNICK TUMP.doc,THE NEW YORKER REMNICK TUMP.doc,.doc,document,35840,0.03,1482438766.0,0,UNLIKELY,False,,8e3a69acedbc4d0460d076279f513d0728768cdbd49bd1732073a2e9f80e6db0,1
1\Toshiba Files\The noxious christian nostrum of reflexive forgiveness is enough to make a cat laugh.doc,The noxious christian nostrum of reflexive forgiveness is enough to make a cat laugh.doc,.doc,document,60928,0.06,1434891164.0,0,UNLIKELY,False,,bc55a2e78720c7a9d59d193b76eb7df5a7fa9dc070f0947186de7cc9f1409c3e,1
1\Toshiba Files\The obtuse Geithner has ever been a calamity so manifestly pernicious.doc,The obtuse Geithner has ever been a calamity so manifestly pernicious.doc,.doc,document,44544,0.04,1359445088.0,0,UNLIKELY,False,,3f402f630ecb06d2a44724365ed2df65032638a18c6da921957a8670d41cce35,1
1\Toshiba Files\The oh.doc,The oh.doc,.doc,document,40448,0.04,1339032088.0,0,UNLIKELY,False,,ded96437d32a5c84dc7a244c691689cb97fc2ced786370d0257daf8538c3380a,1
1\Toshiba Files\The only context we need is that the odious Gohmert said something.doc,The only context we need is that the odious Gohmert said something.doc,.doc,document,43520,0.04,1343071698.0,0,UNLIKELY,False,,62cfb3fb12a413cd36ab325aa5b0d0c31b10a5719e08ba005e87bb57d9ac3377,1
1\Toshiba Files\The only possible balm for the heartache visited upon this country by the.doc,The only possible balm for the heartache visited upon this country by the.doc,.doc,document,45568,0.04,1366289910.0,0,UNLIKELY,False,,01d4b8eaaf7633c54b4511f81bc67c7eff47419f1e9151158a3d8da659253c44,1
1\Toshiba Files\The Overwhelm.doc,The Overwhelm.doc,.doc,document,172032,0.16,1402076246.0,0,UNLIKELY,False,,d6d4a0f86fac3853f22911dea76830b2bde020b7f1d6024ee41a600cd3a01c45,1
1\Toshiba Files\The profound illiteracy displayed in these messages coupled with illiteracy.doc,The profound illiteracy displayed in these messages coupled with illiteracy.doc,.doc,document,59392,0.06,1427968198.0,0,UNLIKELY,False,,3d708b0af2f35bc36a476c378a0aca69a59c15a2512db9050cc9092cd634065e,1
1\Toshiba Files\The Queens lowlife Chump Trump does not think in extended thoughts.doc,The Queens lowlife Chump Trump does not think in extended thoughts.doc,.doc,document,28160,0.03,1479860666.0,0,UNLIKELY,False,,de45cc47e1daa4188c6cc346d5d0327010a627cb12404711cb34066f4ca41003,1
1\Toshiba Files\The reason Grayson appears bright is because he is bright.doc,The reason Grayson appears bright is because he is bright.doc,.doc,document,41472,0.04,1340917298.0,0,UNLIKELY,False,,12f10ee9d5ca7cfee2a325932e7eb69a37a2ce9f2e97b1630f96b71accc67a48,1
1\Toshiba Files\THE RED BOOK REOPENED.doc,THE RED BOOK REOPENED.doc,.doc,document,34304,0.03,1462751106.0,2,UNLIKELY,False,,c0943d6aa8bff88d63748f90e5d2426885fa023013aab93d0f1b4b66284e8f48,1
1\Toshiba Files\The Reno Rodeo sponsored by Coca.doc,The Reno Rodeo sponsored by Coca.doc,.doc,document,46592,0.04,1372014484.0,0,UNLIKELY,False,,b5a34f47014eb75f61be7141b3d55aeb51f9e739252574346edea3340d46438c,1
1\Toshiba Files\The Republicans are uniformly ill.doc,The Republicans are uniformly ill.doc,.doc,document,42496,0.04,1336437134.0,0,UNLIKELY,False,,e047d59309fc9475cc1be150485491fb50896062c93faa359bf005ed7765b616,1
1\Toshiba Files\The restaurants near Benedict college is convenient.doc,The restaurants near Benedict college is convenient.doc,.doc,document,58880,0.06,1355265872.0,0,UNLIKELY,False,,7705fd10017f23902c1988eeb0e438a254e7a03ab1db7feea41661170d469eb3,1
1\Toshiba Files\The Second Coming by William Butler Yeats.doc,The Second Coming by William Butler Yeats.doc,.doc,document,29696,0.03,1272603138.0,0,UNLIKELY,False,,281f304268a3574e7e2559c65925dce07edea8b7574d08f97de128171398c8b1,1
1\Toshiba Files\The Sign GuyAn opossum named Crank wears a chrome German helmet.doc,The Sign GuyAn opossum named Crank wears a chrome German helmet.doc,.doc,document,50176,0.05,1371688666.0,0,UNLIKELY,False,,d37896fea873a4c2845b70cd1738a596119344d6a4047b72e2ced16c0e21386a,1
1\Toshiba Files\THE STARLIGHT - FIRST FEW PAGES.doc,THE STARLIGHT - FIRST FEW PAGES.doc,.doc,document,69120,0.07,1423407646.0,0,UNLIKELY,False,,85f8547e26b7adc546f936de3b14dd46a52fa6428327e2fd3732176530e1f59e,1
1\Toshiba Files\THE STARLIGHT MS.doc,THE STARLIGHT MS.doc,.doc,document,1048576,1.0,1426012148.0,0,UNLIKELY,False,,af8b1a0f39e75936ba0febc123a72d50cfcc202104ae8263b0d6492ab7c97cff,1
1\Toshiba Files\THE STARLIGHT QUERY - 20 PAGES.doc,THE STARLIGHT QUERY - 20 PAGES.doc,.doc,document,109568,0.1,1424103480.0,0,UNLIKELY,False,,e6148cd4e398dad6f1821872bafcbb7acc470f36e2f1d22f7181a9975edb9403,1
1\Toshiba Files\THE STARLIGHT QUERY - PAGES.doc,THE STARLIGHT QUERY - PAGES.doc,.doc,document,58368,0.06,1424103418.0,0,UNLIKELY,False,,de6b2b4b826e7b54326f434dbd6d3a1e008555742ecfa9252dbbe2d1829a9f31,1
1\Toshiba Files\THE STARLIGHT query.doc,THE STARLIGHT query.doc,.doc,document,58368,0.06,1424191642.0,0,UNLIKELY,False,,3278a8c33697f171137f1e13a37b2111b61f97b84fffa005cfe1d067f1d9e69c,1
1\Toshiba Files\THE STARLIGHT.doc,THE STARLIGHT.doc,.doc,document,1036800,0.99,1422649740.0,0,UNLIKELY,False,,5d5b1e43c9df01890afeb003cfdb506d0e64b3bba5542796552f69965644fb74,1
1\Toshiba Files\The Teahadi goon show of feebs and fanatics doing its worst to dee1.doc,The Teahadi goon show of feebs and fanatics doing its worst to dee1.doc,.doc,document,58880,0.06,1427887232.0,0,UNLIKELY,False,,2465df4f3e47c1cbc429cf5aebad795b772b437a120b4d971abffc1ed0620651,1
1\Toshiba Files\The Teahadi goon show of feebs and fanatics doing its worst to deep.doc,The Teahadi goon show of feebs and fanatics doing its worst to deep.doc,.doc,document,54272,0.05,1427797452.0,0,UNLIKELY,False,,85fe4a6316b458638e9b4c4e7e67d802091125f67565e95cd2fd68547310e74b,1
1\Toshiba Files\The Teahadis have hurt their brand.doc,The Teahadis have hurt their brand.doc,.doc,document,59904,0.06,1430487740.0,0,UNLIKELY,False,,37d30ac451fadc1ed4db49caecf1604718c43847bbe855e7352fb251f9111418,1
1\Toshiba Files\The Teahadis have made their beds.doc,The Teahadis have made their beds.doc,.doc,document,59904,0.06,1441073512.0,0,UNLIKELY,False,,aa2feaae9bcacdb502ba0ea783a0ae35201bf73d88e0f501331e971c1cfc2b26,1
1\Toshiba Files\The Teapublicans are bereft of rational expertise to examine evidence of any sort.doc,The Teapublicans are bereft of rational expertise to examine evidence of any sort.doc,.doc,document,41984,0.04,1368168500.0,0,UNLIKELY,False,,6fa13ecc7144b319d70e90ab11cc2da0c15601ddb729c8c05ea90049c2a3de94,1
1\Toshiba Files\The top 1.doc,The top 1.doc,.doc,document,57344,0.05,1423790416.0,0,UNLIKELY,False,,1b3cd8d02c4f9e48ca7a0c7137a8a7b34f885bf38665040103431177181e56bf,1
1\Toshiba Files\The Walker.doc,The Walker.doc,.doc,document,59392,0.06,1426890312.0,0,UNLIKELY,False,,66a1e56d3804ffba1d0265f99b8e654a524e8b2f56da9d0a77c6e5547d0100b6,1
1\Toshiba Files\The world needs a supported and competent international force commanded by no country.doc,The world needs a supported and competent international force commanded by no country.doc,.doc,document,61952,0.06,1436049266.0,0,UNLIKELY,False,,93cbb146004894a8cd324dd07af9662001b83608c9a4c1e9c34a089291d23dcf,1
1\Toshiba Files\There are many Americas.doc,There are many Americas.doc,.doc,document,23040,0.02,1449193846.0,0,UNLIKELY,False,,dda1c715b3866d8e09137307034d9c727c386c2d4bdee37c3247965495f8abfc,1
1\Toshiba Files\There are two locations for McCormick.doc,There are two locations for McCormick.doc,.doc,document,33792,0.03,1310003682.0,0,UNLIKELY,False,,fde6f77664506f1358cde8b4453a07368dac4be0649787b18106b55827876e8b,1
1\Toshiba Files\There is no depravity which the American culture will spurn.doc,There is no depravity which the American culture will spurn.doc,.doc,document,40448,0.04,1326668816.0,0,UNLIKELY,False,,5ff0d55b6b277e020f858f1dc4be5607f9540db38958524624dc8f40b78cdac3,1
1\Toshiba Files\There is no god.doc,There is no god.doc,.doc,document,60928,0.06,1432356634.0,0,UNLIKELY,False,,67b39f39b233d013e4b81d2bbf3431c8081b47b9ced54fac68a5060d5e2a0853,1
1\Toshiba Files\There is no good reason to go to Indian1.doc,There is no good reason to go to Indian1.doc,.doc,document,58880,0.06,1427886558.0,0,UNLIKELY,False,,06f64d73fd8daa0a03c366d3a83ce11c922cb0d07858c479ba582a1ad5f9f91f,1
1\Toshiba Files\There is no good reason to go to Indiana.doc,There is no good reason to go to Indiana.doc,.doc,document,58368,0.06,1427839520.0,0,UNLIKELY,False,,12b0f2c4fbd0b988eadc3f1499bcb4cde64b1021563ab41f8fe79ac584073841,1
1\Toshiba Files\There is not one scientific association in the world.doc,There is not one scientific association in the world.doc,.doc,document,44032,0.04,1356665554.0,0,UNLIKELY,False,,ae3910c61717091e1f63e56c2920b729c4fb1375104f7d2c7b3e9eb0dcaeca9a,1
1\Toshiba Files\There.doc,There.doc,.doc,document,41472,0.04,1340436252.0,0,UNLIKELY,False,,726494d2dd6311aa27beccdf3f0f7de04a73716e25974862b5bb9cf4c9e029bc,1
1\Toshiba Files\These bums don  religion dead.doc,These bums don  religion dead.doc,.doc,document,27136,0.03,1465138074.0,0,UNLIKELY,False,,8b1270558b55deb6d7850ba8e4d5c51878be31bcb7270d0601278f34e6f2501c,1
1\Toshiba Files\These collection bums have been lying.doc,These collection bums have been lying.doc,.doc,document,42496,0.04,1340853008.0,0,UNLIKELY,False,,d696f413c66c900d08633af1f14b91b8bbec0c663c7dbb2e29ac4894ccec037b,1
1\Toshiba Files\These Teahadi deadbeats are a waste of good oxygen.doc,These Teahadi deadbeats are a waste of good oxygen.doc,.doc,document,59904,0.06,1439854748.0,0,UNLIKELY,False,,08130c642f9f9cb52024a3b299916ff87674ada76153c172e79d9cc8fadce9b2,1
1\Toshiba Files\This a crushing blow . . ..doc,This a crushing blow . . ..doc,.doc,document,44544,0.04,1340943854.0,0,UNLIKELY,False,,c573ee2395fb149cd28ce852bbeb402fe027cd147d87e5c19742cd086753aa4e,1
1\Toshiba Files\This A-hole religious nutbag.doc,This A-hole religious nutbag.doc,.doc,document,60928,0.06,1433339334.0,0,UNLIKELY,False,,597c1e485117a69c5d6ebcda2a6f51db611f3fe2a49b8af6a283a816c6079e51,1
1\Toshiba Files\This bit should tell you all you might ever require to realize Kennesaw State and its sub.doc,This bit should tell you all you might ever require to realize Kennesaw State and its sub.doc,.doc,document,57856,0.06,1433705806.0,0,UNLIKELY,False,,8e843c21a5308393830a47239da72f18638e892db428ca519d88e9f01c1a786c,1
1\Toshiba Files\This calumny is only the latest police riot on our law.doc,This calumny is only the latest police riot on our law.doc,.doc,document,57344,0.05,1423303916.0,0,UNLIKELY,False,,1d3c8e71726a11d892f7b3c40aab5bcc387b82eeda8c463507e8f934a75ef930,1
1\Toshiba Files\This country and its ghastly Republicans.doc,This country and its ghastly Republicans.doc,.doc,document,46080,0.04,1370331466.0,0,UNLIKELY,False,,97884ff14dfccd424bba121686c2296b50d9b3ef2bc829608a785273027cb555,1
1\Toshiba Files\This dope.doc,This dope.doc,.doc,document,22016,0.02,1482087452.0,0,UNLIKELY,False,,b0a3c24999801f411754f0c3e350f241993f99f72075570354a72e8909a42f0b,1
1\Toshiba Files\this is not an accredited egres1.doc,this is not an accredited egres1.doc,.doc,document,46080,0.04,1371925236.0,0,UNLIKELY,False,,bbb0714ea97c745c763ae4574e1fe64b220bfad8b346df3177b4b117d26804d0,1
1\Toshiba Files\This is the truck exactly like the truck your mom drove to school in Winchester.doc,This is the truck exactly like the truck your mom drove to school in Winchester.doc,.doc,document,124928,0.12,1430591914.0,0,UNLIKELY,False,,b82a3e20fe74e7cbe57593581aef63201aa466882443067e20ef0ed2032f4ca4,1
1\Toshiba Files\This is what happens when the obnoxious Prom King and Queen from Hades show up juiced at the bonfire on the beach at three in the morning.doc,This is what happens when the obnoxious Prom King and Queen from Hades show up juiced at the bonfire on the beach at three in the morning.doc,.doc,document,26112,0.02,1461793958.0,0,UNLIKELY,False,,888249c6b0409ccd7866818a743a6cb93c587a3c5488f35855ad127c70f409a8,1
1\Toshiba Files\This is what lowlife arrivistes do when they seek to adorn their scrubby little inadequacies in what they take for profundity.doc,This is what lowlife arrivistes do when they seek to adorn their scrubby little inadequacies in what they take for profundity.doc,.doc,document,933888,0.89,1426698188.0,0,UNLIKELY,False,,5a7c8319a00f1e3f36b90535244426918fc62b384d798565a182f3d1bc4e0eaa,1
1\Toshiba Files\This misguided.doc,This misguided.doc,.doc,document,44544,0.04,1340918424.0,0,UNLIKELY,False,,540cbab9dc7c34c5ea21d615c9becbad00cc22179efe7a2b21c62675b9f63765,1
1\Toshiba Files\This science stuff is getting out of hand.doc,This science stuff is getting out of hand.doc,.doc,document,45568,0.04,1369950260.0,0,UNLIKELY,False,,a6e708b18ba11c55129cc56e950f376acb351a1c7585daff9a8d6430413d4db0,1
1\Toshiba Files\Thorn Apples image of branches.doc,Thorn Apples image of branches.doc,.doc,document,37888,0.04,1280455532.0,0,UNLIKELY,False,,950a6e21b4c4407f185e8bd3018857d0a93671ec11479a6eb9f675e3ef4c38da,1
1\Toshiba Files\THX.doc,THX.doc,.doc,document,925696,0.88,1382800820.0,0,UNLIKELY,False,,4715dc3bd6cb68063958eb58eca89ea629c17e91c4d1ab82ca0cdb475ecded5a,1
1\Toshiba Files\Tickety boo.doc,Tickety boo.doc,.doc,document,34304,0.03,1462755800.0,0,UNLIKELY,False,,517a51df6a15c9c2a504ce47a55fcbf41e90df0b092dc1041c32408dbe8f208c,1
1\Toshiba Files\Time for a few Venn diagrams.doc,Time for a few Venn diagrams.doc,.doc,document,46592,0.04,1369446092.0,0,UNLIKELY,False,,6c09be15a2c8a1bf0c760b5d762958e21a82bde5e224b52a486ba2742fc84777,1
1\Toshiba Files\Time to turn out the lights.doc,Time to turn out the lights.doc,.doc,document,42496,0.04,1340313590.0,0,UNLIKELY,False,,0e7fd14869402458bd9be11a03d234e4ffce16b3c442cc981eb8b5b51d534ddb,1
1\Toshiba Files\TIMI 1.doc,TIMI 1.doc,.doc,document,38400,0.04,1338169702.0,0,UNLIKELY,False,,0d8864a6459d192b0fbe9a04382e7dc403c8621a5c843c16478a1e858162fc8a,1
1\Toshiba Files\TIMI 2.doc,TIMI 2.doc,.doc,document,37888,0.04,1338163594.0,0,UNLIKELY,False,,b6e1b2315faacb02a5acc39944ce52158d9098a97295c123da3619caf51e3c54,1
1\Toshiba Files\Timi born.doc,Timi born.doc,.doc,document,60416,0.06,1432639388.0,0,UNLIKELY,False,,07f91ae0974b920c02186ff94f855de6c8c1b6bdf02662fd960c0b316991ebe9,1
1\Toshiba Files\Tina & Gordon's Water Supply.doc,Tina & Gordon's Water Supply.doc,.doc,document,53248,0.05,1400879508.0,0,UNLIKELY,False,,f9f85ce7b8e45811f5876e28627f2af56d959afc0bd078c8bcf41340c3d58ff3,1
1\Toshiba Files\tina lunch.doc,tina lunch.doc,.doc,document,61952,0.06,1444252196.0,0,UNLIKELY,False,,b4b1d8b30d42b429aff3afe626d1a100e162e871e14f25ffd3fc7a92fb94aa3a,1
1\Toshiba Files\TINA'S SPECIAL ROOM.doc,TINA'S SPECIAL ROOM.doc,.doc,document,58368,0.06,1428174660.0,0,UNLIKELY,False,,2b7edfd8df49a6706800bf027bce38d6401dab16bdf55ce3c50a6a7cef5dd773,1
"1\Toshiba Files\Tina, love....doc","Tina, love....doc",.doc,document,5668864,5.41,1428224554.0,0,UNLIKELY,False,,a24f2aab0627d9cf8b8659a5f70b08ef8618d675ee6e5c91d7884b9145d87aa7,1
1\Toshiba Files\TINY HOUSE 3.doc,TINY HOUSE 3.doc,.doc,document,53760,0.05,1425910348.0,0,UNLIKELY,False,,2802b51f4fa1d0c9ca3db7cba18fea0b4a151bde52c281f9ca44a5a550676e4e,1
1\Toshiba Files\To celebrate THE STARLIGHT.doc,To celebrate THE STARLIGHT.doc,.doc,document,57344,0.05,1424474110.0,0,UNLIKELY,False,,84c8b1e2dbde1004497fbbffcef8387fc0c1a638f17c27fc4207e3523bcef6da,1
1\Toshiba Files\TO THE RELIGIOUS.doc,TO THE RELIGIOUS.doc,.doc,document,45056,0.04,1358813612.0,0,UNLIKELY,False,,51b825733ef9fc1ef4578d547e1e370f8cfbf8d9654465934ab4317393139598,1
1\Toshiba Files\Todd.doc,Todd.doc,.doc,document,40960,0.04,1340440242.0,0,UNLIKELY,False,,f15e93977598f982fd3597b98cae13a3e2f61abcec37f67bf1c34645962a14c6,1
"1\Toshiba Files\Too little, way to late burn it down.doc","Too little, way to late burn it down.doc",.doc,document,27136,0.03,1479168318.0,0,UNLIKELY,False,,3d5cd6b0b634fee0e5a54200113d5fde4e197d15a71138a9296827afd2481f9c,1
1\Toshiba Files\Too little.doc,Too little.doc,.doc,document,22016,0.02,1486060670.0,0,UNLIKELY,False,,aacbbb3805f8d138de39dcaab4597192f0353d721f05a18cd89e964c3c5e9483,1
1\Toshiba Files\top 1% has 50% US wealth.doc,top 1% has 50% US wealth.doc,.doc,document,58368,0.06,1343254542.0,0,UNLIKELY,False,,dcff727091a19d7279e45305f518bdac4c5ff0148e1d991861af166df7afcee2,1
1\Toshiba Files\TOP 10.doc,TOP 10.doc,.doc,document,40960,0.04,1340440154.0,0,UNLIKELY,False,,950077075e057f5e883b9b504e5b2de8623ae16aff49f62551376e9b3ebb2a6d,1
1\Toshiba Files\Top Romney official.doc,Top Romney official.doc,.doc,document,44032,0.04,1348864324.0,0,UNLIKELY,False,,cab7995a13cff59d7facd33f63751ab4a7a99cf404d21b19898e3015eca45279,1
1\Toshiba Files\TORONTO STAR TRUMP.doc,TORONTO STAR TRUMP.doc,.doc,document,32768,0.03,1452549094.0,0,UNLIKELY,False,,9af944708df4df430f58fe86c9076681fca0659819b959b292e99bd7864010c4,1
1\Toshiba Files\Train Novels.doc,Train Novels.doc,.doc,document,50688,0.05,1348372934.0,0,UNLIKELY,False,,fe07b87e715038ece46a5187f0e43700632b6920c4914153cab421f4d4492b0f,1
1\Toshiba Files\Traits of a Fascist State.doc,Traits of a Fascist State.doc,.doc,document,46592,0.04,1305613938.0,0,UNLIKELY,False,,f77e2332275372012a89acf818a945879cf7a2a6af9a65735d11b068234d2045,1
1\Toshiba Files\Trayvon Martin and Her Black hair.doc,Trayvon Martin and Her Black hair.doc,.doc,document,48128,0.05,1373853620.0,0,UNLIKELY,False,,e9c9c3222d57237861922a6157960b03256c61aecb4b1b51ca6e334075d8c9ab,1
1\Toshiba Files\Trump and America dead.doc,Trump and America dead.doc,.doc,document,27648,0.03,1452377362.0,0,UNLIKELY,False,,33895eb0b0b212a29d30cfa29fa5186b3b772f91f05357b293b162a845366399,1
1\Toshiba Files\TRUMP in Burlington.doc,TRUMP in Burlington.doc,.doc,document,804352,0.77,1452350484.0,0,UNLIKELY,False,,ec6c0aadb9e5c3ef71ae745301521471e0afd255ed6e0bbb7575233dc3e733ed,1
1\Toshiba Files\Trump is that thing thumping around in the attic.doc,Trump is that thing thumping around in the attic.doc,.doc,document,28160,0.03,1464961964.0,0,UNLIKELY,False,,5ea0f05bd006c85146d79336f9ff41d93a420853cc9d6d2342dbfc719e09ca92,1
1\Toshiba Files\Trump isn't an anomaly.doc,Trump isn't an anomaly.doc,.doc,document,23552,0.02,1464297608.0,0,UNLIKELY,False,,38195fe01d6db5ef08d6cda9b66e9ef10d28f984be13072f21addc7466f18cc2,1
1\Toshiba Files\Trump's Il Duce Routine--Cohen.doc,Trump's Il Duce Routine--Cohen.doc,.doc,document,31232,0.03,1469121952.0,0,UNLIKELY,False,,4f00fc23fcc0b5a907c1d9e42b074141f8beea0a5fdde8cb4b3672bf3786bd16,1
1\Toshiba Files\Trump's pomaded sons.doc,Trump's pomaded sons.doc,.doc,document,26624,0.03,1482367550.0,0,UNLIKELY,False,,067477cf011b06293edc01bf0ed392b9115c19bde2c9b9e8ca9a8c3a2fe1a8c3,1
1\Toshiba Files\Try to get it right.doc,Try to get it right.doc,.doc,document,42496,0.04,1358235388.0,0,UNLIKELY,False,,a20dfaddb1ab95c6a8652d8db2e19f7ba909f22834e4bb256299a28cc7f60810,1
1\Toshiba Files\Tuna 3.5.15.doc,Tuna 3.5.15.doc,.doc,document,61952,0.06,1425585210.0,0,UNLIKELY,False,,96a11d6aff89867beb6623537c7b08e90a4020f4df0be7e2a5c13a9d1c79d438,1
1\Toshiba Files\Tuna NOV 2015.doc,Tuna NOV 2015.doc,.doc,document,62464,0.06,1446497176.0,0,UNLIKELY,False,,56e8b28ff640b1678906dd0764064d041400c180b1139c098ac6278fbc34c459,1
1\Toshiba Files\Turn your computer off.doc,Turn your computer off.doc,.doc,document,22016,0.02,1482022402.0,0,UNLIKELY,False,,b24f685dbafe87caa2005107f57cb9f41c4d9c7faf4c7cc99f0d0c5d6dbc6f8c,1
1\Toshiba Files\TWEETS FROM THE DEAD LAND.doc,TWEETS FROM THE DEAD LAND.doc,.doc,document,45568,0.04,1352776754.0,0,UNLIKELY,False,,d787a16abc795ae6185c72b4b235945cb3e9105ec53461549c50803bcb05022e,1
1\Toshiba Files\Types of snow crystals laurie sue.doc,Types of snow crystals laurie sue.doc,.doc,document,29184,0.03,1449019270.0,0,UNLIKELY,False,,a6e0ba723c36ada786c823f9f6e0cb21f3cc4c9871f8acf73cc83c33708b967a,1
1\Toshiba Files\ULC symbols.doc,ULC symbols.doc,.doc,document,67072,0.06,1423871882.0,0,UNLIKELY,False,,d2d1e8b31d6f2c84929ea045d9d2f771ac5fcca05633cfdfd152a54c19287112,1
1\Toshiba Files\Under duress and for nearly five years.doc,Under duress and for nearly five years.doc,.doc,document,46080,0.04,1366646508.0,0,UNLIKELY,False,,efd4ed2e36fcddd2ff4188f6f08a50c7fc14ddffd7e6ad072994de8094b69023,1
"1\Toshiba Files\Understand, please there is no difference cops and bums.doc","Understand, please there is no difference cops and bums.doc",.doc,document,61952,0.06,1435367792.0,0,UNLIKELY,False,,71daec8f4bd0ae0bb450155342309cadd0b5bd4babc225791237eb7bf292f4eb,1
1\Toshiba Files\UNNAMED CAVES.doc,UNNAMED CAVES.doc,.doc,document,170496,0.16,1340433168.0,0,UNLIKELY,False,,b7ff43ffa8f4ea856641454849467ce04e00ab56dbf75e8ae03d3d95dc9c30f3,1
1\Toshiba Files\uscav Your Order Number is 1128360.doc,uscav Your Order Number is 1128360.doc,.doc,document,62976,0.06,1338514772.0,0,UNLIKELY,False,,bb2173ec97769e1234ba15e6576a01d401099c1066b616d2bc4226385fb8acab,1
1\Toshiba Files\Utah Teahadis thinks women having late.doc,Utah Teahadis thinks women having late.doc,.doc,document,26112,0.02,1459295340.0,0,UNLIKELY,False,,40a908f673dca4267e1e816dc7cc86905675b0c56a9d7e7e6a957a91eda3c8a4,1
1\Toshiba Files\UVM DONATIONS  Reflections On Gratitude.doc,UVM DONATIONS  Reflections On Gratitude.doc,.doc,document,33792,0.03,1473795670.0,0,UNLIKELY,False,,c5a439738f9b78eb37c3f1b51a9f45b60e28d4c12255505fb21b2cb2f6691cfb,1
1\Toshiba Files\Very likely mine is not a story of extremes.doc,Very likely mine is not a story of extremes.doc,.doc,document,40960,0.04,1322678820.0,4,LOW,False,,ee5718e4cbcb4b497ff6cbdd4bd8cf45e4c2f5f24e2d41a650832b2bf4786685,1
1\Toshiba Files\VT AG Foreclosure NY-DE.doc,VT AG Foreclosure NY-DE.doc,.doc,document,50176,0.05,1312582988.0,0,UNLIKELY,False,,7625b710a54065f5978047c61a36dae3e8e8a7394e0aef67b31aa3c63aa147a0,1
1\Toshiba Files\VT AG LETTER 11.10.doc,VT AG LETTER 11.10.doc,.doc,document,35840,0.03,1322678676.0,0,UNLIKELY,False,,cea995996420159539603909ae5dbc99f3b309f3c2f42a1292c6134ebdc75d35,1
1\Toshiba Files\vw.doc,vw.doc,.doc,document,87552,0.08,1317026358.0,0,UNLIKELY,False,,3e70ac24bb81e4f690b5a72a0235ad4f61f1cc09858065068ffb1e3460ca7bfa,1
1\Toshiba Files\VW2.doc,VW2.doc,.doc,document,87552,0.08,1317026526.0,0,UNLIKELY,False,,ffb4e90c9073ebc10d660a629af99eb30dd344dae767365bcce941aa17694267,1
1\Toshiba Files\Wait a minute--Boosh.doc,Wait a minute--Boosh.doc,.doc,document,45568,0.04,1369525068.0,0,UNLIKELY,False,,f831fed54780b54070459d2410451ef345312cdaab0f9050bd5e01fae1b6d2de,1
1\Toshiba Files\WAR HORSE.doc,WAR HORSE.doc,.doc,document,675840,0.64,1326237714.0,0,UNLIKELY,False,,d4dc1fbffb9dfd7601cb19be9bb9b7c301689fb52ef3fec50614e3a4d456a1ce,1
1\Toshiba Files\Wayne Newton.doc,Wayne Newton.doc,.doc,document,40448,0.04,1339032218.0,0,UNLIKELY,False,,b9c2c91c0fcee9f9a3dfa62eef4703cdc26b803a6362797143eb9c0de1052df2,1
1\Toshiba Files\We all know the bit about Franklin being asked in a Philadelphia street.doc,We all know the bit about Franklin being asked in a Philadelphia street.doc,.doc,document,26624,0.03,1479664852.0,0,UNLIKELY,False,,0a44f8de065499dded0158bdb7a3da29c2d50ec97b031200c063694c30e5d0ad,1
1\Toshiba Files\We all should enlighten the Russians that they remain the insufferable homo boobi of the world - Copy.doc,We all should enlighten the Russians that they remain the insufferable homo boobi of the world - Copy.doc,.doc,document,42496,0.04,1345166086.0,0,UNLIKELY,False,,1d5aa5e0f143d0652ae0f5fe63c1934b6f245c6f46c140466dde44c89013c8d5,1
1\Toshiba Files\We are well on our way to being a permanent third.doc,We are well on our way to being a permanent third.doc,.doc,document,47104,0.04,1364253892.0,0,UNLIKELY,False,,cf830884b0d55849cf0c47c7435277a8530f5bf452c2b4fa31767f5956b88495,1
1\Toshiba Files\We Can't Fix Stupid.doc,We Can't Fix Stupid.doc,.doc,document,40448,0.04,1348465222.0,0,UNLIKELY,False,,2b325a2a26163dd263098193f564979cbb710d5824abc6c009a110882a5e0dc7,1
1\Toshiba Files\We don.doc,We don.doc,.doc,document,40960,0.04,1323810514.0,0,UNLIKELY,False,,e5d540e9e8abad0ba431a9c78c74e202732308d3db1a646e7fce5ebdfed0f3e8,1
1\Toshiba Files\We dont make anything.doc,We dont make anything.doc,.doc,document,58880,0.06,1428568682.0,0,UNLIKELY,False,,f8a543ba45ccafb67ffc0c15e3a63dd9f836c1e3c71b12a39be28537ab449abf,1
1\Toshiba Files\We have a problem with our community mail drop that needlessly impedes our quality of life for everyone involved.doc,We have a problem with our community mail drop that needlessly impedes our quality of life for everyone involved.doc,.doc,document,46592,0.04,1357089600.0,0,UNLIKELY,False,,7649e8013bb8db121209658366933484407098ea59aba154c8b81368221d68f0,1
1\Toshiba Files\We have ignorant.doc,We have ignorant.doc,.doc,document,44544,0.04,1345980140.0,0,UNLIKELY,False,,39eca44fc6bcd0069a669fa92c24eaf6112ce2d0885c796ea6654f3afff6d3b8,1
1\Toshiba Files\We have the best Congress money can buy.doc,We have the best Congress money can buy.doc,.doc,document,53248,0.05,1424299148.0,0,UNLIKELY,False,,d95defcb22f639b6384aee5429d7bd995a76f5902147146aaa90f260481963d0,1
1\Toshiba Files\We have tolerated religion for far too long.doc,We have tolerated religion for far too long.doc,.doc,document,46592,0.04,1369344432.0,0,UNLIKELY,False,,f3af06748b55e5ef00989fd8a5894e23a4ffe2ebfc89b9d3df120ad3ad2aa771,1
1\Toshiba Files\We need Churchill and we get Huckabee.doc,We need Churchill and we get Huckabee.doc,.doc,document,62464,0.06,1438283046.0,0,UNLIKELY,False,,ca90d2a512acdf9dde6e0d037cda9c4aefa8e907ad24b5b935f19758bf3e06ff,1
1\Toshiba Files\We shall rue our cowardice that we have not yet hacked off the head of the Republican.doc,We shall rue our cowardice that we have not yet hacked off the head of the Republican.doc,.doc,document,40448,0.04,1358536424.0,0,UNLIKELY,False,,f29c0c8ceae10f67c7e0e4507d68ce3336fe15322b530b8c4f6c614d3c53c1eb,1
1\Toshiba Files\We sit contemplating our Middle East navel.doc,We sit contemplating our Middle East navel.doc,.doc,document,60416,0.06,1432256102.0,0,UNLIKELY,False,,423a05eaf136990250aa15c6f4ee5c531ff003342e332c9453ace0f4381b2a86,1
1\Toshiba Files\We stand within a loop of gravel driveway.doc,We stand within a loop of gravel driveway.doc,.doc,document,58368,0.06,1426978220.0,0,UNLIKELY,False,,b835e5415b4d0a44053d57930cb678bac73a5592e5b7fea771fb3ff4b8ce573c,1
1\Toshiba Files\We were never much.doc,We were never much.doc,.doc,document,64000,0.06,1461437886.0,0,UNLIKELY,False,,f1cc3b0583a28059350133345e85b501facf2ef93fd8081d2fb53ac676cf1913,1
1\Toshiba Files\We're not even--slovenly pigs at the trough.doc,We're not even--slovenly pigs at the trough.doc,.doc,document,60416,0.06,1440245790.0,0,UNLIKELY,False,,5653c5a2bb6d399c59330dca19c7b0aa36aba1272dd8f071bbcedc1495eeda93,1
1\Toshiba Files\We're only a week in and.doc,We're only a week in and.doc,.doc,document,26624,0.03,1485743492.0,0,UNLIKELY,False,,bd739c87d6f1b0a2801f48b00977342f83cd5537289ff28a1c666fdb1055bbca,1
1\Toshiba Files\We.doc,We.doc,.doc,document,46592,0.04,1362892012.0,0,UNLIKELY,False,,5990081afcfdda3b72760bbb0b7335ceb3c3b4cbdcde2aaa559f83826adcef16,1
1\Toshiba Files\We1.doc,We1.doc,.doc,document,60416,0.06,1430916198.0,0,UNLIKELY,False,,ee52d283055592cd353dee543ae38a147af6dc4d9bb6d330236cdc56eca7b8d4,1
1\Toshiba Files\Well Joisy again.doc,Well Joisy again.doc,.doc,document,22016,0.02,1452616788.0,0,UNLIKELY,False,,135e06016b7623548721c33c5031b19d7bb0802d37d88cf349a5f02f8fb32230,1
"1\Toshiba Files\Well, are we surprised.doc","Well, are we surprised.doc",.doc,document,65024,0.06,1477517272.0,0,UNLIKELY,False,,eae014013e181a49daa09710251d71a724f07ee1a2d3cb36dda76dd9d1091900,1
1\Toshiba Files\Well--Michiganders.doc,Well--Michiganders.doc,.doc,document,59904,0.06,1430818300.0,0,UNLIKELY,False,,afc7e81825d53df46f807fc4172bedd60b1d60be31205736d3dd66175ff356c6,1
1\Toshiba Files\Well--trump in burlington.doc,Well--trump in burlington.doc,.doc,document,27648,0.03,1452298580.0,0,UNLIKELY,False,,a1a087a95d453115b3eed82b81b8071f66fa757c44dd713878ef914494667b4d,1
1\Toshiba Files\Well.doc,Well.doc,.doc,document,40448,0.04,1348534088.0,0,UNLIKELY,False,,ddb38d76fc42c4b78610e5fb463ba141e33cc5f600ab1e327d9df6ed66a778ed,1
1\Toshiba Files\Well1.doc,Well1.doc,.doc,document,40960,0.04,1363312122.0,0,UNLIKELY,False,,39da6e8c8db778d384c06d3f7590d37c9b9d296538ed154976ec9d8a5222c52f,1
1\Toshiba Files\Wells.doc,Wells.doc,.doc,document,232448,0.22,1433370300.0,0,UNLIKELY,False,,28e4ea21a2b26405096c4176773930e5b2a6bd62ac80564b1b26c12bcf5799f6,1
1\Toshiba Files\Were it not for felonious Bush.doc,Were it not for felonious Bush.doc,.doc,document,26624,0.03,1447886246.0,0,UNLIKELY,False,,487ad531320e9ae4fd3676a881f034f56b2bc50d57901215016b29a66e282c99,1
1\Toshiba Files\Westland Lysander.doc,Westland Lysander.doc,.doc,document,398336,0.38,1346975230.0,0,UNLIKELY,False,,b6ccf656dcae1a2bb726af9e19d2af06a78015c654aa1469b8e812a1894a6c18,1
1\Toshiba Files\We’ve had decades of socialism for the rich 1%.doc,We’ve had decades of socialism for the rich 1%.doc,.doc,document,60416,0.06,1430429258.0,0,UNLIKELY,False,,ffcf2319154d7b6a577cd596e476f258bcf1d3dd211b41e73974c9cfad22219d,1
1\Toshiba Files\We’ve had decades of socialism for the rich.doc,We’ve had decades of socialism for the rich.doc,.doc,document,56320,0.05,1484167096.0,0,UNLIKELY,False,,1271570e8f2e0ec850683525f2d9f577b3261f4052cdc195b5022a51cfcf4765,1
1\Toshiba Files\What are we gonna do without Christian wackaloons.doc,What are we gonna do without Christian wackaloons.doc,.doc,document,39424,0.04,1332440798.0,0,UNLIKELY,False,,78a8a28a6e3ab8e4a7ad8eeb1799e9fff81b8001d5f695370b6930fbd30ffca1,1
1\Toshiba Files\What The Boy Saw.doc,What The Boy Saw.doc,.doc,document,103424,0.1,1358365420.0,0,UNLIKELY,False,,99f75259415fefd6b912725fc72cb7d38d159e45b6d6a0fdc55c08b3c364e663,1
1\Toshiba Files\When all the jube.doc,When all the jube.doc,.doc,document,24064,0.02,1479842888.0,0,UNLIKELY,False,,f33437cc38ee7612d0eef29289db1447d83e3549c470956211144a69f3a8a944,1
1\Toshiba Files\When has your heart ever been anything but a wreck.doc,When has your heart ever been anything but a wreck.doc,.doc,document,55296,0.05,1419789596.0,0,UNLIKELY,False,,2dca642f183d038b622e7b26623cd0226517aae4505cc20564dc57bc152fcd39,1
1\Toshiba Files\When there's a fire titanic stump.doc,When there's a fire titanic stump.doc,.doc,document,27136,0.03,1492432910.0,0,UNLIKELY,False,,5e76b1a1ce082c6d037596e276217dfd1850d80e778685596cb0d8c1e441eb45,1
1\Toshiba Files\Whew.doc,Whew.doc,.doc,document,67072,0.06,1437433044.0,0,UNLIKELY,False,,b9ee1784e768faeee54b263826de71ae93c429c855781d674208984be5ca921f,1
1\Toshiba Files\Which reminds me that during the 25 years I taught.doc,Which reminds me that during the 25 years I taught.doc,.doc,document,53760,0.05,1426421456.0,0,UNLIKELY,False,,a981c6ae35c08331d102f08e0d2d78824614d985ecff9075975f9b11edc8f927,1
1\Toshiba Files\While only 13% pop is black.doc,While only 13% pop is black.doc,.doc,document,64512,0.06,1443791342.0,0,UNLIKELY,False,,6dca8344d2ba2bd5a3b7c7786b66183ed0920c985e2f9f3fa58af7a8c6e1e357,1
"1\Toshiba Files\While Stump is himself low-grade, disgraceful,.doc","While Stump is himself low-grade, disgraceful,.doc",.doc,document,27136,0.03,1484925792.0,0,UNLIKELY,False,,3e7a93e64f40fc5849542b933d323384b0fe8ae8a178ea824908c9488729b40a,1
1\Toshiba Files\White Gold.doc,White Gold.doc,.doc,document,398336,0.38,1310982350.0,0,UNLIKELY,False,,85016a811463fa3407fde7387050909dedf75cd58723f9ef67577779b330561a,1
1\Toshiba Files\Who are bloody you to admonish mankind with your insouciant debt.doc,Who are bloody you to admonish mankind with your insouciant debt.doc,.doc,document,44544,0.04,1360501882.0,0,UNLIKELY,False,,322cc26d02dd208be37c6e057d8b00b690cb9607ff2863f6905910ec88f82da7,1
1\Toshiba Files\Who cares what some silly.doc,Who cares what some silly.doc,.doc,document,39936,0.04,1356809580.0,0,UNLIKELY,False,,590202f969eed503a884dfe684b874e322ec5836088c622f556f9d4a3b171213,1
1\Toshiba Files\Who cares.doc,Who cares.doc,.doc,document,40960,0.04,1340435510.0,0,UNLIKELY,False,,681306d5bee925b10e8be9569e92a6660ff8fb139c2528ccbcd0cbab9c502341,1
1\Toshiba Files\Who intended for the rape to happen.doc,Who intended for the rape to happen.doc,.doc,document,44544,0.04,1351151722.0,0,UNLIKELY,False,,c48c63ded4f1227152db7ed14383b03189245016e70b7435af3dc20acef003f8,1
1\Toshiba Files\Whole Foods connected NaturalNews Contact Us Write for NaturalNews Media Info Advertise with Natural News.doc,Whole Foods connected NaturalNews Contact Us Write for NaturalNews Media Info Advertise with Natural News.doc,.doc,document,253952,0.24,1349732970.0,0,UNLIKELY,False,,fa44bd231c38e2c48d18be0437062e7db1fa3713e8508ca7f8ae12b4b12847e1,1
1\Toshiba Files\Whole Foods Market supports California.doc,Whole Foods Market supports California.doc,.doc,document,324096,0.31,1349727882.0,0,UNLIKELY,False,,f9dccd3200a18a06beb9d43ff95b445b38c0617628f189a6999bfbfefe06bc99,1
1\Toshiba Files\Whole Foods WME list.doc,Whole Foods WME list.doc,.doc,document,980992,0.94,1349729036.0,0,UNLIKELY,False,,7b429576423669b58721a49bd82061e2bc40c69917912acb6a055052e7fabd30,1
1\Toshiba Files\Why are bikers doing anything.doc,Why are bikers doing anything.doc,.doc,document,60416,0.06,1432033358.0,0,UNLIKELY,False,,64057d682969cfc8cfcb52386c34a4a44a52ab1a6bff5217eab08bf654897269,1
1\Toshiba Files\Why are the Arbusto troop of mongoloons still bellowing in the dark this long after their contemptible debacle.doc,Why are the Arbusto troop of mongoloons still bellowing in the dark this long after their contemptible debacle.doc,.doc,document,64000,0.06,1439987262.0,0,UNLIKELY,False,,423b04b01b13c8cabd2533391942bfb6eb94a53fe5c31e5b495f69d17c626105,1
1\Toshiba Files\Why do Republican women appear so distressed.doc,Why do Republican women appear so distressed.doc,.doc,document,46080,0.04,1357611812.0,0,UNLIKELY,False,,ffea47edcbaf1659a22b7114013d8324d05a25daf153969879e3eeb34b2aef32,1
1\Toshiba Files\Why is Chelsea Clinton so ugly.doc,Why is Chelsea Clinton so ugly.doc,.doc,document,61952,0.06,1437480680.0,0,UNLIKELY,False,,3583f8a5603615d19e7128ba9a093b9187fb8d30af8b40b1c3a192983b762d92,1
1\Toshiba Files\Why is this harridan speaking.doc,Why is this harridan speaking.doc,.doc,document,46080,0.04,1366902312.0,0,UNLIKELY,False,,25552f19b5f4d368fcab38737b93475ba76e37fd11ab06d626a69a314b42d3b2,1
1\Toshiba Files\Why must we always be confronted by a phalanx of.doc,Why must we always be confronted by a phalanx of.doc,.doc,document,28160,0.03,1466032390.0,0,UNLIKELY,False,,7a42a3b69b21e4746d71a3afd5e385d7c35998045d31c76c00d834ea7891e59b,1
1\Toshiba Files\Why Our National Superbowl TV Party Has Become the Last Supper for the US Empire.doc,Why Our National Superbowl TV Party Has Become the Last Supper for the US Empire.doc,.doc,document,54784,0.05,1296929156.0,0,UNLIKELY,False,,7e44e0f84d6cba73f9c74fd9601dab667b2d27f56d011bb3164e1cb0e7f07058,1
1\Toshiba Files\Why the panic.doc,Why the panic.doc,.doc,document,60416,0.06,1470765000.0,0,UNLIKELY,False,,9ef03657e4ad2d7a6fefc39d815172234b7399790544cbb3560b23554a6161eb,1
"1\Toshiba Files\Why, Alex, do so many comments on this blog.doc","Why, Alex, do so many comments on this blog.doc",.doc,document,61440,0.06,1435270400.0,0,UNLIKELY,False,,aa7383ee477b74bfb3292736e0e214b8c3993fc9a86945f861c6977d19e665c1,1
1\Toshiba Files\Wikipedia Longfellow.doc,Wikipedia Longfellow.doc,.doc,document,57344,0.05,1347651568.0,0,UNLIKELY,False,,7e82a49d060a794ca79ac0acfb1660803f502d53c4e755bb59e5247ea2fdbf99,1
1\Toshiba Files\Will all the Republicans please have a seat.doc,Will all the Republicans please have a seat.doc,.doc,document,37888,0.04,1329190840.0,0,UNLIKELY,False,,bc5f8cda9803ebfce5b6340cc9ef04b02311b30a12e54bebfb7fffb0bac95b62,1
1\Toshiba Files\Will some kind soul please let Jeb Bush know that he hasn.doc,Will some kind soul please let Jeb Bush know that he hasn.doc,.doc,document,46080,0.04,1362638222.0,0,UNLIKELY,False,,f8166dbac27c911c3502a0d975d9d8b914b6f1fef679cdf5e8760433531e9b94,1
1\Toshiba Files\William Carlos Williams To Elsie.doc,William Carlos Williams To Elsie.doc,.doc,document,61440,0.06,1426523162.0,0,UNLIKELY,False,,017293ed2c6da3b1948bb3e07c702dba74070f8cd7436b7b7c7e61287637aa6e,1
1\Toshiba Files\Wine Snob.doc,Wine Snob.doc,.doc,document,56320,0.05,1315602270.0,0,UNLIKELY,False,,398f31ecc212614d699615a6ed1d886ce1b84b210de2d251817c81281750ea72,1
1\Toshiba Files\With his lowlife goatee.doc,With his lowlife goatee.doc,.doc,document,41472,0.04,1340441062.0,0,UNLIKELY,False,,753481ce2492e86f68858d162076377e9674bd4c1d60d8fbf48091419891250e,1
1\Toshiba Files\WJCHAPUT 229BBN HUFFPO51415.doc,WJCHAPUT 229BBN HUFFPO51415.doc,.doc,document,91136,0.09,1431722564.0,0,UNLIKELY,False,,943ba795ede832d37a33519d7f715b0b8efe5b71c714657584db5c325259bdbb,1
1\Toshiba Files\WWII 1939-12 42.doc,WWII 1939-12 42.doc,.doc,document,69120,0.07,1452991904.0,0,UNLIKELY,False,,ef6bfdf976344554b1824d77a2e63a96dc517d23b88d8febcb45d9405d213b58,1
1\Toshiba Files\WWII PILOT'S LOG.doc,WWII PILOT'S LOG.doc,.doc,document,64512,0.06,1453415090.0,0,UNLIKELY,False,,468722debca3d0f0dc6add83884c51989f6bc07d01a37a5f9c17d60a43987553,1
1\Toshiba Files\Ya'll do know the civilized world reards us as . . ..doc,Ya'll do know the civilized world reards us as . . ..doc,.doc,document,58368,0.06,1427927752.0,0,UNLIKELY,False,,101225086cd51af0017040066d77dfdf5d04a0ca79659e61fa2439ca3bf0c2bf,1
"1\Toshiba Files\Ya, right and just look at how well that mess turned.doc","Ya, right and just look at how well that mess turned.doc",.doc,document,22528,0.02,1461707692.0,0,UNLIKELY,False,,f8d973def5b40384fcd9ce91278938274de776f35f30946d0f844311c067d145,1
1\Toshiba Files\Yet another shaved.doc,Yet another shaved.doc,.doc,document,43520,0.04,1350356026.0,0,UNLIKELY,False,,f6c3e9795beac9332a78338387a772cb7aef08f3d3a5519ae4b21600fb00f98b,1
1\Toshiba Files\Yet another shot into the right.doc,Yet another shot into the right.doc,.doc,document,40960,0.04,1362379124.0,0,UNLIKELY,False,,7492952fcc2a711e8d103d43315f31d605ba87eb056a5410dcfdd78e5ea9508a,1
1\Toshiba Files\Yiddish.doc,Yiddish.doc,.doc,document,33792,0.03,1286759760.0,0,UNLIKELY,False,,1e30c19cec13f240e56a2afa66f677247e77f59382658b249b303152a795ddcd,1
1\Toshiba Files\Yield.doc,Yield.doc,.doc,document,29184,0.03,1469314424.0,0,UNLIKELY,False,,09cb4533da18c9733d340fd6963052063eb0aa927555ffd7fbc64d7c11d59860,1
1\Toshiba Files\You are a baby.doc,You are a baby.doc,.doc,document,41472,0.04,1365961354.0,0,UNLIKELY,False,,779299085aefa55e77ccd6e00460690b8aa945fc6bd52a399fbea9dc885ef831,1
1\Toshiba Files\You Can't Fix Stupid.doc,You Can't Fix Stupid.doc,.doc,document,44032,0.04,1348531700.0,0,UNLIKELY,False,,72109e9aefd43564ea4d16e0b7af108e2364704d1ab2d6e9741a2c6712987c69,1
1\Toshiba Files\You didn't burn the beer.doc,You didn't burn the beer.doc,.doc,document,75776,0.07,1468094234.0,0,UNLIKELY,False,,e51fe3ff703aaebc17bf35261df4cedfb9cee0bf7ba86d2bb093c15dac738dc2,1
1\Toshiba Files\You may not have looked forward to.doc,You may not have looked forward to.doc,.doc,document,59392,0.06,1428249288.0,0,UNLIKELY,False,,eaed6b6a43f6d50059cc6384c5dbde009ff83a6da8d1a29a4644a2b600d6c030,1
1\Toshiba Files\You persist in letting fly into our national swamp of gibberish lightning darts of clarity.doc,You persist in letting fly into our national swamp of gibberish lightning darts of clarity.doc,.doc,document,41984,0.04,1374273766.0,0,UNLIKELY,False,,f8b71294ea42a2b625942e5ce058ab414b945cb4d0bcf862b6de6c5662107db6,1
1\Toshiba Files\You've had a Elton.doc,You've had a Elton.doc,.doc,document,56320,0.05,1419812800.0,0,UNLIKELY,False,,98e3a47517a11bcde0de9429d2999abcf970b7379829ae8e30fe7c48c34db07f,1
1\Toshiba Files\Your saying how delighted you were to know Max was at Colchester Pond struck me like a snow shovel to the head.doc,Your saying how delighted you were to know Max was at Colchester Pond struck me like a snow shovel to the head.doc,.doc,document,29696,0.03,1452369370.0,0,UNLIKELY,False,,89851ab5c1c2f8b4c95393363e4db5d83a504cc2be1a6c9bbde3f0e8cedabe6a,1
1\Toshiba Files\Yours is a reasonable choice.doc,Yours is a reasonable choice.doc,.doc,document,40448,0.04,1358791704.0,0,UNLIKELY,False,,f4cdfec379d11276fafb2bd202aaa6db83d96f18932a7c68681c078b6da1652d,1
1\Toshiba Files\Yup--too many babies.doc,Yup--too many babies.doc,.doc,document,59904,0.06,1442500112.0,0,UNLIKELY,False,,76022997cf9c41db7b1929cd9318fd27f72cbed9b669306eec1eca880454e090,1
2\'54 Dodge Power Wagon.jpg,'54 Dodge Power Wagon.jpg,.jpg,image,40098,0.04,1406065512.0,0,UNLIKELY,False,,65d81589fd3e5694c1803e7b0e9c86feec19454b2e7686251e5aa34aa7aa40cf,1
2\01 - Closer To Fine.m3u,01 - Closer To Fine.m3u,.m3u,other,494,0.0,1407004796.0,0,UNLIKELY,False,,9cd20baad28f3b7b5b5aa6aa757fdbe7046c7e1206bd599ba0e18b1531ffb208,1
2\01 - Ruby.mp3,01 - Ruby.mp3,.mp3,audio,11766917,11.22,1352097792.0,1,UNLIKELY,False,,349b45c8945203977082f8dbedc3231b701efc79f6efaebe04e7945fbf3abce5,1
2\01 May It Be [From Lord of the Rings].mp3,01 May It Be [From Lord of the Rings].mp3,.mp3,audio,7982728,7.61,1362612940.0,1,UNLIKELY,False,,29e5542bc5b2def8cd8c4054059dfa4e53e193eff90c4c2cbf9fc08d4720b8c0,1
2\02 - The Quiet Path(2).mp3,02 - The Quiet Path(2).mp3,.mp3,audio,10831237,10.33,1392468816.0,1,UNLIKELY,False,,20fac5feef947524a3f80b69fab5a095479c4725b9a1a41674955ed8727af793,1
2\03 - Copy.jpg,03 - Copy.jpg,.jpg,image,3410,0.0,1299558022.0,0,UNLIKELY,False,,af1b2042fb33c238bffc797ea07d212ce809bf6a0b448f74dc2da7c64fd88885,1
2\03 - Time for Healing.mp3,03 - Time for Healing.mp3,.mp3,audio,11250191,10.73,1357505502.0,1,UNLIKELY,False,,21fd104dd84acdfbfe5fc00129b8128251fa84d2a287de259da2c9839c7cb2ed,1
2\03 The Celts.mp3,03 The Celts.mp3,.mp3,audio,7004500,6.68,1362612968.0,1,UNLIKELY,False,,67b46c8abb3329869dbecf26b1aff8923063c11aceff5ba0e63bc0d3fa2d5da2,1
2\04 - My Immortal.mp3,04 - My Immortal.mp3,.mp3,audio,7916585,7.55,1342896250.0,1,UNLIKELY,False,,f5b835d164423b476f148177e711bf23d0f1e1e9f277ca9738cb310c9a156e0e,1
2\04 Fields of Gold.mp3,04 Fields of Gold.mp3,.mp3,audio,7709200,7.35,1362612996.0,1,UNLIKELY,False,,21a2d08de34135fdf915c2b6ac8f7dd010d81e1ddb6ab981e37fa6a304d2738f,1
2\07 - Heart's Call.mp3,07 - Heart's Call.mp3,.mp3,audio,9925486,9.47,1343199954.0,1,UNLIKELY,False,,b51d43dc12b16517e7892b70e00eb16297a79ff1ff2506bd0d9d34a2b250ed6d,1
2\08 More Triangle Drum Circle.m4a,08 More Triangle Drum Circle.m4a,.m4a,audio,17187715,16.39,1402676064.0,1,UNLIKELY,False,,614ea2a08d13ab9ab9eaf285ca61ed0eff44c4830138559377c247ba02c8ccb6,1
2\08 Theme from Harry's Game.mp3,08 Theme from Harry's Game.mp3,.mp3,audio,14933680,14.24,1362613068.0,1,UNLIKELY,False,,b347a147461a04f687f3899344ea8d1cd6d7ac17c3bb1aa4b8d987186f57febf,1
2\09 - Wisdom Found(1).mp3,09 - Wisdom Found(1).mp3,.mp3,audio,10224078,9.75,1341105968.0,1,UNLIKELY,False,,1b69efafb0304c320d4e761458e3929f28c9fdddc27bd0fb30f75793ad375fc1,1
2\09 Evergreen.mp3,09 Evergreen.mp3,.mp3,audio,10094740,9.63,1362613098.0,1,UNLIKELY,False,,b70a6a4935388e96d40e07dc6274fc3d6afe2ba4d075d93b26c0304de77f744c,1
"2\09 O Sleep, My Pretty Baby.m4a","09 O Sleep, My Pretty Baby.m4a",.m4a,audio,5448419,5.2,1359681694.0,1,UNLIKELY,False,,06faa5f0c3cedff3bbe10f88eb790b804b4201d01cdfc4cdeed0aa9eac341c53,1
2\09 Watermark.mp3,09 Watermark.mp3,.mp3,audio,6712180,6.4,1362615492.0,1,UNLIKELY,False,,4e6cf864de25adeb7f1b07a02e1a2296874a3d7f561fd5cf86d143d7b9024c5f,1
2\10 - Brother In Arms (Live).mp3,10 - Brother In Arms (Live).mp3,.mp3,audio,18211833,17.37,1393587372.0,1,UNLIKELY,False,,c96ee3cbe6b887edccb49ecc1b3627e53c6accc9710b76d414da74a355ec87a3,1
2\12 December 2014 Last updated at 08.doc,12 December 2014 Last updated at 08.doc,.doc,document,295424,0.28,1418421252.0,0,UNLIKELY,False,,dd7487cd5e5790d52d79ce0ae430892f3795299d6ffad4a2ab7950b15797c73c,1
2\12 Good Will Hunting.mp3,12 Good Will Hunting.mp3,.mp3,audio,11234788,10.71,1362613154.0,1,UNLIKELY,False,,a20e43eecfb27898e4deeaff5f3aab79ea2ddd14a287a2641704632139ec6459,1
2\124965__winter-village_p.jpg,124965__winter-village_p.jpg,.jpg,image,138244,0.13,1415306462.0,0,UNLIKELY,False,,370333192cb0b617682e4674aa59a9e41e5eec05ccabb4e0b5b173626b1c8153,1
2\13 - The Last Rose.mp3,13 - The Last Rose.mp3,.mp3,audio,9176056,8.75,1344726964.0,1,UNLIKELY,False,,c0b394868cce1fbcd29ab89278aa46ae3d9268e9a9bf32efb779ab16a97751bd,1
2\13 October 2014.doc,13 October 2014.doc,.doc,document,51200,0.05,1413022054.0,0,UNLIKELY,False,,82582d5611132eacb8cbed44ef619a474569e89ed4cd171a2c781f92fb2a9893,1
2\13928-christmas-tree-in-the-snow-1366x768-holiday-wallpaper.jpg,13928-christmas-tree-in-the-snow-1366x768-holiday-wallpaper.jpg,.jpg,image,216306,0.21,1413757392.0,0,UNLIKELY,False,,dbbd4c10d2e079936aa2541f12ee1730863b477684ab254698a00af8e06fbb8c,1
2\14 I Will Find You.mp3,14 I Will Find You.mp3,.mp3,audio,12432256,11.86,1362615492.0,1,UNLIKELY,False,,8d653623b2cd3c6c4c6d95762d52e8961e60044c1fc7df59662f22302e1167d2,1
2\14 Only a Woman's Heart.mp3,14 Only a Woman's Heart.mp3,.mp3,audio,9370204,8.94,1362613194.0,1,UNLIKELY,False,,e840adde03107f37c8597fbc1dc216ad30ceeb13eac0e428c19998b9a6a45d49,1
2\15 A Day Without Rain.mp3,15 A Day Without Rain.mp3,.mp3,audio,6953344,6.63,1362615492.0,1,UNLIKELY,False,,7aec6700c7b579f52b7296fe39285518f361a1bb211dd44110581162a8c92d55,1
2\16 January 2015 poverty.doc,16 January 2015 poverty.doc,.doc,document,51712,0.05,1421497078.0,0,UNLIKELY,False,,54a38d91e6f61e15915307bf188cbc72af47793e9dc1f3e0cf0564603f7d901e,1
2\16-Vinyl-Double-Roof-Octagon-Gazebo-A.jpg,16-Vinyl-Double-Roof-Octagon-Gazebo-A.jpg,.jpg,image,19934,0.02,1406207488.0,0,UNLIKELY,False,,a80cf12d8761184812cb0928c4c387f05cff90fec91fbcc1765279e69c2558de,1
2\16ft Octagon Gazebo.jpg,16ft Octagon Gazebo.jpg,.jpg,image,13990,0.01,1406207390.0,0,UNLIKELY,False,,62920767d0dc9e9a249a2dbfca2bddab7e438c4cbacd12dc611fa87211928d08,1
2\17 - What Are You Going to Do When You Are Not Saving the World(1).m3u,17 - What Are You Going to Do When You Are Not Saving the World(1).m3u,.m3u,other,494,0.0,1406326218.0,0,UNLIKELY,False,,39d3a287b7dddb8e0f3adb86dbbfc03e33d15855c78e9dae79c2c28797a7bced,1
2\2000 SCOOTER.jpg,2000 SCOOTER.jpg,.jpg,image,149885,0.14,1410361490.0,0,UNLIKELY,False,,6e60f4f4bb9b6f060faeea119d5dafe24c544fdecd6bb7390597d6305819c86f,1
2\200609stopriver - Copy.jpg,200609stopriver - Copy.jpg,.jpg,image,45842,0.04,1300780056.0,0,UNLIKELY,False,,2f698ac869658d90a9b6b3ec9045eb34dd2228e245b50c5c216dbfe52a7405f0,1
2\200612marshpool - Copy.jpg,200612marshpool - Copy.jpg,.jpg,image,60313,0.06,1300780036.0,0,UNLIKELY,False,,04d51478028f291ad7a9610c5fbb6a5dec33449f19594df6980e7f47416172e5,1
2\2011-06-25--Irish Guards Full Dress Officer's Rig.jpg,2011-06-25--Irish Guards Full Dress Officer's Rig.jpg,.jpg,image,68530,0.07,1412513096.0,0,UNLIKELY,False,,4b119a2a984697e1929524f7bb60c78a3adc70d160e3ba4a7b78b33c1da8bc0d,1
2\2015 CanAm ATV-SSV Brochure_v5.pdf,2015 CanAm ATV-SSV Brochure_v5.pdf,.pdf,document,4804434,4.58,1406127358.0,6,LOW,True," THE RIDE SAYS IT ALL 4 –5 T he Ride Says It All 6 –7 A TV Technologies 8 –9 S ide-By-Side Vehicle Technologies 1 0 –11 O utlander™ L / Outlander L MAX 1 2–13 O utlander / Outlander MAX 1 4–15 O utlander 6x6 / Outlander Gear and Accessories 1 6–17 R enegade ® / DS 450™ / DS 250 / YOUTH 1 8–19 O utlander X ® mr / Maverick™ X mr 2 0–21 Ma verick / Maverick MAX 2 2–23 C ommander™ / Commander MAX 2 4–25 C ommander E / Genuine Can-Am Parts, Riding Gear and Accessories 2 6–27 ",6f232e882e2382ec0535ffd32ce28cfe160fd95257e1403b9b89561041d80aef,1
2\20th century limited.jpg,20th century limited.jpg,.jpg,image,66490,0.06,1402613670.0,0,UNLIKELY,False,,45400b024828b9eba8654ecc0146e4a84b3a6d7748f63dce1d476788c9c3bab0,1
2\250px-Luther_Burbank_cph.3a00184.jpg,250px-Luther_Burbank_cph.3a00184.jpg,.jpg,image,12184,0.01,1417649748.0,0,UNLIKELY,False,,d9f09c321eab3d350a483e92b9fa3f54cdffb222597f8ee75e794faa4d6b5bfa,1
2\3-13 Inspector Morse.m4a,3-13 Inspector Morse.m4a,.m4a,audio,8283380,7.9,1408763680.0,1,UNLIKELY,False,,afeaf3af47ad2a201887ab5783925e0ccb8da9f0abe601c312b7ae2c933a52f1,1
2\5 I CLEANING.doc,5 I CLEANING.doc,.doc,document,51712,0.05,1410957270.0,0,UNLIKELY,False,,0af37ead8e7560ea4af7adb5cb56f13eca1cc97f6d48edc53070ee0001365876,1
2\5-SIDED WITH KITCHEN.doc,5-SIDED WITH KITCHEN.doc,.doc,document,813056,0.78,1409573434.0,0,UNLIKELY,False,,af44fe965bb58cdfb5ee38b8f971409663882bb083c7fd6e3f20110caf43d97b,1
2\50's women's suit.jpg,50's women's suit.jpg,.jpg,image,11617,0.01,1418506010.0,0,UNLIKELY,False,,294cbcf51667d7e46937c57df977f5845ca0d0c28b9ebafff45267ee133752c7,1
2\605412-le-gateau-des-maries-qui-attendait-637x0-2 - Copy.jpg,605412-le-gateau-des-maries-qui-attendait-637x0-2 - Copy.jpg,.jpg,image,79521,0.08,1304271544.0,0,UNLIKELY,False,,4cb2213a4507d7897fc5ea79115430ffb8a38e5fcd97fc6cc100f9adc803bb65,1
2\640px-Grand_Royal_Coat_of_Arms_of_France_&_Navarre.svg.png,640px-Grand_Royal_Coat_of_Arms_of_France_&_Navarre.svg.png,.png,image,576094,0.55,1406156018.0,0,UNLIKELY,False,,12aecf3aec6031412688783f0b3fcc963f59f622ddf9644f89a5ba59bdbff21a,1
2\800 SCOOTER.jpg,800 SCOOTER.jpg,.jpg,image,27744,0.03,1410361442.0,0,UNLIKELY,False,,0b4f8b6d9373c8c10815070aca2685ba115761a02385c2c4a01f3fc511639429,1
2\800px-Hoag's_object.jpg,800px-Hoag's_object.jpg,.jpg,image,148903,0.14,1401878850.0,0,UNLIKELY,False,,f5e1eea70aa012040d245da7e1d5531d14922ad764b0d763a959340c7dfa0c64,1
2\A ROSE.jpg,A ROSE.jpg,.jpg,image,42611,0.04,1409268068.0,0,UNLIKELY,False,,4fbdd363468321829be6d76f4f2ed0f635a4eb3eeb2bfbfa866225c0ead17579,1
2\ABBEY - Copy.png,ABBEY - Copy.png,.png,image,492609,0.47,1417034606.0,0,UNLIKELY,False,,9d1ee4a2baeee9377a4c11a7da23dd3643e0cd55ca058bf4847906cf1afa99ec,2
2\Abbey Thanksgiving.doc,Abbey Thanksgiving.doc,.doc,document,135168,0.13,1417036108.0,0,UNLIKELY,False,,3eb029658ffe695c457e808ffc402b4d9452b2de386ad72098e25690f88e7a62,1
2\ABBEY.png,ABBEY.png,.png,image,492609,0.47,1417034606.0,0,UNLIKELY,False,,9d1ee4a2baeee9377a4c11a7da23dd3643e0cd55ca058bf4847906cf1afa99ec,2
2\AFFIDAVIT Debbie.doc,AFFIDAVIT Debbie.doc,.doc,document,53760,0.05,1406571444.0,0,UNLIKELY,False,,b7b845b1293c97d6f39114821cf4065be94848e9d2a47b18252dace796bbe2bc,1
2\AGENT QUERY LETTER.doc,AGENT QUERY LETTER.doc,.doc,document,55296,0.05,1415471062.0,2,UNLIKELY,False,,edbd29d074e0217369c995b0598847627ebd0df56a4c1cc04bda1ad35319cf26,1
2\AGENTS 2014.doc,AGENTS 2014.doc,.doc,document,49152,0.05,1409593572.0,0,UNLIKELY,False,,0412d7a83fd726248215f21e01f3644c41798fd8ee1fcc2a516c7d93f53af41f,1
2\AGENTS WHO RESPONDED 1ST.doc,AGENTS WHO RESPONDED 1ST.doc,.doc,document,55808,0.05,1426360406.0,0,UNLIKELY,False,,92d63044fb76f54169288124f65a7adea3a44499aaac845285ab68b9a87c700a,1
2\Alexander McQueen Head.jpg,Alexander McQueen Head.jpg,.jpg,image,122152,0.12,1409264070.0,0,UNLIKELY,False,,fcd37b678dc017ec37cc0e94c3e0d32b8073c7b501154ff3fae03296227c531d,1
2\All defective Americans who watch football.doc,All defective Americans who watch football.doc,.doc,document,51200,0.05,1412430100.0,0,UNLIKELY,False,,5abdf4c10fbb67d3f7a5ecda724d4ea43c107452858fd173bb5cf5986bc20988,1
2\ALMA MAHLER & HER HUSBAND.doc,ALMA MAHLER & HER HUSBAND.doc,.doc,document,1031168,0.98,1399828272.0,0,UNLIKELY,False,,a2dfac1f46faf95812f0a4e6b16c045d42ae0e836ddd8d00da746670fa92e8d7,1
2\ALMA MAHLER & HER HUSBAND.pdf,ALMA MAHLER & HER HUSBAND.pdf,.pdf,document,308365,0.29,1400006306.0,6,LOW,True," Tuna— I cannot find a recording or video of Mahler’s Adagietto played on a solo harp, concert or Celtic—a piece I thought you might enjoy playing. Goddam frustrating. So, I’m sending you a few screenshots of the piece played on other instruments, as well as the sheet music for piano solo which I found online at Peters. The piano version must be transcribed for solo harp. If you don’t feel up to working out a transcription, let me know and I’ll give it a shot, although my fingerings",6a15dcdebca30bc0bde1ebb3c3d1aa08ec269f9ca8b94a4ef460545d2bb0cdb5,1
2\Althorp fields.htm,Althorp fields.htm,.htm,other,43027,0.04,1423686918.0,0,UNLIKELY,False,,5d4f9e399d3a4ed0325595938c6d8c2518b77cebd24e398b0ff25f379992adaa,1
2\Althorp gardens.htm,Althorp gardens.htm,.htm,other,43022,0.04,1423686808.0,0,UNLIKELY,False,,0cc0330018bdcacdd63982e07e2a2a6222a9789cbb8ae5fc2c33dc08e7300010,1
2\ALWAYS A DUMP.jpg,ALWAYS A DUMP.jpg,.jpg,image,411879,0.39,1420464882.0,0,UNLIKELY,False,,c1b30e0648cd4b11f2cc106f2286c4e9cf15113a0323a03a37ffbcf4faf669d4,1
2\Amanda Swilling hair.JPG,Amanda Swilling hair.JPG,.jpg,image,514438,0.49,1413128670.0,0,UNLIKELY,False,,12dbb84207641f7b84b5c9dda455c1c8824474e757d4e6de231c2edfec1b05cf,1
2\AMANDA SWILLING.png,AMANDA SWILLING.png,.png,image,913992,0.87,1412787236.0,0,UNLIKELY,False,,290f960f753a8323910b326132f4e3f8dcd916e692f1332a6621ee8f1e0e2138,1
2\America is besotted by relgious lunacies.doc,America is besotted by relgious lunacies.doc,.doc,document,50688,0.05,1405699972.0,0,UNLIKELY,False,,0793af88b18557a40f3aaf0c0ce3aae68efead63f4087a5218db4d27d8316100,1
2\America the Dreadful.doc,America the Dreadful.doc,.doc,document,55296,0.05,1426698380.0,0,UNLIKELY,False,,6104476fd9091f5fd4e4600ebe5a77a48dfe68527cce893598a8ed1d6b3d3f7c,1
2\AMERICA'S PORCINE BANKS.doc,AMERICA'S PORCINE BANKS.doc,.doc,document,52224,0.05,1409236778.0,0,UNLIKELY,False,,1ef33fd36f47ce973847f8d25dd622a881d5f96c83c9bf2022120d612d569055,1
2\American cops are a militarized scourge on our commonweal.doc,American cops are a militarized scourge on our commonweal.doc,.doc,document,49664,0.05,1499098134.0,0,UNLIKELY,False,,3a6b945d9476c428e808f1dffcda889b0498b64a9df2175e5beae44ae6f14786,1
2\American cops are the primary violent threat in any day.doc,American cops are the primary violent threat in any day.doc,.doc,document,53248,0.05,1422654894.0,0,UNLIKELY,False,,61978ecc12697cc861557923284cfc8e9539446f70ca0297734bae1d07bf9eb3,1
2\American Flyer.jpg,American Flyer.jpg,.jpg,image,60737,0.06,1413023290.0,0,UNLIKELY,False,,63241a958c00641f7cd8de31e10de7ae110382659ed5517a181163d4b4d0f27b,1
2\American Hoboes Leeds.doc,American Hoboes Leeds.doc,.doc,document,299520,0.29,1264984458.0,0,UNLIKELY,False,,d17ca8fb75c82a13d114f8fcbe0be0bc018d751e2dbd21fc550480ff9fc935c4,2
2\AMERICAN MEDICAL MALPRACTICE.doc,AMERICAN MEDICAL MALPRACTICE.doc,.doc,document,60416,0.06,1399381692.0,0,UNLIKELY,False,,1f41efda4c67fb0a1a289594b5e63854f34cff23d782ee23b937a3dafd009de2,1
2\American movies have long been and remain unwatchable infantile human cartoons.doc,American movies have long been and remain unwatchable infantile human cartoons.doc,.doc,document,52736,0.05,1424677524.0,0,UNLIKELY,False,,d9a7aaf02ff756411691d07e5a5bc57ef356d46a5e0398b036beff7b92e5c799,1
2\American politics are sick.doc,American politics are sick.doc,.doc,document,55808,0.05,1423492788.0,0,UNLIKELY,False,,4963d8c8a3089f1753465fc7259904ffc9839ef4033458993f00fdddf9f45d6b,1
2\American politics is a dumpster of self.doc,American politics is a dumpster of self.doc,.doc,document,51200,0.05,1416697916.0,0,UNLIKELY,False,,d51ff8f71eaba08bfb3a8f9bd5c24e952568c6ca4a4688d500e0c6f8c225a40b,1
2\American sports.doc,American sports.doc,.doc,document,51200,0.05,1418552746.0,0,UNLIKELY,False,,a06cfafc7cc36cd55bb6cf259f668e60ef6ed9ccb7268afb5d2f42d9101cec40,1
2\American Teapublicans have a gift for exposing their inner larcenist appetites.doc,American Teapublicans have a gift for exposing their inner larcenist appetites.doc,.doc,document,49664,0.05,1410044104.0,0,UNLIKELY,False,,7060a50b0035bfee4e131cfa25c0c8becd65a97fd9032fbc6011cbbd7257b018,1
2\Americans in America are owned.doc,Americans in America are owned.doc,.doc,document,49664,0.05,1400348766.0,0,UNLIKELY,False,,cbac08c0889ec5e00a660422f0b5bb2438a8958d3ce759b6c5112bcc4ea112f0,1
2\Anarchist flag.png,Anarchist flag.png,.png,image,2219,0.0,1264986838.0,0,UNLIKELY,False,,f0e929c31b30693506a57659d773e3a302e73a2f4c18bcabdaf926c917077948,1
2\Anna Atkins Cyanotypes  Prussian blue.doc,Anna Atkins Cyanotypes  Prussian blue.doc,.doc,document,342016,0.33,1426510496.0,0,UNLIKELY,False,,92e6e10c1ce8891b4edee3dba60ba1764410fb695c66ad507c767ee23cf96d0f,1
2\Answers to the Christian moron quiz.doc,Answers to the Christian moron quiz.doc,.doc,document,46592,0.04,1407334984.0,0,UNLIKELY,False,,2da7b5d91ce8af51f754c5d5675a5b89fbd9b9e05c877a99b454f5174a4ae3b7,1
"2\Antelope Canyon, AZ.jpg","Antelope Canyon, AZ.jpg",.jpg,image,223216,0.21,1414337720.0,0,UNLIKELY,False,,c1773ee5ba443d123324dcce67b1659c8bfc3ac274c0266509de803449616b50,1
2\APA style Manual.TXT,APA style Manual.TXT,.txt,document,29154,0.03,1275852120.0,12,POSSIBLE,True,﻿----------------------- Page 1----------------------- Running head: VARYING DEFINITIONS OF ONLINE COMMUNICATION 1 The running head is a The title ,145d0a35f0f8e42778ecda9695d9a04935891aabf396ac80c386d28d38a964de,1
2\armed-police-001 - Copy.jpg,armed-police-001 - Copy.jpg,.jpg,image,59816,0.06,1304271348.0,0,UNLIKELY,False,,ec46ef0245e54aa68fc0f19d8d480fd3822c45fa17d5f84b4210107e8c3e4515,1
2\article-1382174-0BD9943C00000578-773_634x444 - Copy.jpg,article-1382174-0BD9943C00000578-773_634x444 - Copy.jpg,.jpg,image,91725,0.09,1304271706.0,0,UNLIKELY,False,,35cf34ee565799919945a4bb1b2103a1394bc276851ec0835019c8680025e065,1
2\Atlantic Richfield Logo.jpg,Atlantic Richfield Logo.jpg,.jpg,image,48250,0.05,1404333714.0,0,UNLIKELY,False,,9db23c69420e27298de5cd1630c066b36b3b015c0967dfa2988af359b0a02f49,1
2\Aubrey Beardsley.jpg,Aubrey Beardsley.jpg,.jpg,image,206204,0.2,1409264174.0,0,UNLIKELY,False,,54bcc4ad16a5594fe2bd0f77223079fa886548504889f62b75be3fc4932bd52f,1
2\autumn_friedrich_graveyard_lg.jpg,autumn_friedrich_graveyard_lg.jpg,.jpg,image,126493,0.12,1418154598.0,0,UNLIKELY,False,,c2be8b8b01911dd3f9012c009380c36cef6de68f3cc4792af72089168c1c6c8a,1
2\Banksia Lutea climbing roses.jpg,Banksia Lutea climbing roses.jpg,.jpg,image,119304,0.11,1406300926.0,0,UNLIKELY,False,,dfec06d7f04f4a15f6f0eb5a25d7d12481b05a4730c412489440447938babd81,1
2\Bar Bryan.jpg,Bar Bryan.jpg,.jpg,image,620579,0.59,1425426542.0,0,UNLIKELY,False,,7afe3177c6165c5c33c75e23953787665c078cc274e5b4f4753644be79a0ca78,1
2\Barbara Mandrell.jpg,Barbara Mandrell.jpg,.jpg,image,40393,0.04,1400770514.0,0,UNLIKELY,False,,cb93c54742f1696e8a2be0e5739a9e02981ab913d180392fb44c4338aa528d7b,1
2\baryon particles.doc,baryon particles.doc,.doc,document,60928,0.06,1416442782.0,0,UNLIKELY,False,,c63ad7dd033fc795b1f6fddcb246061a7f376a17d2ba8b8a3e08dfc6bb9370c4,1
2\BBC FLYOVER - Copy.jpg,BBC FLYOVER - Copy.jpg,.jpg,image,52911,0.05,1301163914.0,0,UNLIKELY,False,,6c37e83a526b6be5379ed97deeefc19a63b237692b364eab9f3421d640147569,1
2\Beardsley border.gif,Beardsley border.gif,.gif,image,95525,0.09,1406576560.0,0,UNLIKELY,False,,33d59aca610ba0910a2db7d545afa4c2f6a9f056f17ac9ea070c49eef8af31ab,1
2\Beardsley Ivy.jpg,Beardsley Ivy.jpg,.jpg,image,12458,0.01,1406578426.0,0,UNLIKELY,False,,3330dbc9626b7325b9d315203446171e8e93390745aeebeaf7c0e75d7793e14a,1
2\beardsley.jpg,beardsley.jpg,.jpg,image,3177,0.0,1406630018.0,0,UNLIKELY,False,,7f508630ce38b854534830fe37239a01884297725418f30308ce94f5ee6d948c,1
2\Beeny Cliff.jpg,Beeny Cliff.jpg,.jpg,image,712122,0.68,1403886152.0,0,UNLIKELY,False,,7a16cb3627c9272981d50f6b91fe3897fc9af44bc2ce6365212e7d57fe0427ed,1
2\Behind the Bushes Kennedy.doc,Behind the Bushes Kennedy.doc,.doc,document,209408,0.2,1424906888.0,0,UNLIKELY,False,,e40266d9a537ff9d935d85bbc742d54dfecaf5dceb7f8d4995c5ff32b4f7aa8d,1
2\Behind the House.jpg,Behind the House.jpg,.jpg,image,362020,0.35,1292358462.0,0,UNLIKELY,False,,778cd70c0e9439e5c65dad5f092a7492dda82a54dff1f8cf152b9f221a1f2c96,2
2\Believers hurt by non-believers Non-believers hurt by believers Charlie Hebdo.jpg,Believers hurt by non-believers Non-believers hurt by believers Charlie Hebdo.jpg,.jpg,image,48347,0.05,1420673162.0,0,UNLIKELY,False,,96ee60c6fa17f310aaa0e2d45dcd56019aaf151efc455467e8f3fac1429224ad,1
2\bethadminsign.jpg,bethadminsign.jpg,.jpg,image,30153,0.03,1404336488.0,0,UNLIKELY,False,,93c4a2ec6c61dfc4134c9852448447b4ca68ac4edcb758d555a6e66e20990ff5,1
2\BIG TROUBLE COMING.jpg,BIG TROUBLE COMING.jpg,.jpg,image,154928,0.15,1420467132.0,0,UNLIKELY,False,,0951c6a6c7e5e378f01738422a769d2beb22d9962210269f46e163f7de3db435,1
2\BILBURY 1.jpg,BILBURY 1.jpg,.jpg,image,286845,0.27,1410445112.0,0,UNLIKELY,False,,fcd4be739768ebbacba23f6ca7d630363b64c455568b5168202ac6eed2d43539,1
2\BILBURY 10.jpg,BILBURY 10.jpg,.jpg,image,216064,0.21,1410445376.0,0,UNLIKELY,False,,1895c3a99279fcc7a7051e3b7a6ed20c01a525682c628b96cc284e69c8b76161,1
2\BILBURY 11.jpg,BILBURY 11.jpg,.jpg,image,229020,0.22,1410445400.0,0,UNLIKELY,False,,63b55c784608ab44c745c7b3fdf8b66f9f10c4a1d820369401b7eb899eab7a6f,1
2\BILBURY 12.jpg,BILBURY 12.jpg,.jpg,image,300853,0.29,1410445428.0,0,UNLIKELY,False,,fa370fd9cc6b17385a840bdb49ce41d23f8cf26ef8df60c8772fe0fa2f006f9b,1
2\BILBURY 2.jpg,BILBURY 2.jpg,.jpg,image,281697,0.27,1410445148.0,0,UNLIKELY,False,,535355b9af0ae8ec67b7bfff44d065cee539d839a2d19bf266cf59bd8b34d9be,1
2\BILBURY 3.jpg,BILBURY 3.jpg,.jpg,image,259764,0.25,1410445172.0,0,UNLIKELY,False,,00f59312a642893c39a9a29b4a6fc82dba034b79a5720cbfede8dd57c292e3ef,1
2\BILBURY 4.jpg,BILBURY 4.jpg,.jpg,image,203879,0.19,1410445200.0,0,UNLIKELY,False,,9d5f08fdddb9c5d30adb64e219a2094d5763d2f51c95e152dbfc982314e13510,1
2\BILBURY 5.jpg,BILBURY 5.jpg,.jpg,image,249366,0.24,1410445232.0,0,UNLIKELY,False,,76be62e44738aaf393136a6f8178ae9b02f7d8040b9320601b5306b0afcbbd07,1
2\BILBURY 6.jpg,BILBURY 6.jpg,.jpg,image,168291,0.16,1410445262.0,0,UNLIKELY,False,,e60ced1213095597006520f5babbbd9a9dd76d86070f35c20ed96ec38833fa66,1
2\BILBURY 7.jpg,BILBURY 7.jpg,.jpg,image,152374,0.15,1410445288.0,0,UNLIKELY,False,,5f30925d51bda5ec6eee12510489f7a53a725c473a4591d5bb1727fa36cd3320,1
2\BILBURY 8.jpg,BILBURY 8.jpg,.jpg,image,200384,0.19,1410445324.0,0,UNLIKELY,False,,c9e4cd82571c3e28dbfbaa4442f61d364eec8be983a97c8262d9217eea26e488,1
2\BILBURY 9.jpg,BILBURY 9.jpg,.jpg,image,216207,0.21,1410445350.0,0,UNLIKELY,False,,6689542af56c4f0d867b3ab3efda17b45587839c748bc1e251173fab5e121f14,1
2\birch Aspen CO.jpg,birch Aspen CO.jpg,.jpg,image,158335,0.15,1402601332.0,0,UNLIKELY,False,,cf771588699d8b7cafbba77fdc8d7864d101fc16bc90e0e1ad78ad2ca67d0f56,1
2\birch autumn.jpg,birch autumn.jpg,.jpg,image,289081,0.28,1402602350.0,0,UNLIKELY,False,,a6b75a51be79d48df8d31f5a3263e7572ee0705d35df10e3bb37c1ebd891aed7,1
2\birch christmas.jpg,birch christmas.jpg,.jpg,image,214980,0.21,1402602556.0,0,UNLIKELY,False,,0830b6c2426dea0824547a407366d64d67085eae2641dd6d2a5b866f24d47334,1
2\birch French winter.jpg,birch French winter.jpg,.jpg,image,503856,0.48,1402604464.0,0,UNLIKELY,False,,ce5790f44c373daaab445bebde99a2a5c1733bb26dc94d8f9e348b9a06962222,1
2\birch Japanese winter.jpg,birch Japanese winter.jpg,.jpg,image,267051,0.25,1402603182.0,0,UNLIKELY,False,,e94f8aac292bb6845bd71cd24a5a080f3379b2b91addeb07e49de1edb994f5d4,1
2\birch mural.JPG,birch mural.JPG,.jpg,image,242405,0.23,1402602012.0,0,UNLIKELY,False,,9424727b20b2d2db5fad701c8a985b864ae56d1bcd8d699020ff2d4b2a903d35,1
2\Birch snow.jpg,Birch snow.jpg,.jpg,image,170856,0.16,1402604338.0,0,UNLIKELY,False,,bf4cf9f6bb56e60fb302fdaf979d6fc2db54c5a8e71ada34f29419143e55bb40,1
2\birch woods.jpg,birch woods.jpg,.jpg,image,302743,0.29,1402602708.0,0,UNLIKELY,False,,63d40d3c775e7a35689f97769559e30a5a8d1bbc9931dc1695895d91ebdbb2a0,1
2\Birch-Tree-Mural-Decor.jpg,Birch-Tree-Mural-Decor.jpg,.jpg,image,225688,0.22,1402604580.0,0,UNLIKELY,False,,e3b2d61414b71927e49036f0ce40d3aefe2eb219763de2f3b020ca15279220d8,1
2\BLACK BROOK IN EASTON.jpg,BLACK BROOK IN EASTON.jpg,.jpg,image,253502,0.24,1420465538.0,0,UNLIKELY,False,,9261651d0ff29475e57a9785c36a48604e2d56e1f2d8803ce228a8d95a1c7595,1
2\BLACK LINGO.doc,BLACK LINGO.doc,.doc,document,52736,0.05,1409789562.0,0,UNLIKELY,False,,2ee9089d5433d0a7858886bba2aa02c4f16c4fe5bc2d705412739ef880dfcec3,1
2\Black stallion galloping.jpg,Black stallion galloping.jpg,.jpg,image,174373,0.17,1410471884.0,0,UNLIKELY,False,,714468e08aca0436bc435a6f2363394d77484a7191f9400efe23703d85ba7b01,1
2\Black-universebumper_LG.jpg,Black-universebumper_LG.jpg,.jpg,image,36644,0.03,1426080944.0,0,UNLIKELY,False,,a08ae88827db4ac602ff004838b8fec3383e97b260d1b7f4d8a59553a0125e7d,1
2\Blue Striped Squil.jpg,Blue Striped Squil.jpg,.jpg,image,222326,0.21,1420138360.0,0,UNLIKELY,False,,62071a6a92a5b0fef6447f401f4a3c412304cacf4991aa225ab8ea439a32679d,1
2\BLUNDER AERIAL 2.jpg,BLUNDER AERIAL 2.jpg,.jpg,image,12214,0.01,1423848016.0,0,UNLIKELY,False,,df264a06e93ae1dcea44038e2d2df2839aa98a2130aca5db0f93d951d7a91b7b,1
2\BLUNDER AERIAL.jpg,BLUNDER AERIAL.jpg,.jpg,image,13315,0.01,1423847978.0,0,UNLIKELY,False,,6c06ae480f3b300b404ae458f2eca54ee23f84f85dddaf55131b50ed93519249,1
2\BLUNDER AMMUNITION PITS.jpg,BLUNDER AMMUNITION PITS.jpg,.jpg,image,297123,0.28,1423848928.0,0,UNLIKELY,False,,6bd50bb804c86b46e4f2cfe397cecc5b30ebf4b63525cf0c5be7b8d9af9e1ab4,1
2\BLUNDER BARRACKS 1.jpg,BLUNDER BARRACKS 1.jpg,.jpg,image,73528,0.07,1423847864.0,0,UNLIKELY,False,,a50ad17060b7282d501ed27a7ed79a770ac7c99c1e889d2e511fc13525600085,1
2\BLUNDER BARRACKS 2.jpg,BLUNDER BARRACKS 2.jpg,.jpg,image,76702,0.07,1423847882.0,0,UNLIKELY,False,,4b2d47e1537b35ffe9062c976935a520a389383526be811a70a02018b8fc163f,1
2\BLUNDER BARRACKS CEILING 2.jpg,BLUNDER BARRACKS CEILING 2.jpg,.jpg,image,111740,0.11,1423847840.0,0,UNLIKELY,False,,092db708a865b0419535f692a881143bf2d5c61d66b2edd0177468d3190a70cb,1
2\BLUNDER BARRACKS CEILING 3.jpg,BLUNDER BARRACKS CEILING 3.jpg,.jpg,image,80151,0.08,1423847826.0,0,UNLIKELY,False,,946fe87a8eb7e058315822e0d520447aedb5bed8ebbbbfdb7b1934cebd4105e7,1
2\BLUNDER BARRACKS CEILING 4.jpg,BLUNDER BARRACKS CEILING 4.jpg,.jpg,image,86593,0.08,1423847790.0,0,UNLIKELY,False,,f6070b4069aee4debb0b5320119c50ea6d0b7b25c38ce913a7faac1a666fb9fa,1
2\BLUNDER BARRACKS SOUTH NEAR LAKE.jpg,BLUNDER BARRACKS SOUTH NEAR LAKE.jpg,.jpg,image,79435,0.08,1423847762.0,0,UNLIKELY,False,,eb7c9229d281009b53ad619b68553a14918e87d712d9056499756ce62e9d5b4a,1
2\BLUNDER BARRACKS.jpg,BLUNDER BARRACKS.jpg,.jpg,image,285364,0.27,1423849108.0,0,UNLIKELY,False,,83ae951cb352f700eb2bbf02d5f1d7f65bc283966dc51e695b9afa54e89f5c9d,1
2\BLUNDER BASTION.jpg,BLUNDER BASTION.jpg,.jpg,image,45092,0.04,1423846950.0,0,UNLIKELY,False,,36d241b9c3bb736b3d765af1411c9e5b9434607b81a655bb039d5a7d8d7b724e,1
2\BLUNDER CAUSEWAY.jpg,BLUNDER CAUSEWAY.jpg,.jpg,image,70068,0.07,1423847130.0,0,UNLIKELY,False,,f99ce1a66636291c02f953f1ec82cebe7e81198f109c78ddcd6301cbb4cf69e0,1
2\BLUNDER CEILING WEST WALL.jpg,BLUNDER CEILING WEST WALL.jpg,.jpg,image,50239,0.05,1423847812.0,0,UNLIKELY,False,,1908f362965a90f2657c8a064428f47bf6031f3ea7bccc8b038b752ec801e02f,1
2\BLUNDER CEILING.jpg,BLUNDER CEILING.jpg,.jpg,image,63915,0.06,1423847852.0,0,UNLIKELY,False,,718ca5476bb3907e7a3c3050b207c3d8e0252c6e14e160f2d15b8de8eeb44ddc,1
2\BLUNDER ENTRANCE.jpg,BLUNDER ENTRANCE.jpg,.jpg,image,105612,0.1,1423846998.0,0,UNLIKELY,False,,7b81a49d252a49ac28478f7d9acdd1f0836cb06631a90eaba40c45a3ae27cdff,1
2\BLUNDER FROM NEAR THE BRIDGE.htm,BLUNDER FROM NEAR THE BRIDGE.htm,.htm,other,44081,0.04,1423850290.0,0,UNLIKELY,False,,0835ca7fa1a867fb23bacba8b5046ec25999f079af0b7a59b827d7b8d3b0525e,1
2\BLUNDER INSIDE WALL.jpg,BLUNDER INSIDE WALL.jpg,.jpg,image,1355265,1.29,1423848416.0,0,UNLIKELY,False,,94791c7f712681bc832cd0743f550a47425324acddc795999426ddbcfcb7f92f,1
2\BLUNDER JUST NORTH QUEBEC damn good fishing right here.jpg,BLUNDER JUST NORTH QUEBEC damn good fishing right here.jpg,.jpg,image,58161,0.06,1423849964.0,0,UNLIKELY,False,,84975f7e49bce13759c0d869be386d7275a11586f9bdb71fcbaaed83a57ca3ff,1
2\BLUNDER LAKE WALL.jpg,BLUNDER LAKE WALL.jpg,.jpg,image,61237,0.06,1423848702.0,0,UNLIKELY,False,,9e53daca16a8122e1fd50a867fbb9aa638dceb1b3ea5a744bfedd9842a7ed3ac,1
2\BLUNDER MOAT ENTRANCE.htm,BLUNDER MOAT ENTRANCE.htm,.htm,other,43737,0.04,1423848780.0,0,UNLIKELY,False,,ce13a2236d0c8ee129595b7c32bedf91008ec5da062f90962b028ed79d97f247,1
2\BLUNDER MOAT.jpg,BLUNDER MOAT.jpg,.jpg,image,112277,0.11,1423847068.0,0,UNLIKELY,False,,296e9b447f8d9532250f0115253fb35c8eb0ef275cae97e09954d1516c030680,1
2\BLUNDER OUTSIDE.jpg,BLUNDER OUTSIDE.jpg,.jpg,image,5283736,5.04,1423848474.0,0,UNLIKELY,False,,30828b47ef5008c07fd2cbd43e233f218191845fa2cfb204702612b2548726ae,1
2\BLUNDER ROAD IN.jpg,BLUNDER ROAD IN.jpg,.jpg,image,86056,0.08,1423846974.0,0,UNLIKELY,False,,ea5ba7c791b60a06c614e09a826c97306bb4b40f7b379d72e4000e15a01693bd,1
2\BLUNDER WEST MOAT 2.jpg,BLUNDER WEST MOAT 2.jpg,.jpg,image,4769200,4.55,1423848296.0,0,UNLIKELY,False,,8d048c4086be3265c41586a2777d44267f49a8b84af9a07aa9a468b6702ffddb,1
2\BLUNDER WEST MOAT.jpg,BLUNDER WEST MOAT.jpg,.jpg,image,141342,0.13,1423847010.0,0,UNLIKELY,False,,8bd4afdc7b60987ad7b40c0dca76130e48281fe564783ac4aea4e7da6bbe5bc2,1
"2\BLUNDER WOODS IN LACOLLE, QUE..htm","BLUNDER WOODS IN LACOLLE, QUE..htm",.htm,other,45807,0.04,1423850106.0,0,UNLIKELY,False,,7babf9749e6451e8f82945b0951b8e37719fc19a53b6f2ba230f5dc9450ca255,1
2\BONFIRE & ANKY VAN GRUNSVEN.jpg,BONFIRE & ANKY VAN GRUNSVEN.jpg,.jpg,image,67810,0.06,1419967308.0,0,UNLIKELY,False,,d3f0a835106ebe4f49f177972f4e4811549adf8f2638769238b5358778206a78,1
2\Boston's T.png,Boston's T.png,.png,image,9726,0.01,1406391242.0,0,UNLIKELY,False,,a886ed524558fc00d151785179a2987515d5c8d55cd261863119984c8f2048a5,1
2\boston-after.jpg,boston-after.jpg,.jpg,image,296924,0.28,1425771642.0,0,UNLIKELY,False,,5fe480847355f309d3b92ff9e7c584c420d24579a4c905baeba4c99b605a67f1,1
2\BRA STRAP.jpg,BRA STRAP.jpg,.jpg,image,183106,0.17,1401076942.0,0,UNLIKELY,False,,22fd60e62c2c5a1bab0811eab3550c2371cf620de33809246a825dcd8ed8ee9f,1
2\Brass and Glass front door.jpg,Brass and Glass front door.jpg,.jpg,image,63506,0.06,1409417088.0,0,UNLIKELY,False,,b903ca7276fa45c88f4591b12fe38138d4254cb7951f604a938465b5e0e5a2b7,1
2\BRASS ROCOCO DOOR.jpg,BRASS ROCOCO DOOR.jpg,.jpg,image,525396,0.5,1409416726.0,0,UNLIKELY,False,,5af49e7598871b3e5380a9ed7d111c5f017393076a87a7e3edbe28eb53470d38,1
2\Breguet 1.jpg,Breguet 1.jpg,.jpg,image,22009,0.02,1401301866.0,0,UNLIKELY,False,,fdc447066ec7fbad82e195965e8b423267a83ded9ecf6e5b62ab2093f5a1d99a,1
2\Breguet2.jpg,Breguet2.jpg,.jpg,image,36595,0.03,1401301900.0,0,UNLIKELY,False,,e4c49b887d234d64177714d1b1351521f8a9795abd821861c350ad4106bb3c69,1
2\Bring it all down.doc,Bring it all down.doc,.doc,document,53760,0.05,1418551556.0,0,UNLIKELY,False,,00ba4ae21dcd8e207b0dfb31a3540a25e587ce7eddf31cabe04e4ad8666fd426,1
2\BRYAN 2.jpg,BRYAN 2.jpg,.jpg,image,64941,0.06,1425468912.0,0,UNLIKELY,False,,a4f33d45390e640844d84590ce18047515d8e8ea19c40b20e4d19961f6967466,1
2\BRYAN 3.jpg,BRYAN 3.jpg,.jpg,image,239239,0.23,1425469154.0,0,UNLIKELY,False,,01fc5f896211d067453724cbc7e7b17c45014a13e4b3b40f75cab5213d8a0ac1,1
2\BRYAN 4.GIF,BRYAN 4.GIF,.gif,image,652051,0.62,1425470330.0,0,UNLIKELY,False,,31fdc45d08ff3ea803010a2291f675c3e07a1096ec12a06ed656a912b916e356,1
2\Bryozoan 3.jpg,Bryozoan 3.jpg,.jpg,image,50503,0.05,1420185388.0,0,UNLIKELY,False,,afb3e0673560e95f6c9ea58f329b3b1a2f53b9972f336ddc2192b771330e4d9c,1
2\Bryozoans 2.jpg,Bryozoans 2.jpg,.jpg,image,16279,0.02,1420185274.0,0,UNLIKELY,False,,a460cd098e739926989b35487be067ba1c56ddf583534ef8730156bd4b11a3b8,1
2\Bryozoans 4.jpg,Bryozoans 4.jpg,.jpg,image,85795,0.08,1420185466.0,0,UNLIKELY,False,,675a3d983dfbf58b5caa69cb4c8958855c17bb324ba8f0a5f52234a8db433f61,1
2\BUDWEISER IN BOTTLES.gif,BUDWEISER IN BOTTLES.gif,.gif,image,9922,0.01,1404435312.0,0,UNLIKELY,False,,2abf8083b3fe7ae142f4f89582d7b0badf4f498e5b53ef7991e6285f939e7a6e,1
2\BULLETIN BOARD NONSENSE.doc,BULLETIN BOARD NONSENSE.doc,.doc,document,48640,0.05,1405159580.0,0,UNLIKELY,False,,7ab61a668b0ece7aae07505e19a0d7cf3e26c3c0e4086ceb27f30cde27e5835f,1
2\BUSH    CHENEY  KRAUTHAMMER RUMMIE ROVE WOLFOWITZ CONDO RICEAILESASHCROFT MURDOCKFOX NEWSHANNITYKRISTOLAILES.doc,BUSH    CHENEY  KRAUTHAMMER RUMMIE ROVE WOLFOWITZ CONDO RICEAILESASHCROFT MURDOCKFOX NEWSHANNITYKRISTOLAILES.doc,.doc,document,50176,0.05,1416070342.0,0,UNLIKELY,False,,2e9a0a86b83ec7e9a032db160a097a96d28e1ad462ca93b8d7a472d574711c8f,1
2\bush-painting-Iraq.jpeg,bush-painting-Iraq.jpeg,.jpeg,image,246671,0.24,1403817960.0,0,UNLIKELY,False,,1f40148912220e5ca654b77a707a8f4ec8a00ea718e71ec0cc68782ca9d264c2,1
2\But Faith.doc,But Faith.doc,.doc,document,23040,0.02,1394499278.0,0,UNLIKELY,False,,6cd7fbf01387821a278baa0b9aff87298d664657a2b9a53a05502c4f611c8e9a,1
2\canal-midi.jpg,canal-midi.jpg,.jpg,image,163577,0.16,1406644856.0,0,UNLIKELY,False,,255d040318451120d8dd657975340c3b51cbe1b42ec3529d67728d979837356f,1
2\capt_8a2e7393da682a60870a33afdef44b7c - Copy.jpg,capt_8a2e7393da682a60870a33afdef44b7c - Copy.jpg,.jpg,image,14860,0.01,1303463248.0,0,UNLIKELY,False,,c7b8bbe89e3c0c8fd4b1318e8d9d162195913a49449932493726ac6ee7b454cd,1
2\Caspar_David_Friedrich_ pine woods.jpg,Caspar_David_Friedrich_ pine woods.jpg,.jpg,image,102044,0.1,1418154366.0,0,UNLIKELY,False,,1e0f41b571ad8de16e127f0e53671e87753753998b175a5e91d09a070c742451,1
2\ccc_oral_history_charles_wagner.prn,ccc_oral_history_charles_wagner.prn,.prn,other,1899605,1.81,1305956510.0,0,UNLIKELY,False,,ecc45559e172586304a6c82ec561795211b1648d380f979b1311c329da46f531,1
2\Celestial Orbs After Ptolemy.png,Celestial Orbs After Ptolemy.png,.png,image,45107,0.04,1405524254.0,0,UNLIKELY,False,,756ccb068806c7fd9d0583725c95153df05fcb8b6ce38fd9dcf391a7b2c48733,1
2\CENTER STREET.jpg,CENTER STREET.jpg,.jpg,image,132491,0.13,1420466732.0,0,UNLIKELY,False,,fb68f3a48fc5d48f498eb2ebd5510f16012b73b271ce6c010640a87394cd7746,1
2\Chandelier_in_US_Capitol_Building.jpg,Chandelier_in_US_Capitol_Building.jpg,.jpg,image,774434,0.74,1423760316.0,0,UNLIKELY,False,,6908ff441ab1b67f9c4dc77996ffdb519f1d52ee130478d252e53e7ea97cdf12,1
2\CHANEL evening dress.jpg,CHANEL evening dress.jpg,.jpg,image,59260,0.06,1412517560.0,0,UNLIKELY,False,,d375ffcbc06426a84478411d24c7f297609739335698571cb189fc9efec33d75,1
2\CHAPUT PARKING.doc,CHAPUT PARKING.doc,.doc,document,49664,0.05,1410988492.0,0,UNLIKELY,False,,842c6dcd25ac365c58f18e02992a69e35ca3ab30659b86ebb1c1893334592a38,1
2\Charles-IV-And-His-Family.jpg,Charles-IV-And-His-Family.jpg,.jpg,image,40988,0.04,1413151416.0,0,UNLIKELY,False,,b8f8e347ee77641413b6dd45a1211afaa59783374fdef7466167c20a5c198f9a,1
2\Chibougamou.jpg,Chibougamou.jpg,.jpg,image,288312,0.27,1412344584.0,0,UNLIKELY,False,,b08592485aaf785581197e133f04878c506320616357b5d93b254dd1541a3232,1
2\CHINESE.pdf,CHINESE.pdf,.pdf,document,860918,0.82,1421663458.0,3,LOW,True,"30 North St, Burlington VT CHINA EXPRESS 2 Store: 3:30pm — 11:30pm Delivery: 3:30pm — 11:30pm 7 Days a Week Unless otherwise posted HOURS: WE ACCEPT MAJOR CREDIT CARDS 802-865-4888 | 802-862-8008  New North End  Old North End  UVM  Downtown Burlington  Winooski Falls Way DELIVERY TO: http://www .BurlingtonChineseFood.com Not Responsible for Printing Errors 08/13 Each Plate w. White, Brown, or Fried Rice ($1.00 More to substitute Lo Mein for Rice Only) F",3c91d1143106a36b73e25e49e51ea1da7637c3946d36c0b02b76bd69be041634,1
2\Choe email August.doc,Choe email August.doc,.doc,document,52224,0.05,1407891332.0,0,UNLIKELY,False,,559e19ed7b551b08f5234bc0278e7b6cefa97fea31d3240a83e86ab0193bf2d2,1
2\christian-dior-ivory-silk-plait-belt-kaftan-blouse-label-3550.jpg,christian-dior-ivory-silk-plait-belt-kaftan-blouse-label-3550.jpg,.jpg,image,8904,0.01,1412802282.0,0,UNLIKELY,False,,1b8d308dde4b541302f0212974c7f8e6e4645fa968cfa849ba69eb2c046eac2c,1
2\christian-louboutin-petal-crepe-satin-sandal-pink-001-01.jpg,christian-louboutin-petal-crepe-satin-sandal-pink-001-01.jpg,.jpg,image,52057,0.05,1405158924.0,0,UNLIKELY,False,,d3cf4dbe6f17732cee2fbfba399eb18b514e3497a5247c756a6f4b8b6af88786,1
2\Christma Tree Balsam.jpg,Christma Tree Balsam.jpg,.jpg,image,1713452,1.63,1415122312.0,0,UNLIKELY,False,,acad2d388befb56356c20a166a4ac1c48433e291dde75d35af1884c24b63e184,1
2\Christmas Douglas.jpg,Christmas Douglas.jpg,.jpg,image,337691,0.32,1415120566.0,0,UNLIKELY,False,,e5a2d172891c6c97476f46d08264954a24dab33d4d70d3bce377b2b85b374d9d,1
2\Christmas Scotch pine.jpg,Christmas Scotch pine.jpg,.jpg,image,136477,0.13,1415121220.0,0,UNLIKELY,False,,9936315307f5b6ceae767fa1d7b0d2984bf182817bb34d32f32c9d5e41792167,1
2\Christmas Tree.JPG,Christmas Tree.JPG,.jpg,image,236769,0.23,1409672612.0,0,UNLIKELY,False,,30a911025fa1e7ea28bdbde196a59be5cb0e82d3e6715c0f07e541f76956ac64,1
2\Christmas-Tree-At-Village-Outskirts-1600x1000-Wallpaper-WallpapersHunt.com-.jpg,Christmas-Tree-At-Village-Outskirts-1600x1000-Wallpaper-WallpapersHunt.com-.jpg,.jpg,image,265932,0.25,1417121174.0,0,UNLIKELY,False,,fd03a9f8a33d6b953239986b2028e7ec5a21f133777ff04f8d4fb303127e8513,1
2\Christmas_Star_1_by_Bulldoggenliebchen.png,Christmas_Star_1_by_Bulldoggenliebchen.png,.png,image,1161126,1.11,1414868750.0,0,UNLIKELY,False,,4d9562442699d28c50779ecd1dc9f7ac5adfe4dcf2692812e538ad4d9343dce7,1
2\christmas_tree_white_lights_7843.jpg,christmas_tree_white_lights_7843.jpg,.jpg,image,110338,0.11,1410212170.0,0,UNLIKELY,False,,fee2669ab66da54be4d1ddda12cddd83af864f7fcc6ea18f3011925ebbb8e68e,1
2\Cities Service logo.jpg,Cities Service logo.jpg,.jpg,image,14510,0.01,1414790718.0,0,UNLIKELY,False,,ba156fb2a8821b0180ba3d203a12fb28ec590524ac1c5ae325032391b6a4da0d,1
2\Clara  Macdonald  Keegan.doc,Clara  Macdonald  Keegan.doc,.doc,document,48128,0.05,1407256968.0,0,UNLIKELY,False,,8271787ef6615811b310d3bbbbc769f98b94d88aae66a06d61ab7649bb935c65,1
2\Cliff and his box august 14.doc,Cliff and his box august 14.doc,.doc,document,49152,0.05,1407166862.0,0,UNLIKELY,False,,9518b7d7e3794804832eae6a3754931e624d48af34ca94196834b9baef7ca807,1
2\COCKER 2.jpg,COCKER 2.jpg,.jpg,image,45938,0.04,1400854416.0,0,UNLIKELY,False,,2c705a71d40c0fb261a26cf7c7a84238355cdb9b5a883fcd121591cbbcdd2d0e,1
2\COKE 5CENTS.gif,COKE 5CENTS.gif,.gif,image,11951,0.01,1404439106.0,0,UNLIKELY,False,,45419c7de78054a3a0955cabdf9c4b91fe7ac6d7294d9f9714140a76ee60bb47,1
2\Coke WWII.doc,Coke WWII.doc,.doc,document,59392,0.06,1394133188.0,0,UNLIKELY,False,,e9aae2a96df52b346ccbb42938d4dbeef66256d545a34ab4c4368fd8f8602ad6,1
2\Comet 67P Churyumov-Gerasimenko.jpg,Comet 67P Churyumov-Gerasimenko.jpg,.jpg,image,301100,0.29,1418770972.0,0,UNLIKELY,False,,f562c2cf7f8be14051628aa16002e861d619fafa8d764f8c584ed9fae14ec43b,1
2\CONCEALED CARRY.pdf,CONCEALED CARRY.pdf,.pdf,document,7509851,7.16,1339752630.0,28,HIGH,True,"www.USConcealedCarry.com U.S. CONCEALED CARRY AND CONCEALED CARRY MAGAZINE DISCLAIMER AUTHOR’S DISCLAIMER This publication is designed to provide the authors’ beliefs and opinions in regard to the subject matter covered. They are sold with the understanding that neither the authors nor the publisher are engaged in rendering professional psychological, legal, political, firearm instructional, or other professional services through the dissemination of this publication. If expert assistance, ins",edf906653a49dd8fa37e61c75bb8b53ca0d0d748d72c8ef139dfc025f55fef08,1
2\Crack Russian Airborne Brigade.jpg,Crack Russian Airborne Brigade.jpg,.jpg,image,145094,0.14,1406047142.0,0,UNLIKELY,False,,8c68fd3d41fa0e578ddb851c3bdf08aee5a979da470f51081497f86f6d0b4c3c,1
2\Crack Russian Brigade Commander Donetsk.png,Crack Russian Brigade Commander Donetsk.png,.png,image,534577,0.51,1406047902.0,0,UNLIKELY,False,,80068d201e9a779a6800a905abc5615810e9712de30dedc06bd277b5c201926a,1
2\Crack Russian Commando.jpg,Crack Russian Commando.jpg,.jpg,image,67567,0.06,1406046336.0,0,UNLIKELY,False,,ee116d00a705ca06429204a4164f63e7dd44eb9a025a1a7f823b1117fd8c0e46,1
2\Crack Russian Crash-site Investigator.jpg,Crack Russian Crash-site Investigator.jpg,.jpg,image,204045,0.19,1406046602.0,0,UNLIKELY,False,,cedc40589f7db90d2699cabc1d5e8fdb908323abb7deae6e25c1890bcef85671,1
2\Crack Russian Guard in Donetsk.jpg,Crack Russian Guard in Donetsk.jpg,.jpg,image,31511,0.03,1406047454.0,0,UNLIKELY,False,,bd6e34f77960b9e4b2f274777cd6c3426c36d8b5037702eba4daa99bdd16a6e7,1
2\Crack Russian Intelligence Officer.jpg,Crack Russian Intelligence Officer.jpg,.jpg,image,128809,0.12,1406047272.0,0,UNLIKELY,False,,cfd0e7b6b8ac09fa9d6fa2110810c63d9b6e9a4f012ceecb802c7d0188af038c,1
2\Crack Russian Neighborhood Watch.jpg,Crack Russian Neighborhood Watch.jpg,.jpg,image,100085,0.1,1406047802.0,0,UNLIKELY,False,,59cbd7b50606e644346fb363f322824c1e25dc33f4ba36f39c4d85eee466f2f9,1
2\Crack Russian Railroad Operation.jpg,Crack Russian Railroad Operation.jpg,.jpg,image,105132,0.1,1406211956.0,0,UNLIKELY,False,,8cd2132a95a13bf0dd4577518721b9276df410ea99d5508821f01e24645033c6,1
2\Crack Russian Separatist Commando.jpg,Crack Russian Separatist Commando.jpg,.jpg,image,29679,0.03,1406047350.0,0,UNLIKELY,False,,d17f4e676249e49488f83102a8d4834efd045395430df99346da0a4d4bfc18d9,1
2\Crack Russian Traffic Cops in Donetsk.jpg,Crack Russian Traffic Cops in Donetsk.jpg,.jpg,image,160216,0.15,1406047658.0,0,UNLIKELY,False,,fda067dcdd0c2d1cfd10496022893dbece642f8c2da90a6c1034392e6909f911,1
2\Crack Ukainian Separatist Commando.jpg,Crack Ukainian Separatist Commando.jpg,.jpg,image,13892,0.01,1406046172.0,0,UNLIKELY,False,,1a829b2fb7e657de0a5a9f6b96b916683d48863bd5344dcb4bd94b76bb4fb49d,1
2\Crackpot religionist vermin with their imaginary friends and sky gods.doc,Crackpot religionist vermin with their imaginary friends and sky gods.doc,.doc,document,53248,0.05,1425992368.0,0,UNLIKELY,False,,1d803dae6e8321d7271bf0057033754e6b824e0a58759a679ab170bacc3f2a59,1
2\CRAFT MARATHON.jpg,CRAFT MARATHON.jpg,.jpg,image,34875,0.03,1425771728.0,0,UNLIKELY,False,,2cce630900dfa693d97759d892f5273daaf955d9a3ddf76bf77472898877b8fc,1
2\Craftmenatbackofvan.jpg,Craftmenatbackofvan.jpg,.jpg,image,50437,0.05,1425771598.0,0,UNLIKELY,False,,27a0b4073817ba9678eb5863692a0d54f1f6680da0a51c95d4c9fe72d33a0d06,1
2\craft_international_logo.jpg,craft_international_logo.jpg,.jpg,image,5470,0.01,1425771426.0,0,UNLIKELY,False,,a31b38c7271926e894321da780689c867e43ea233f7051a2cdb5fef5efd6e8e9,1
2\Crazed religious zealots put a sock in it.doc,Crazed religious zealots put a sock in it.doc,.doc,document,46080,0.04,1420921240.0,0,UNLIKELY,False,,8274bc5a1f8af224b831b411d1f01bd103bb830aea67ee1a225f02428164418b,1
2\CREDIT CARD.doc,CREDIT CARD.doc,.doc,document,53248,0.05,1426025622.0,0,UNLIKELY,False,,c41d2c26ef10a9bbdb61c7aa1bd89978ca0964d49a3c7ab709b69197e28f6ad7,1
2\CRESCENT MOON.jpg,CRESCENT MOON.jpg,.jpg,image,446753,0.43,1422017582.0,0,UNLIKELY,False,,648297c723038b2e7b84c8b7596b506129bf715410f5d052ac210da11ba575af,1
2\croatia-durmitor-national-park - Copy.jpg,croatia-durmitor-national-park - Copy.jpg,.jpg,image,22682,0.02,1271567280.0,0,UNLIKELY,False,,251e6d89115232c4d35228f1b14aa56fd963c711226ebd44f6a18958a804a84b,1
2\Crone in the lobby.doc,Crone in the lobby.doc,.doc,document,51712,0.05,1418259394.0,0,UNLIKELY,False,,fbc69a89ff0d6462cf7af80e8946ef00b72690b61532c9080d8c3f4c44c7e323,1
2\D-Day-infographic-revised-6-3.png,D-Day-infographic-revised-6-3.png,.png,image,1837593,1.75,1402263350.0,0,UNLIKELY,False,,07fb2d1ad0304d8efbcd186a38bb1cbf443e1bc6f89c689741dadfe922635fbe,1
2\DA NIP.jpg,DA NIP.jpg,.jpg,image,82027,0.08,1420466082.0,0,UNLIKELY,False,,59a28da681c2e5e55fdcd9d821e8ed519bb761fe9c82d777946b22529344f9e2,1
"2\Daily News December 4, 2014.jpg","Daily News December 4, 2014.jpg",.jpg,image,67436,0.06,1417727532.0,0,UNLIKELY,False,,c905fc172a7d257326a637affe309e63b319741f205f37a53e8ac4bca6a286d8,1
2\DAMEN SHIP 36 METERS - Copy.png,DAMEN SHIP 36 METERS - Copy.png,.png,image,354298,0.34,1426632500.0,0,UNLIKELY,False,,e61912c379828ed64b02002e82be07343ddfaf527c93d18cef07e664f6246e39,2
2\DAMEN SHIP 36 METERS.png,DAMEN SHIP 36 METERS.png,.png,image,354298,0.34,1426632500.0,0,UNLIKELY,False,,e61912c379828ed64b02002e82be07343ddfaf527c93d18cef07e664f6246e39,2
2\dark-night-full-moon - Copy.png,dark-night-full-moon - Copy.png,.png,image,296311,0.28,1391069924.0,0,UNLIKELY,False,,569b88c7f6d37f6c564f55edf02f107dae0f0f5c00f86a71470616da6157073a,1
2\Darlene LoveLetterman.doc,Darlene LoveLetterman.doc,.doc,document,46592,0.04,1400022456.0,0,UNLIKELY,False,,dd656780ff0ce33d90a3006ba219fe7ad48eac0581047aa46cdc68da41a0e62d,1
2\daughter.jpg,daughter.jpg,.jpg,image,26937,0.03,1401076918.0,0,UNLIKELY,False,,3ad7daa6376d52baeddcf38dc662a830d765988c5d4856168776b451bb33cae5,2
2\DEATH PENALTY 2012.doc,DEATH PENALTY 2012.doc,.doc,document,48640,0.05,1405843740.0,0,UNLIKELY,False,,ae0798c26fa8749357aa3092cd73789620e406fcaabdb5bcd9978355d571cf25,1
2\December-2003--Dixie-Chicks-vogue-85196_1293_1108.jpg,December-2003--Dixie-Chicks-vogue-85196_1293_1108.jpg,.jpg,image,205286,0.2,1401553248.0,0,UNLIKELY,False,,e7f691b08775a91edd815e42e5a5dc9feb46d5946e06b197bf16c07397a2c08f,2
2\DEEP IN.jpg,DEEP IN.jpg,.jpg,image,352494,0.34,1420465476.0,0,UNLIKELY,False,,726814368743a119053c0920bc8a14807a928b7a0e045a303b1611e8ffeed832,1
2\Demarchelier to Nancy.doc,Demarchelier to Nancy.doc,.doc,document,1183232,1.13,1415915672.0,0,UNLIKELY,False,,6c49d77cb62e8c4d0365bee85a51049017f471373a6518456858e9d9ef8d8155,1
2\Democratic Sen. Bill Nelson said he was “appalled.doc,Democratic Sen. Bill Nelson said he was “appalled.doc,.doc,document,53248,0.05,1426208262.0,0,UNLIKELY,False,,965a842c910d879e36bf7d01cccc302f89c54789c36e163e6551aca0f1dc0db4,1
2\Dessert at Fouquet's.jpg,Dessert at Fouquet's.jpg,.jpg,image,112954,0.11,1421498012.0,0,UNLIKELY,False,,8d6bc059d218fd777a038c7bdfb7bd33f22fa75c4cd7fb6814833a483b3eb8a2,1
2\Diana's Grab.htm,Diana's Grab.htm,.htm,other,42924,0.04,1423686338.0,0,UNLIKELY,False,,32618cf456311a7c14bf1ae3dd7888476b8a27f17d813d759df263c8fd199ab0,1
2\DINER LATE.jpg,DINER LATE.jpg,.jpg,image,2043294,1.95,1424819218.0,0,UNLIKELY,False,,a89d9dd4d84104eaee88f0db40183484138aa8bb9c4550270b1b94f30c4c4957,1
2\DINER.jpg,DINER.jpg,.jpg,image,64250,0.06,1418648340.0,0,UNLIKELY,False,,5e3a85103cbafdb03080a6d77a035d0134d482ab5a00d97edf8855b145b91181,1
2\Dinner is scrambled.jpg,Dinner is scrambled.jpg,.jpg,image,192280,0.18,1425060558.0,0,UNLIKELY,False,,a26a70ce1f231c23176c454510b3c9d70da6d45ad3b837818fcc7d6d899835be,1
2\Directly across the Common.doc,Directly across the Common.doc,.doc,document,80384,0.08,1399117842.0,0,UNLIKELY,False,,e2d7a59f9ec9e96c3cbcfd3055182a256879b3837ca5e4dd5f22778725fe13d7,1
2\Ditching the hijab in.doc,Ditching the hijab in.doc,.doc,document,115712,0.11,1416602508.0,0,UNLIKELY,False,,307cd3318de06c58fb800f2b70d1e84bc0baf0809253ac33487451b4c587ce60,1
2\Dixie-Chicks in Vogue.jpg,Dixie-Chicks in Vogue.jpg,.jpg,image,205286,0.2,1401553234.0,0,UNLIKELY,False,,e7f691b08775a91edd815e42e5a5dc9feb46d5946e06b197bf16c07397a2c08f,2
2\DOLLY PARTON - Copy.jpg,DOLLY PARTON - Copy.jpg,.jpg,image,57657,0.05,1400770456.0,0,UNLIKELY,False,,ce6e68a1aab548d384212d4d011a04dffc0dc71544cd0f3c85698969a737bdb5,2
2\DOLLY PARTON.jpg,DOLLY PARTON.jpg,.jpg,image,57657,0.05,1400770456.0,0,UNLIKELY,False,,ce6e68a1aab548d384212d4d011a04dffc0dc71544cd0f3c85698969a737bdb5,2
2\Dolly.jpeg,Dolly.jpeg,.jpeg,image,7938,0.01,1400767200.0,0,UNLIKELY,False,,01f5455cc19534457d0bf33d65d10d4c7e1e2859535870e18b4796b34f8114cc,1
2\DOODLEBUG can motor Bachmann.jpg,DOODLEBUG can motor Bachmann.jpg,.jpg,image,93486,0.09,1422457300.0,0,UNLIKELY,False,,62ceb23eb4135b8d2f2f64774ec830f421b74e5e0a26752c3480c30844745314,1
2\DOODLEBUG from Boulder Valley Model.jpg,DOODLEBUG from Boulder Valley Model.jpg,.jpg,image,49139,0.05,1422457302.0,0,UNLIKELY,False,,ba58498afc7b0b4ba789f91279634a5289dee7d4fe6164a08281ba79777ee6ba,1
2\DOODLEBUG reversed.jpg,DOODLEBUG reversed.jpg,.jpg,image,75574,0.07,1422457304.0,0,UNLIKELY,False,,7983a815e51d97b1ccb5e2a481b89dae9f922e4468e125fda38f9e512533318e,1
2\DOUSE THE GLIMMER ms..doc,DOUSE THE GLIMMER ms..doc,.doc,document,1231872,1.17,1407385572.0,0,UNLIKELY,False,,0884142cbe0602b3850d2ce6304643e48ab88bdf12031a0ee49c2d1007f8ac58,1
2\durmitor7kala_20081114_1284253291 - Copy.jpg,durmitor7kala_20081114_1284253291 - Copy.jpg,.jpg,image,116321,0.11,1271568958.0,0,UNLIKELY,False,,e787422198a46925709eb68fe23d0f933b9fafea01b2dfa645d7b0e5af33fd4f,1
2\DYLAN THOMAS LaugharneBoatHouse.JPG,DYLAN THOMAS LaugharneBoatHouse.JPG,.jpg,image,1201402,1.15,1419980100.0,0,UNLIKELY,False,,8b93c50d7421eea96683ae40c89f90b010970adb5888374bb4f48293a2778d0e,1
2\DYLAN THOMAS The_Shed.JPG,DYLAN THOMAS The_Shed.JPG,.jpg,image,674485,0.64,1419980018.0,0,UNLIKELY,False,,3476ab8983998e27e64ac506b7c4737f17f21c768e1f5361ae9910e2aeb99364,1
2\E = mc2.doc,E = mc2.doc,.doc,document,49152,0.05,1410439398.0,0,UNLIKELY,False,,aa101e6e82d68333d640071e16d96ce249b0ebabf5a6704197c9390deb5610e2,1
2\East Wind - Copy.jpg,East Wind - Copy.jpg,.jpg,image,96453,0.09,1277794944.0,0,UNLIKELY,False,,556bf99b373d4bf62c59025c5b84d4b3e854fe629dbaead8e68c5f9a0b2c8efb,1
2\Electric Forest.jpg,Electric Forest.jpg,.jpg,image,423302,0.4,1409262328.0,0,UNLIKELY,False,,cf54ed4c6d9fb9c99d97e5fb95ca5d6e0e4e2a27a061ccd39ad066238c040a60,1
2\Elizabeth Thompson's Roll Call.jpg,Elizabeth Thompson's Roll Call.jpg,.jpg,image,19481,0.02,1404996880.0,0,UNLIKELY,False,,b8dc5ad29df0ddfa29385a62bb2320899b725d1d8abe497618696dfa6ba58382,1
2\Email four ADDITIONAL sections for WHAT THE DOG SAW.doc,Email four ADDITIONAL sections for WHAT THE DOG SAW.doc,.doc,document,88576,0.08,1400242800.0,0,UNLIKELY,False,,533e1d99b5c4e673e68f0b91165e1a7e9cd2811d97b017f94ada377b00f7d049,1
2\Email four ADDITIONAL sections for WHAT THE DOG SAW.pdf,Email four ADDITIONAL sections for WHAT THE DOG SAW.pdf,.pdf,document,173588,0.17,1399972786.0,10,POSSIBLE,True," The woods were lovely, dark, and deep . . . The spanking new dump truck from the Massachusetts Department of Public Works waited behind the fire station, shiny and sunlit so that its paint had the shimmer of Navel Orange pulp. The truck’s snout nearly touched the hardware store’s back wall. There were nine of us, sophomore high-school friends in go-fast Keds sneakers, jeans, and T-shirts waiting for the old guy who’d vanished momentarily into the fire station—our DPW driver, na",247e1c2ff27a98dd69d76f87cfeb55aea32740e5ea122d65e0bd1193d4149070,1
2\Email to CA.doc,Email to CA.doc,.doc,document,321536,0.31,1300256826.0,0,UNLIKELY,False,,55a3f4fa97617605c7f8f2d054601d2e9694a053260b5fe25eef3aaa58a07772,1
2\EMMY LOU HARRIS.jpg,EMMY LOU HARRIS.jpg,.jpg,image,71310,0.07,1400770550.0,0,UNLIKELY,False,,994dccaabe94956ec6c71d4f72d1466a0d0840820056b65ca1588433fc3a396a,1
2\Emmy.gif,Emmy.gif,.gif,image,43,0.0,1400767344.0,0,UNLIKELY,False,,b1442e85b03bdcaf66dc58c7abb98745dd2687d86350be9a298a1d9382ac849b,4
2\English comedies.doc,English comedies.doc,.doc,document,50688,0.05,1417776360.0,0,UNLIKELY,False,,889b5a7cbf5db0643f3bbb36fcb11f74954c967873e4dda3a481821cbd950e5b,1
2\English lobstertail helmet.jpg,English lobstertail helmet.jpg,.jpg,image,1138368,1.09,1410049956.0,0,UNLIKELY,False,,7b904cd07f7ff02f6ed24e6138fffca40167b4ac710d49aa86f990e56b3e16de,1
2\English summer boxes.jpg,English summer boxes.jpg,.jpg,image,520396,0.5,1404842160.0,0,UNLIKELY,False,,12dc32f5a1929c64b073bdde442daac6b2cb3bf0b7a8f11885a69fafa881e55f,1
2\Eric Jon Engberg.doc,Eric Jon Engberg.doc,.doc,document,179200,0.17,1424604504.0,0,UNLIKELY,False,,7f91aa4d9478b57734bf42826497b6f68660cc00d3adac7f85dc736fe767aa77,1
2\ERRATA.doc,ERRATA.doc,.doc,document,68608,0.07,1413221078.0,0,UNLIKELY,False,,021e6f8b3b8b29f3778ba0af0a7924cbfdff0550f83d8a4e16b0e4aa8047f39d,1
2\Europa.jpg,Europa.jpg,.jpg,image,187082,0.18,1409262126.0,0,UNLIKELY,False,,e63c871c769397a4fe1fa90571952f07bf3d3b9735f12aa856633e9e4018f4ff,1
2\Evelyn Nesbit.doc,Evelyn Nesbit.doc,.doc,document,120320,0.11,1422657470.0,0,UNLIKELY,False,,9e50e77ba0dec3971aae3b0ae9cde20ea069ca65933e9703647a8377f72ca33f,1
2\Eye Shadow.jpg,Eye Shadow.jpg,.jpg,image,98008,0.09,1413047636.0,0,UNLIKELY,False,,1c5195ec9e724a4f940583d5f2dbf78380f3c2b1dfafd00f047f41b7326de9a4,1
2\ez6eeg1289957509 - Copy.jpg,ez6eeg1289957509 - Copy.jpg,.jpg,image,86936,0.08,1290110520.0,0,UNLIKELY,False,,47187f7f58f3f3d48f1b59413634126ab9f84a613740558627ee437dd1b24101,1
2\Fake 911 Pentagon plane 2.jpg,Fake 911 Pentagon plane 2.jpg,.jpg,image,14587,0.01,1426641994.0,0,UNLIKELY,False,,7b3073f0573218c0983edc96b6abb28cc1d4dcd51dc0f2cb26954fc2bf0cb49c,1
2\Fake 911 Pentagon plane 3.JPG,Fake 911 Pentagon plane 3.JPG,.jpg,image,29718,0.03,1426642046.0,0,UNLIKELY,False,,8007433b54c2cdda16238413d6aef2ecef4fb7629ed8cc2ae03c5a6cdff52eea,1
2\Fake 911 Pentagon plane.jpg,Fake 911 Pentagon plane.jpg,.jpg,image,21158,0.02,1426641952.0,0,UNLIKELY,False,,2046f6b9eccb494a9d3d44df2e8310c1351c4865a21939882a209ef91aee4b29,1
2\FATHER MALLOY OUT THERE WITH A SHOVEL.jpg,FATHER MALLOY OUT THERE WITH A SHOVEL.jpg,.jpg,image,111053,0.11,1420466558.0,0,UNLIKELY,False,,6b5dd9a0ff84a4cfb2f0f17be7a3a6d57801ff8c1c37bce1dcc1a7af2fc07b35,1
2\Fave newsflash for 2014--so far.doc,Fave newsflash for 2014--so far.doc,.doc,document,49664,0.05,1409011118.0,0,UNLIKELY,False,,c5eafcfcd8c1a81210b1824d5f17cd24f31e174176f23b10e304a09a1c796e32,1
2\FHP.pdf,FHP.pdf,.pdf,document,136058,0.13,1407572840.0,5,LOW,True,"This handbook was created by the CVOEO Fair Housing Project with funding from the US Department of Housing and Urban Development. Since 1995, FHP has been working to end housing discrimination in Vermont through education and outreach of fair housing laws. For more information contact us: CVOEO Fair Housing Project 255 South Champlain ST. Burlington, VT 05401 1-800-287-7971 fhp@cvoeo.org www.cvoeo.org Fair Housing In Vermont A Handbook A",633cd2ca67f509df3180729e7c854a0c2a18fd94234606f0a19abd611dc14b8a,1
2\FINAL CD LIST NANCY 2014.doc,FINAL CD LIST NANCY 2014.doc,.doc,document,51200,0.05,1405110822.0,0,UNLIKELY,False,,2204eb53534cfd357c391bb1140dab8b1d925db93b2498b765abb8fb4d869cf6,1
2\fireflies brook.jpg,fireflies brook.jpg,.jpg,image,610335,0.58,1400530276.0,0,UNLIKELY,False,,ceaa2a88f29486732e59822167841d6428126f4bf243e0501874c0e75c6d32b8,1
2\fireflies forest.jpg,fireflies forest.jpg,.jpg,image,229794,0.22,1400530396.0,0,UNLIKELY,False,,451db2de000d2fe1c6e369e85e5fea4a208efe386ff136af27ffcc8d587c1182,1
2\flags-medium.png,flags-medium.png,.png,image,14773,0.01,1423871238.0,0,UNLIKELY,False,,f30cc4cd705a0f523737b17a393b334dfc721933281c882ef29166049288a388,2
2\Fletcher Allen Health Care letter.doc,Fletcher Allen Health Care letter.doc,.doc,document,49664,0.05,1407004598.0,0,UNLIKELY,False,,5ac1781c15d2aaf1a6ab6d9372cdb2e3db51ddc0932e4c02d96a327047ad53df,1
2\FLORIDA GAZEBO.jpg,FLORIDA GAZEBO.jpg,.jpg,image,39948,0.04,1406206718.0,0,UNLIKELY,False,,614a9c2b3a38e8f35dc3240912997ec1077f63b4f855ccee5f3874c16ff93dcd,1
2\FLORIO 2.png,FLORIO 2.png,.png,image,277117,0.26,1419004372.0,0,UNLIKELY,False,,51727cbfe269e9eeb9db5c32198c9e4c34b55fbb28cf016d41226f9dee24b94b,1
2\FLORIO.jpg,FLORIO.jpg,.jpg,image,13784,0.01,1419003444.0,0,UNLIKELY,False,,9ae6113c473c68713165535f6080bc46545ae427911c6f883d037c04eed98f55,1
2\For some miraculous reason.doc,For some miraculous reason.doc,.doc,document,53760,0.05,1424292728.0,0,UNLIKELY,False,,11ca815fff4ad277da70b3829e0ccefdbbbba7970b8aee981fef48b188a81abf,1
2\Fouquet's ham & cheese.jpg,Fouquet's ham & cheese.jpg,.jpg,image,42663,0.04,1421497914.0,0,UNLIKELY,False,,a486f5308c3daac07158a7a5696ff51081809e74733c2fb1637a398aaa035655,1
2\Fouquet's.jpg,Fouquet's.jpg,.jpg,image,136983,0.13,1421500284.0,0,UNLIKELY,False,,681e9f43f19896a66fc4890e2d1eac5ff47dca981a2eb3064d2f949d8baae055,1
2\Foxwoods-Poker-Entry.jpg,Foxwoods-Poker-Entry.jpg,.jpg,image,752233,0.72,1406381406.0,0,UNLIKELY,False,,40f9f095db39ffd16561e5ac4d0a700ab4b9c9e217f5e6416c063644fbbea9d6,1
2\France has millions marching against insanity and America celebrates silly people who make human cartoons nobody with a brain ever watches or cares about.doc,France has millions marching against insanity and America celebrates silly people who make human cartoons nobody with a brain ever watches or cares about.doc,.doc,document,52224,0.05,1421059418.0,0,UNLIKELY,False,,73477ee86129079deeaf46e70528cad3f34cfacf658793ad2e106e23dd6ee43e,1
2\FRANCE.doc,FRANCE.doc,.doc,document,1207808,1.15,1405461024.0,0,UNLIKELY,False,,f0413eb1ded21b430027cd4da552c9111020314ed5160857e4dc0ec874ac5761,1
2\Fred Swan winter.jpg,Fred Swan winter.jpg,.jpg,image,202175,0.19,1415306936.0,0,UNLIKELY,False,,1ec00d32b737e368bca32eb3ccdf09b039e7efc4978a5d62d8eaca80f3bd3aef,1
2\French Boat Cruise patio.jpg,French Boat Cruise patio.jpg,.jpg,image,108461,0.1,1409408576.0,0,UNLIKELY,False,,e654d5edff470d2d90c25eb9fa59f78dd597a073d2a752fe4ad5c23ae441b5c1,1
2\French Boat Cruise.jpg,French Boat Cruise.jpg,.jpg,image,127382,0.12,1409408486.0,0,UNLIKELY,False,,fd121c38af0a30cdff0fe57204ab282675db5e3dade29e927d9af533522e3f2c,1
2\French channel grass.jpg,French channel grass.jpg,.jpg,image,114620,0.11,1407612854.0,0,UNLIKELY,False,,4e21f646b2d89b63e33c48709266bef874859d8cbfaacdc4a59fa4065e6fc0b6,1
2\frenzy-baits-bounty-hunter-arig.jpg,frenzy-baits-bounty-hunter-arig.jpg,.jpg,image,24920,0.02,1403352936.0,0,UNLIKELY,False,,cd22cf5b5e1fd73cc537f7b7994da08dccbd033cc28fcc3d69e3c32a888cd8cf,2
2\from Ferguson.doc,from Ferguson.doc,.doc,document,62464,0.06,1417988426.0,0,UNLIKELY,False,,b26caa4b2ea45f2ab62ffdd6cc7df3ef371073ded9fc076a1307b2fbee908a0d,1
2\From the CDC for 2013.doc,From the CDC for 2013.doc,.doc,document,50688,0.05,1418244224.0,0,UNLIKELY,False,,e6ead7c0782e8df8fbabc6597dca8f98b07312bfbfb5d00a734f78ef9f2e5a7f,1
2\fsNightRunRedFox.jpg,fsNightRunRedFox.jpg,.jpg,image,366453,0.35,1415307192.0,0,UNLIKELY,False,,a9403b6fa6f615ea50d6841716a6e38e7718fa23c89378a86cd856d4f37a6c2e,1
2\FUXFAUXNEWS has been broadcasting deceitful.doc,FUXFAUXNEWS has been broadcasting deceitful.doc,.doc,document,70656,0.07,1424612124.0,0,UNLIKELY,False,,32b7a48195c9b3a98f60f1fd46c9a45f4120da975546d9007961ec9be8377cf1,1
2\gas pump Flying A.jpg,gas pump Flying A.jpg,.jpg,image,125213,0.12,1409509516.0,0,UNLIKELY,False,,528ea6072a6cb9d50d3e4253928a8093a9a3b88c63b27661360f49ff4e19d1a7,1
2\gas station old shell.jpg,gas station old shell.jpg,.jpg,image,68370,0.07,1409509062.0,0,UNLIKELY,False,,9a5d9f890c7e9cc640735cd215d0936d194a65a2c08aff5864cebb3fdd1fe534,1
2\gas station patio.jpg,gas station patio.jpg,.jpg,image,68406,0.07,1409509000.0,0,UNLIKELY,False,,71347f76f590b66184a40406eadb1f69501a21131317e83c5db4c2f03617d5de,1
2\gaspump1.jpg,gaspump1.jpg,.jpg,image,157195,0.15,1409508266.0,0,UNLIKELY,False,,cfcc63fcfd72740fea1502d3978926d764d6ddb909dc9e0db66b7ad3d52f12f2,1
2\George Booth Santa Dog.jpg,George Booth Santa Dog.jpg,.jpg,image,969001,0.92,1425061104.0,0,UNLIKELY,False,,84040ef8159aff58466b8d888ddb5979e849f95f5a318369bb9754e520297b45,1
2\george-booth-make-that-a-double-and-give-one-to-the-old-bitch-at-the-end-of-the-bar-new-yorker-cartoon.jpg,george-booth-make-that-a-double-and-give-one-to-the-old-bitch-at-the-end-of-the-bar-new-yorker-cartoon.jpg,.jpg,image,49100,0.05,1425061204.0,0,UNLIKELY,False,,eb471ffe3c6eb5fff3d792fb066159ab4351ec4a2fda05fa69cd9a4e776fe93a,1
2\Giggles McCoy.jpg,Giggles McCoy.jpg,.jpg,image,43019,0.04,1419771652.0,0,UNLIKELY,False,,133e883f355f459d0cccace902dff78ebf1ebcac56d4f6e26fc7dd0feac12de6,1
2\Given that the average American IQ is 79.doc,Given that the average American IQ is 79.doc,.doc,document,20480,0.02,1425324086.0,0,UNLIKELY,False,,2591648fab7e9790338edc15d1f2746c5326f6380c86b603305caeacb31dd451,1
2\Givenchy feathers.jpg,Givenchy feathers.jpg,.jpg,image,727745,0.69,1409262272.0,0,UNLIKELY,False,,9508d083c5ca1079fbf6bb24d1083d6c830b53b1086ef7b9c921eb02f70281d5,1
"2\Gore,-Vonnegut,-Mailer.jpg","Gore,-Vonnegut,-Mailer.jpg",.jpg,image,22498,0.02,1405636674.0,0,UNLIKELY,False,,899d97a4978bc7059a897acfd4b1a2de62d13985fedf5bc4864e389ee95ecaf3,1
2\gore-vidal-surly.jpg,gore-vidal-surly.jpg,.jpg,image,95033,0.09,1405637144.0,0,UNLIKELY,False,,6ff0b953fa5bbcc13f4780c9a0e7574e9c4a41f8bfae2f15e1afc901fc7d9139,1
2\GORE6.jpg,GORE6.jpg,.jpg,image,378888,0.36,1405637044.0,0,UNLIKELY,False,,3905a70dc4e82f8ac6c7d19b2a714fd793562c9455790077f698ef3d67fac4c0,1
2\GothamWriters2.jpg,GothamWriters2.jpg,.jpg,image,50688,0.05,1405636894.0,0,UNLIKELY,False,,7b858d932838de39f31e53507d4d5d77e2dab6de32e0abaa359362187fb7b826,1
2\Grace Potter-AES-049703.jpg,Grace Potter-AES-049703.jpg,.jpg,image,59432,0.06,1400768038.0,0,UNLIKELY,False,,796685a3156a376f2301b4eec1e56b39923c44fe5eb8e7d644f7b5295c5b0d9b,1
2\Grace Potter-AES-052471.jpg,Grace Potter-AES-052471.jpg,.jpg,image,60638,0.06,1400767924.0,0,UNLIKELY,False,,25f768bbc5de4287cbe6e35e3d4b98ca1572c6ca88a475c22c5a397a8d29fee7,1
2\Grace Potter-BBC-022167.jpg,Grace Potter-BBC-022167.jpg,.jpg,image,91558,0.09,1400768206.0,0,UNLIKELY,False,,84d21c2340415887ca8500b6d09eb40cfca81e076335c65b47a8aff0aa3a1d0a,1
"2\Grandes-Orgues, Notre Dame de Paris.jpg","Grandes-Orgues, Notre Dame de Paris.jpg",.jpg,image,456182,0.44,1401053018.0,0,UNLIKELY,False,,3d5100fb24d2329d452ba165b6114ff95d80b9da90ec3fe989d0dd2da34bfb38,1
2\GreatPower1938.jpg,GreatPower1938.jpg,.jpg,image,622399,0.59,1402612828.0,0,UNLIKELY,False,,a31e3b8b3effa33067f67046ddd89d4fc95b2e518ce745c7a32a378715557bbb,1
2\GRUB DOMINIONS MS..doc,GRUB DOMINIONS MS..doc,.doc,document,1057280,1.01,1428701344.0,0,UNLIKELY,False,,aabd6639910c1bbecd5ce61410241279bf1662e3d78f3f4e2116d52e35ee8429,1
2\GRUB DOMINIONS QUERY.doc,GRUB DOMINIONS QUERY.doc,.doc,document,99328,0.09,1426698346.0,0,UNLIKELY,False,,67ffae50c55dd6e675dab4619328fb8b51ecf29c68e1d36304eabdc787b60d05,1
2\GUARDIAN LAST WEEK.doc,GUARDIAN LAST WEEK.doc,.doc,document,68608,0.07,1424612168.0,0,UNLIKELY,False,,407b15b2786eb41621dfae79e15d725a201d4e385aa222b6701626ed65293cdc,1
2\Hachiko-A-Dog-s-Story-hachiko-a-dogs-story-14893604-1600-1200 - Copy.jpg,Hachiko-A-Dog-s-Story-hachiko-a-dogs-story-14893604-1600-1200 - Copy.jpg,.jpg,image,561801,0.54,1301479238.0,4,LOW,False,,f490af3e59edff140f951efb12318d8e55523244b89957147681c6411427d170,1
2\Handwriting analysis has revealed.jpg,Handwriting analysis has revealed.jpg,.jpg,image,165526,0.16,1425060394.0,0,UNLIKELY,False,,0d1bab7e0f89b092fea38db2f0a21922239f56a34181259e9272f9818d263a86,1
2\HAPPY! HAPPY!.doc,HAPPY! HAPPY!.doc,.doc,document,115712,0.11,1423943520.0,0,UNLIKELY,False,,6ba4cf367e9ab55f5f96c027195acd3ac1d55601d4394750b15a0c5d6199851e,1
2\Harper's 21st Century limited.png,Harper's 21st Century limited.png,.png,image,48024,0.05,1402612456.0,0,UNLIKELY,False,,1925c83dd85add20706529fd9ce8d12763cdef94b0b353741941ba1126d16947,1
2\Haven't we all simply had enough.doc,Haven't we all simply had enough.doc,.doc,document,53760,0.05,1409532378.0,0,UNLIKELY,False,,23eca6f7d1e9313bd472bad54003b3df14e255c5fac43d88b6642b434e2e8209,1
2\Having lost three big districts.doc,Having lost three big districts.doc,.doc,document,47616,0.05,1400710884.0,0,UNLIKELY,False,,e88a8ac6524f33ca935e0b18d60d188b181e7904429ed0c427e3ca05a8bb4abd,1
2\He Knew He Was Right.doc,He Knew He Was Right.doc,.doc,document,122880,0.12,1424803460.0,0,UNLIKELY,False,,81a12c630913fffbbeb8d11ee492cdc2c565ec459740fdacffd34b6ca2f88f69,1
2\HEADSHOTS.doc,HEADSHOTS.doc,.doc,document,607744,0.58,1400783284.0,0,UNLIKELY,False,,a1998a4fea3c282e38a3015fd19815cfc317fc7c533e855e15df634ea42464bc,1
2\Heaving on the great Atlantic.doc,Heaving on the great Atlantic.doc,.doc,document,47104,0.04,1404839652.0,0,UNLIKELY,False,,f2f9de0ade6f914f5f52324330f4f2e52fef7af7a89e9c0a4fe510273e8f6201,1
2\hibiscus - Copy.jpg,hibiscus - Copy.jpg,.jpg,image,66170,0.06,1304447224.0,0,UNLIKELY,False,,278a5c521cb6fb8ca0a6d321a22f2cbf183ce4ad22515af690d5e23d4e739d7f,1
2\Himmler_1827987c - Copy.jpg,Himmler_1827987c - Copy.jpg,.jpg,image,52943,0.05,1297936990.0,0,UNLIKELY,False,,b357f6372bc68068eea5316bc0b0ad4040e35a8801d70a0b05fbefe8e514d9ae,1
2\Himself touching up a painting Chartwell.jpg,Himself touching up a painting Chartwell.jpg,.jpg,image,293595,0.28,1413283518.0,0,UNLIKELY,False,,d4b3916deb32cbcc8d6379fd335488d4b3be4f24e2eec4e395ed04167d37670c,1
2\Hockomock Bryozoans.jpg,Hockomock Bryozoans.jpg,.jpg,image,273837,0.26,1420185172.0,0,UNLIKELY,False,,48a5504a75ec0ca7e6b7665fb2c42ad15acd918a3acd793641419b6d4862b162,1
2\HOCKOMOCK CORN FIELD NEAR TAUNTON.jpg,HOCKOMOCK CORN FIELD NEAR TAUNTON.jpg,.jpg,image,147717,0.14,1420465930.0,0,UNLIKELY,False,,d67b70cbb284e8ba97707f717c366acb47df599c699385ba4abfeedab6b8f447,1
2\Hockomock creek.jpg,Hockomock creek.jpg,.jpg,image,176599,0.17,1420207798.0,0,UNLIKELY,False,,05fac7d34ed78d780fe1d55c8b3a0befee9a99f643e14949cde958b6975a39a5,1
2\HOCKOMOCK DEEP.jpg,HOCKOMOCK DEEP.jpg,.jpg,image,306645,0.29,1420465774.0,0,UNLIKELY,False,,94af15c1de5194a7b7062fb8c84605e17af8467201ba206b339c0bd70afefae5,1
2\Hockomock fen.jpg,Hockomock fen.jpg,.jpg,image,825472,0.79,1420183998.0,0,UNLIKELY,False,,73b84201ca6f7383332a2e023a3f573fb6d38dc479b9f46a44bc34ac4a217b79,1
"2\HOCKOMOCK ROAD, SORT OF.jpg","HOCKOMOCK ROAD, SORT OF.jpg",.jpg,image,155928,0.15,1420465260.0,0,UNLIKELY,False,,ba1145cbc6fe396767b4c12111f952d8dca352e2c8f8e8662f6b4a5eabe4e529,1
2\Hockomock Road.jpg,Hockomock Road.jpg,.jpg,image,1024374,0.98,1420184054.0,0,UNLIKELY,False,,ff377426aa574c9f55dbb80f92d09b98488fff87fee9234fbf22fcaa4ee06117,1
"2\HOCKOMOCK Swamp, Bridgewater - Copy (2).jpg","HOCKOMOCK Swamp, Bridgewater - Copy (2).jpg",.jpg,image,84803,0.08,1400535058.0,0,UNLIKELY,False,,d23780c7619801fbecbbe2e94f9a7323e99816eb6fbbff9f7b9ac7f06a30517b,1
2\HOCKOMOCK SWAMP.jpg,HOCKOMOCK SWAMP.jpg,.jpg,image,196777,0.19,1420295488.0,0,UNLIKELY,False,,fb51c90b8cc76ebf7cf3f1da4b5b060fbc1f7b8033feaaad7fbb623ce2da9125,1
2\Hockomock Waaaay Out.jpg,Hockomock Waaaay Out.jpg,.jpg,image,339476,0.32,1420207740.0,0,UNLIKELY,False,,dbf15f1bf80bedb1d13fbbf535ba8c89f1e8f0e65c183f945574dc36d7b6be97,2
2\Hotel Schloss Fuschl 3.jpg,Hotel Schloss Fuschl 3.jpg,.jpg,image,113494,0.11,1400177798.0,0,UNLIKELY,False,,88bd5448db053b9709589e3c820687b81ff30eff2bf9153a96687b13fbeefeae,1
2\Hotel Schloss Fuschl Evening Dining Room.jpg,Hotel Schloss Fuschl Evening Dining Room.jpg,.jpg,image,249030,0.24,1400178372.0,0,UNLIKELY,False,,9c63b30aa9531287f75fbb319d7063d69c0171dd30de199316c9c4f9d81e3923,1
2\Hotel Schloss Fuschl Morning Room.jpg,Hotel Schloss Fuschl Morning Room.jpg,.jpg,image,269321,0.26,1400178154.0,0,UNLIKELY,False,,b33268693993d1e64b63c58b856c34a78149d6c9c1efdb7a002d2da31d33adee,1
2\Hotel Schloss Fuschl Picnic Shop.jpg,Hotel Schloss Fuschl Picnic Shop.jpg,.jpg,image,288678,0.28,1400178780.0,0,UNLIKELY,False,,ffd375f4723d15025711341e345bd59be12ec39b73a2da91b234164304e69048,1
2\Hotel Schloss Fuschl Room 31.jpg,Hotel Schloss Fuschl Room 31.jpg,.jpg,image,108820,0.1,1400177672.0,0,UNLIKELY,False,,6e0ba6e8cd83d1e27ec7a08c635636aa19e69676f03508419e5c9951e4ce3d11,1
2\Hotel Schloss Fuschl Room.jpg,Hotel Schloss Fuschl Room.jpg,.jpg,image,103486,0.1,1400177748.0,0,UNLIKELY,False,,c2b8547c3f9943a59440c8b4bca271ab82f9da2b88569372f78871fc4d4b519f,1
2\Hotel Schloss Fuschl Suite 18.jpg,Hotel Schloss Fuschl Suite 18.jpg,.jpg,image,259703,0.25,1400178600.0,0,UNLIKELY,False,,117166ad916394bb32fb491a67e046c2fd9afbdb39bedff379faf4db1b12c1e1,1
2\Hotel Schloss Fuschl Terrace 6.jpg,Hotel Schloss Fuschl Terrace 6.jpg,.jpg,image,259256,0.25,1400178076.0,0,UNLIKELY,False,,463b4e91bde19f4614dd444613631e4c63fddf27173b3f4f9a7ecf0ecd402ab7,1
2\Hotel Schloss Fuschl Winter Terrace.jpg,Hotel Schloss Fuschl Winter Terrace.jpg,.jpg,image,207722,0.2,1400178452.0,0,UNLIKELY,False,,1bf70198933cdabecee7024304d1ca8940968da647063fc37db6f9fb51ce8d1e,1
2\Howler Huelskamp from Kansas.doc,Howler Huelskamp from Kansas.doc,.doc,document,55808,0.05,1426111812.0,0,UNLIKELY,False,,91914ef0963c6220afebbd82a999a07ce3964dbc572dd13855382a4d428c45ac,1
"2\HUFFPO August 15, 14.doc","HUFFPO August 15, 14.doc",.doc,document,49664,0.05,1408237000.0,0,UNLIKELY,False,,9da46ec01c0216094e1cb193eabb63211ec238ba281847622abdfb9156e9667a,1
2\I am happy to be back in Vermont and away from the withering insularity of the Chigger Belt.doc,I am happy to be back in Vermont and away from the withering insularity of the Chigger Belt.doc,.doc,document,51712,0.05,1415733092.0,0,UNLIKELY,False,,8675419b0ec44a50f2c56f9f543c1f482c83dc96ef2f8b19dabd0b2df75dac54,1
2\I am not a theist.doc,I am not a theist.doc,.doc,document,54272,0.05,1423766212.0,0,UNLIKELY,False,,c98be04f809ce0f30db52876da5d0d27a2b5c57c6f2432eab6df6d01c019b109,1
2\I am reluctant to enter into this fray because of its tediousness.doc,I am reluctant to enter into this fray because of its tediousness.doc,.doc,document,61440,0.06,1405193858.0,0,UNLIKELY,False,,6b32775a2fc6841107a43b3bfd17c380d29b6a4d48b92fc7be9f2edb76cfa473,1
2\I am reluctant to enter into this fray because of its tediousness.pdf,I am reluctant to enter into this fray because of its tediousness.pdf,.pdf,document,82529,0.08,1403029382.0,3,LOW,True," I am reluctant to enter into this fray because of its tediousness, but Cathedral Square’s local staff, especially, and the pervasive thoughtlessness given to physical appearances and convenience have deteriorated at my Cathedral Square facility to a degree that’s disquieting and almost certainly a consequence of rather dim-witted management types and a motley, grimy maintenance staff with a gift for indolence and taking the short way home. Janette Floyd (863-3335) is the inept and ma",6d4b9fa01b966ca971d30d00832b5cee55aa238bc051e4ced20bd639628b4d12,1
2\I bought three new suits in one swat.jpg,I bought three new suits in one swat.jpg,.jpg,image,184286,0.18,1425060938.0,0,UNLIKELY,False,,41cf195ed53701a693b3168d0930a548681ee603c426a16612c3969e635baf59,1
2\I have contacted Highland Valley on several occasions.doc,I have contacted Highland Valley on several occasions.doc,.doc,document,50176,0.05,1413894058.0,0,UNLIKELY,False,,ce7a6f8dcc107ef7b2a3e1d64e3bef50f64c24c7e5898531f586a78ecb0b177a,1
2\I haven't owned a TeeWee.doc,I haven't owned a TeeWee.doc,.doc,document,51200,0.05,1417629718.0,0,UNLIKELY,False,,6e9b265b6e3e8a826dc51f3340fdc85af1e81d2b7bb1316e6cc09caf63848ef2,1
2\I want two days and one dazzling.jpg,I want two days and one dazzling.jpg,.jpg,image,178491,0.17,1425060150.0,0,UNLIKELY,False,,beae3b58f8d0fc998e0974b94fa8eb5162786ca76b2c011ca50aadfff8258c4e,1
2\I wasn't doing horses.doc,I wasn't doing horses.doc,.doc,document,52736,0.05,1423324334.0,0,UNLIKELY,False,,3094022307b34d1acd491897bf415b414f7365df16a8a56e9c712bdd9a5d3e6f,1
2\I watched Bill.doc,I watched Bill.doc,.doc,document,53248,0.05,1424542392.0,0,UNLIKELY,False,,cb82e2e9c2874ab43298b42cd4ddde4dec464e9277ef23fc0b02e923b70e036c,1
2\I've had it up to here.doc,I've had it up to here.doc,.doc,document,54272,0.05,1423493380.0,0,UNLIKELY,False,,0e52e8cdb94a110df561f9132ab8a1bcdf018366d8069eb2e3ae366c9bde686d,1
2\I3.doc,I3.doc,.doc,document,51712,0.05,1419013706.0,0,UNLIKELY,False,,cc47fa5fac0885e1ef512dd89dbc7f43fcf1ea26fe62f5b6a319c65823a980cf,1
2\If It Kills You.jpg,If It Kills You.jpg,.jpg,image,62134,0.06,1409262572.0,0,UNLIKELY,False,,0922f0db00584014092053c6c1a29b4f8c5fabca21f0b27202fe3e9beaee6775,1
"2\If pressured, I will.jpg","If pressured, I will.jpg",.jpg,image,215723,0.21,1425060504.0,0,UNLIKELY,False,,cea89f17c7ed0f6983cf61f95f0eb9be58d3274e520a603ecb199cd2daa428ea,1
2\If the graphics on the fuselage do not.doc,If the graphics on the fuselage do not.doc,.doc,document,51200,0.05,1420108892.0,0,UNLIKELY,False,,553c637e264b7d4465fec3e91db16159e4a3d6fe5397bb216b1d1b3a38bc8eac,1
2\If you can.doc,If you can.doc,.doc,document,47104,0.04,1400706168.0,0,UNLIKELY,False,,f3bb2bf9454f544b4ce0d66d599c3cd0fb4d8c89b0f2443b3cd47608706fea96,1
2\imagesCAMGZCE0 - Copy.jpg,imagesCAMGZCE0 - Copy.jpg,.jpg,image,22847,0.02,1392496180.0,0,UNLIKELY,False,,f923d5b3d07503c6ad693642e29b1a1f043012fb7f12f31a983b036a6526ed26,1
2\Indigo Girls-VS-ID40-2012-12-06@04-28-47.jpg,Indigo Girls-VS-ID40-2012-12-06@04-28-47.jpg,.jpg,image,142314,0.14,1400767096.0,0,UNLIKELY,False,,4a85f7fa9658d34be8d3ae104d8c7c3cde9c0f47d1d9b4c4a35f8355b5ba58ee,1
2\insulting Islam through electronic channels and going beyond the realm of obedience.doc,insulting Islam through electronic channels and going beyond the realm of obedience.doc,.doc,document,51712,0.05,1421447632.0,0,UNLIKELY,False,,b3b6f2e5be5ff06102b1965c98940eabcb6b840cb5eb3d85829a68ce902022ea,1
2\Interesting that wondrously imbecilic Americans think they have the world by the ass.doc,Interesting that wondrously imbecilic Americans think they have the world by the ass.doc,.doc,document,54784,0.05,1423858768.0,0,UNLIKELY,False,,d3c2f08dfeefc792e3dcaf7b57e8c52818af095646a76a439f1e3b507e1e2f73,1
2\IRON VICTORIAN GAZEBO.jpg,IRON VICTORIAN GAZEBO.jpg,.jpg,image,48649,0.05,1406207830.0,0,UNLIKELY,False,,3a11fd4f17c8c8affc8f1fdd7180362e0be81693a34da971f97bd54c3a7216b4,1
2\Isabella Mable Grossinger.jpg,Isabella Mable Grossinger.jpg,.jpg,image,30459,0.03,1409263008.0,0,UNLIKELY,False,,30fd9ef3b2982bb95600af4d0a28d1c8f8a0932bba5021ecc5df7a80beedd3ce,1
2\ivy-frame-vector-46760.jpg,ivy-frame-vector-46760.jpg,.jpg,image,12515,0.01,1406577344.0,0,UNLIKELY,False,,3a26e67ae0250a08e597c756b1b570b55430e505a182eebc496637f9ac153fbe,1
2\iwwsticker - Copy.jpg,iwwsticker - Copy.jpg,.jpg,image,31859,0.03,1262988980.0,0,UNLIKELY,False,,929d792c49e97c3d3ba5b549a379beea245611844ce47d1a58003ab84978ca00,2
2\J. Kneerim LETTER 2014.doc,J. Kneerim LETTER 2014.doc,.doc,document,51712,0.05,1410125556.0,0,UNLIKELY,False,,97118753f8e4e0fce5ae0d0901cd1a7df7e55a261579fa9e6d246074d716a815,1
2\Je suis Charlie 2.doc,Je suis Charlie 2.doc,.doc,document,52224,0.05,1420923258.0,0,UNLIKELY,False,,d27ba3661c5fe170166375441e3022fb09936f62b1791d41ddc7b2539b7e03a4,1
"2\Jehoshaphat, look at that gait.jpg","Jehoshaphat, look at that gait.jpg",.jpg,image,135716,0.13,1425060782.0,0,UNLIKELY,False,,9d9e48c9170942cf461e5cc6babebb9ef3689d25ca88ac7a33627146473d9c6e,1
2\JEWISH WOMAN.jpg,JEWISH WOMAN.jpg,.jpg,image,122139,0.12,1418068618.0,0,UNLIKELY,False,,2e0e99db1f8412dc777e47dad1ddd0372df35ef6d57a80abf11af1b03138e8d8,1
2\JOE COCKER as you knew him.jpg,JOE COCKER as you knew him.jpg,.jpg,image,30219,0.03,1400864262.0,0,UNLIKELY,False,,59113439699796e111b3964335bb350c23d6bd506cbad78ff9907e409c0cdfc8,1
2\Joe Cocker.jpg,Joe Cocker.jpg,.jpg,image,32203,0.03,1400854208.0,0,UNLIKELY,False,,0bf83fcb9ae85c2c33b41747458ea34ef9188bb5dfda445503dc9dec72236a30,1
2\JOE THE COBBLER STEPS FAIRBANKS.jpg,JOE THE COBBLER STEPS FAIRBANKS.jpg,.jpg,image,194706,0.19,1420467052.0,0,UNLIKELY,False,,c4cfae1caed96e91706228c88c4719cbc06c4851d195c6c4bc80c027da0b9d2c,1
2\JUICY FRUIT 4.15.doc,JUICY FRUIT 4.15.doc,.doc,document,260608,0.25,1428096296.0,0,UNLIKELY,False,,b2877e1c177acef45ce608fa04c03b3dac0a9ef0dc50c2dac381b5b468c08a8e,1
2\JUICY FRUIT.doc,JUICY FRUIT.doc,.doc,document,260608,0.25,1415470806.0,0,UNLIKELY,False,,b500a89c5dedd3bd9335a237659a5c0594a5047ed5cc6807d697d57f72c78851,1
2\JUST A TAD TOO FAMILIAR.jpg,JUST A TAD TOO FAMILIAR.jpg,.jpg,image,267816,0.26,1420463148.0,0,UNLIKELY,False,,ff2c8190c263297ed648160508eea1a1fab7fffd3c9708a4b3204ae133d1e305,1
2\Just look at these drones.doc,Just look at these drones.doc,.doc,document,53760,0.05,1424770628.0,0,UNLIKELY,False,,46e101497018e35b2532569be53aa402a483fd00537a55b02ad2d0e45a2ec4fd,1
2\JUST OUTA THE WOODS.jpg,JUST OUTA THE WOODS.jpg,.jpg,image,184330,0.18,1420466836.0,0,UNLIKELY,False,,54ecce784f36ca69d78d81feb997ff98367d0d04ed590336a0f47239becf4cfa,1
2\Just think..doc,Just think..doc,.doc,document,37376,0.04,1405160518.0,0,UNLIKELY,False,,456abd17964cb7006a2d565d7611ba0fb0fb034ebc8f213f142827618189351f,1
2\Kanye West & Alabama.doc,Kanye West & Alabama.doc,.doc,document,52736,0.05,1423493602.0,0,UNLIKELY,False,,63c5c1d30d9a99c36769d9a15211ff9caceedc72431ade5886172106e8c119d7,1
2\Kate-Middleton-Fascinators-Hair-Accessories.jpg,Kate-Middleton-Fascinators-Hair-Accessories.jpg,.jpg,image,48459,0.05,1412513192.0,0,UNLIKELY,False,,49d19a2d401b28846adc5b675a3554a59d82a607af22b6cdf20f3604bb97efc4,1
2\King Widor.doc,King Widor.doc,.doc,document,49664,0.05,1401066112.0,0,UNLIKELY,False,,97008a41ac96bd5e5f8bda2097d57d14b981be17daed14ad52320710a63c1d57,1
2\KlingonD5DeltaQuadrantBoxAr.jpg,KlingonD5DeltaQuadrantBoxAr.jpg,.jpg,image,33680,0.03,1412886596.0,0,UNLIKELY,False,,85ad0b0679fad3dd5dde31c1a7188582cdcf8367741021766d4f7f4bc08a153d,1
2\Kohl's TV ads for Nike kids' shoes.doc,Kohl's TV ads for Nike kids' shoes.doc,.doc,document,49152,0.05,1409572950.0,0,UNLIKELY,False,,ecf08061d86c87184888303b5be12af1984a4529b7f2453de330470132b3183b,1
2\Konig dressage boot.jpg,Konig dressage boot.jpg,.jpg,image,12219,0.01,1409523264.0,0,UNLIKELY,False,,bdfe3f6f0ad2126afd00fbab48769759f2885206bb70cdf09f854069cc670a0e,1
2\Laburnam Pink.jpg,Laburnam Pink.jpg,.jpg,image,36136,0.03,1409266528.0,0,UNLIKELY,False,,b1e7826f2711a0133be6e43755c8b9cb5a27df9d5fb3c37a5ed6ca7f904c3eae,1
2\lacma - Copy.jpg,lacma - Copy.jpg,.jpg,image,53877,0.05,1297411796.0,0,UNLIKELY,False,,79c190459391d715aeed7bfddce61c0a26d23a1f35df362904cd862144bc01e9,1
2\lacma-lights-2-thumb - Copy.jpg,lacma-lights-2-thumb - Copy.jpg,.jpg,image,313840,0.3,1297411248.0,0,UNLIKELY,False,,d7582333d01300a94bd749d3d73db1a1bc3c89d55e3f60277b9982b7ee1f0f9d,1
2\lacma2 - Copy.jpg,lacma2 - Copy.jpg,.jpg,image,31107,0.03,1298606806.0,0,UNLIKELY,False,,39ff1ed27581ad9a3a344a00236c00f4afb43d44ebdc7bd0a4c195956b4af7f2,1
2\Lambent.doc,Lambent.doc,.doc,document,52224,0.05,1422660162.0,0,UNLIKELY,False,,ffabeabba132e21eabf457ba7a6a714f5d4b3bf655f214ac73b2cdeaa36d397d,1
2\lapelpin - Copy.jpg,lapelpin - Copy.jpg,.jpg,image,15918,0.02,1262988324.0,0,UNLIKELY,False,,50916fdd484c81747fe93931a1a4ea292e7fdf613e7e9929c91581b3a03517c2,1
2\LARGE GAZEBO.jpg,LARGE GAZEBO.jpg,.jpg,image,154000,0.15,1406207008.0,0,UNLIKELY,False,,2666d2f6794a718aea5fd068e365fd4735b7a09294a992666585676b23a71323,1
2\LAST WILL AND TESTAMENT OF Debbie.doc,LAST WILL AND TESTAMENT OF Debbie.doc,.doc,document,61440,0.06,1405634682.0,0,UNLIKELY,False,,af852c41fe62a2adb264662f8933b8ce7e06aa76387b37721cf6e03c7ddfb24d,1
2\LE DOME.jpg,LE DOME.jpg,.jpg,image,17748,0.02,1421500506.0,0,UNLIKELY,False,,8670eb891102b2085bbfb454bff48da2709341160e88fafdc8c4d865c17020f0,1
2\LE DOME2.jpg,LE DOME2.jpg,.jpg,image,255512,0.24,1421500686.0,0,UNLIKELY,False,,470d6631e6e1d404335bb45601c9a8d950f700e5112ed9464a56ec20836ef11d,1
2\LE MONDE 2015.doc,LE MONDE 2015.doc,.doc,document,57856,0.06,1420927574.0,0,UNLIKELY,False,,e471c74a2b35ddbd679b875c84d321d2b49d4fb98e878c63638ec1826a34ce20,1
2\leann_rimes_couric_mi_121024_wg.jpg,leann_rimes_couric_mi_121024_wg.jpg,.jpg,image,35119,0.03,1400768418.0,0,UNLIKELY,False,,42e046f142ade8a7f9b215377916b94104972679861fc52513d2f4a7959e8f4d,1
2\legacy_power_wagon_green.jpg,legacy_power_wagon_green.jpg,.jpg,image,242291,0.23,1417115138.0,0,UNLIKELY,False,,aa97a0e556a0fb5c05ad513231d8c1fb66c63a113f4251084d1b383e080bb909,1
"2\Leon, necklines.jpg","Leon, necklines.jpg",.jpg,image,105375,0.1,1425060326.0,0,UNLIKELY,False,,99ee32e3dc09a0576abe8d899251cdc495032b8b6b3b88916a99380c415a7c07,1
2\Leonard Cohen's Montreal.doc,Leonard Cohen's Montreal.doc,.doc,document,44544,0.04,1425121244.0,0,UNLIKELY,False,,95e033898374a4a48e53216e9b31a6bc61301a83a6489c55964ac9868c3d844e,1
2\LETTER TO PETER 9.2014.doc,LETTER TO PETER 9.2014.doc,.doc,document,51200,0.05,1409624682.0,0,UNLIKELY,False,,c3e57a5e87411297851e4421c0004e7953c49d0888d6545a10a801b78182eb25,1
2\Lighted cottage.jpg,Lighted cottage.jpg,.jpg,image,133840,0.13,1425409016.0,0,UNLIKELY,False,,30f344e1f82f3d7ab4a89ecafdf8c309ba1dd09e651df0cd169d9c70b43db811,1
2\lighted porch cabin.jpg,lighted porch cabin.jpg,.jpg,image,758949,0.72,1425405698.0,0,UNLIKELY,False,,77177a806d0bc3774b99257a5ebb741c6e4c1c5a377581d801ac1233ea0460b5,1
2\lighted tiny 2-story.jpg,lighted tiny 2-story.jpg,.jpg,image,72449,0.07,1425409056.0,4,LOW,False,,db310086430579688bc339b626463c8bcc442161d31adefbfe5bf58b3f4d14e2,1
2\lights-at-the-lacma-la-county-museum-of-art-0777-edward-ruth - Copy.jpg,lights-at-the-lacma-la-county-museum-of-art-0777-edward-ruth - Copy.jpg,.jpg,image,34565,0.03,1297411978.0,0,UNLIKELY,False,,ba3b5206ba28e7dfef955dfe7f8f177c37ff5778690595ec5c59701073327cbc,2
2\lights-at-the-lacma-la-county-museum-of-art-0777-edward-ruth.jpg,lights-at-the-lacma-la-county-museum-of-art-0777-edward-ruth.jpg,.jpg,image,34565,0.03,1297411978.0,0,UNLIKELY,False,,ba3b5206ba28e7dfef955dfe7f8f177c37ff5778690595ec5c59701073327cbc,2
2\LINDA R..jpg,LINDA R..jpg,.jpg,image,57082,0.05,1405160844.0,0,UNLIKELY,False,,d04ba6af74f80237f57685e29ad1c73872805a21ecf124888fff13a458b0be5e,1
2\LINDA RONSTADT.jpg,LINDA RONSTADT.jpg,.jpg,image,29495,0.03,1400769280.0,0,UNLIKELY,False,,76fac6c9479960d75466e3b8c3de1e0700b15c34d716225194c005a4c3432248,2
"2\LINDA, as always.jpg","LINDA, as always.jpg",.jpg,image,33307,0.03,1405464884.0,0,UNLIKELY,False,,f24bbe10c56528a94e2528a86c7569a42964edb1b41169b4ccce88b47d781668,1
2\Linda.jpg,Linda.jpg,.jpg,image,29495,0.03,1400767488.0,0,UNLIKELY,False,,76fac6c9479960d75466e3b8c3de1e0700b15c34d716225194c005a4c3432248,2
2\lips 1.jpg,lips 1.jpg,.jpg,image,29105,0.03,1425409130.0,0,UNLIKELY,False,,5678ef9f0e9c8b62d4e0b4bbe5585e4e8d50bcefd25f1f46a1e40be95e373803,1
2\lips 2.jpg,lips 2.jpg,.jpg,image,26747,0.03,1425409144.0,0,UNLIKELY,False,,313bb930e5ed3372564bb256da11992362d7faa82dcd0d46e10bcf6390fa4214,1
2\lips 3.jpg,lips 3.jpg,.jpg,image,24925,0.02,1425409170.0,0,UNLIKELY,False,,0f4637c8264cdbe9b6ce1738d8c56e7bc2bd570cbbe614c6062f9dfd52663ec3,1
2\lips 4.jpg,lips 4.jpg,.jpg,image,26521,0.03,1425409190.0,0,UNLIKELY,False,,fc59e2072e45f8b32ce3a4df7917b3d5b257cc9e4d501515ca845a465b9db1e0,1
2\lips 5.jpg,lips 5.jpg,.jpg,image,20107,0.02,1425409214.0,0,UNLIKELY,False,,58b32e29908cf0ea9cd17122a95912c5788fc5bc92778c02995a963f7eff9909,1
2\lips 6.jpg,lips 6.jpg,.jpg,image,23740,0.02,1425409248.0,0,UNLIKELY,False,,e01857a7cd2cc456b8c4333de5dcb543ef8ecd3e36e2fb6d591bd114a502ded0,1
2\Lisa.doc,Lisa.doc,.doc,document,54784,0.05,1423067566.0,0,UNLIKELY,False,,eb819948e3d612e297b9784acd5b1a4815eafe285e936e10c1ade14d1e7777a1,1
2\Little Tommy Q.doc,Little Tommy Q.doc,.doc,document,53248,0.05,1426548648.0,0,UNLIKELY,False,,38de9260ed70f6d71e07eb7778a1099cb4f520b3cf63f82836ffaae69311a297,1
2\lobster boat Danu.jpg,lobster boat Danu.jpg,.jpg,image,33545,0.03,1402608792.0,0,UNLIKELY,False,,3d20bd17ac919ac183ebdfcf6babe130eea47ed1fba17ab04ff6686b6576812d,1
2\Lobster JarvisNewman46.jpg,Lobster JarvisNewman46.jpg,.jpg,image,22522,0.02,1402609236.0,0,UNLIKELY,False,,43426af7c2aa4f6db317b9498ebc8e1c3f52574a0a979056ed9c45a6c93e7159,1
2\Lobster Jinx the Fucking Cat.jpg,Lobster Jinx the Fucking Cat.jpg,.jpg,image,58125,0.06,1402609360.0,0,UNLIKELY,False,,01d3cfdf12f653ca9deed190db65cdab00c1a0bbabaaacb48c6a8c2e212dadee,1
2\LongPont.jpg,LongPont.jpg,.jpg,image,214824,0.2,1420738290.0,0,UNLIKELY,False,,bbeb456c400f22e128754a1e7c3b7746529ea17fe3bbcda232a2a5d70e790890,1
2\Lonnie Donegan.doc,Lonnie Donegan.doc,.doc,document,49152,0.05,1400892248.0,0,UNLIKELY,False,,da38da6f2fbe69939f4ba8aa4fd10836344e23846db46abedcc5cea6e557f3b1,1
2\LOOKS LIKE HOME TO ME.jpg,LOOKS LIKE HOME TO ME.jpg,.jpg,image,164860,0.16,1420466628.0,0,UNLIKELY,False,,1ffcaba54ce3d7ee8fa0226a2fe0d75c3cfd2d56055b3c0ed774b287d799a6ec,1
2\loretta-lynn-now_thumb.jpg,loretta-lynn-now_thumb.jpg,.jpg,image,55110,0.05,1400767812.0,0,UNLIKELY,False,,ff29e1b59a9cb6e50acaf631365cb30b647cb158a020f9d4ab0f837e569b013a,1
2\Louis Vuitton.jpg,Louis Vuitton.jpg,.jpg,image,2102062,2.0,1301805154.0,0,UNLIKELY,False,,92618bc68726284a81c756349e5c77bc9e00bffc23ace54784d754231433c77b,1
"2\LOUSY CAMERA, FABULOUS SWAMP.jpg","LOUSY CAMERA, FABULOUS SWAMP.jpg",.jpg,image,220301,0.21,1420462958.0,0,UNLIKELY,False,,af88cc4223993de39ce3e6edbcb788f668b6467789ef635baf79da2f369c5e97,1
2\Love your work.doc,Love your work.doc,.doc,document,47616,0.05,1406067104.0,0,UNLIKELY,False,,4460518a96a2a6c7d8284cdae7ae58d413426e6e69a5be1f4751887a35e27358,1
2\LUDDINGTON PARK GAZEBO.jpg,LUDDINGTON PARK GAZEBO.jpg,.jpg,image,23100,0.02,1406223884.0,0,UNLIKELY,False,,c1e70ee6547d43077301f39d441fd5f523de02ac84cc009be627a47605b280a3,1
2\Lumosity is a scam.doc,Lumosity is a scam.doc,.doc,document,53760,0.05,1425937456.0,0,UNLIKELY,False,,50a5a30cb6eb927ca375c5b93a1c9501b5158a1f509412e4aa90354874489202,1
2\maewest 1938 Cadillac Fleetwood.jpg,maewest 1938 Cadillac Fleetwood.jpg,.jpg,image,13718,0.01,1418482822.0,0,UNLIKELY,False,,018091adfc649ad95118def38570107812eea88d8a24affc596497558f0bad8b,1
2\Mahler's hotel.doc,Mahler's hotel.doc,.doc,document,46592,0.04,1400685228.0,0,UNLIKELY,False,,3cefffd4c9809fddbd07814e27506dfff2b8674a90273485b41320cc7cca1fa4,1
2\MAIN MOONLIGHT AND MELONS.doc,MAIN MOONLIGHT AND MELONS.doc,.doc,document,1037312,0.99,1422207612.0,0,UNLIKELY,False,,ea354e3a8488b58039578ccd38480c08d54dbe18681bdfd81f6a2c924a0067b0,1
2\MANNY'S.doc,MANNY'S.doc,.doc,document,51200,0.05,1403908652.0,0,UNLIKELY,False,,d5cdf25d1a6c6d0ad2bc33eb6452f08838bc30bcbb4c8b209fb07f39c67647d4,1
2\MARATHON FALSE FLAG.doc,MARATHON FALSE FLAG.doc,.doc,document,2526208,2.41,1425669876.0,0,UNLIKELY,False,,5ceb83511b55bb34767d1b18025e1d31ee8b79855d22db0e29c33eee0403dfb2,1
2\Maria McKee is an irregular bird.doc,Maria McKee is an irregular bird.doc,.doc,document,515072,0.49,1405464596.0,0,UNLIKELY,False,,f7aa0668994628f36c974606ee924b1bafc39872757b1c121f47697106193e61,1
2\Maria+McKee+-+Live+At+The+BBC+-+CD+ALBUM-425812.jpg,Maria+McKee+-+Live+At+The+BBC+-+CD+ALBUM-425812.jpg,.jpg,image,17718,0.02,1405170360.0,0,UNLIKELY,False,,07d5134b63a40851271456ffac340eafa01478873a2e4ce1be6eae66b2890b39,1
2\MARIA.jpg,MARIA.jpg,.jpg,image,18262,0.02,1404918572.0,0,UNLIKELY,False,,9376c0f179e6733097f5bd00824c996503cbdf4b93ecd458a45027b67815cc5d,1
2\Mark V. Holden Massachusetts defective.doc,Mark V. Holden Massachusetts defective.doc,.doc,document,49152,0.05,1410348696.0,0,UNLIKELY,False,,7c9b2d790850eb3de094143171d3c11d788d64fc5a0a700f499a16a7e621775c,1
2\MARQUEE.jpg,MARQUEE.jpg,.jpg,image,154613,0.15,1415448352.0,0,UNLIKELY,False,,d385fb4402d98ef047f4d9deb767879be67ea36a350453a5e3ddefed2e3221a5,1
2\Marton sessile oak.jpg,Marton sessile oak.jpg,.jpg,image,332350,0.32,1408570676.0,0,UNLIKELY,False,,b147628bec7fa8add66cf51839ed7153512045a9b8c3942720ae648ce4dc398c,1
2\Massachusetts Supreme Court chamber.jpg,Massachusetts Supreme Court chamber.jpg,.jpg,image,8588,0.01,1409403230.0,0,UNLIKELY,False,,20eba9273e80fdbb89483168cc126807beeadefed9a6a59158d66fc7580a239c,1
2\Massachusetts Supreme Court.jpg,Massachusetts Supreme Court.jpg,.jpg,image,100755,0.1,1409403310.0,0,UNLIKELY,False,,b5d1d688c3c58b20effcae32e65505e555d4b1ccc55e7509c85024c8850e6c9e,1
2\MATH Cauchy.doc,MATH Cauchy.doc,.doc,document,57856,0.06,1426361884.0,0,UNLIKELY,False,,a7c1343943205f3aeef6d1b069d2212455ccb917918b3e2c3bb76dcd0df01a38,1
2\McEwen.doc,McEwen.doc,.doc,document,34304,0.03,1275813068.0,0,UNLIKELY,False,,95284b10e37dfbed6203a39f2fcfa8974afe412951ab27544d69ddb8e1cd4c06,1
2\McQueen nightgown.jpg,McQueen nightgown.jpg,.jpg,image,69820,0.07,1409263326.0,0,UNLIKELY,False,,e576c70a0df1dff1f12c157a16b9fdae15274912f62988cf2b3043d1a34a8d1c,1
2\Medieval medicine is the risen religion regnant.doc,Medieval medicine is the risen religion regnant.doc,.doc,document,53760,0.05,1409693414.0,0,UNLIKELY,False,,a11e70bc8be764fa64e8515ea3792ea849a1786ca7173df9dd08125a5b9222e0,1
2\Metrosexuals strain.doc,Metrosexuals strain.doc,.doc,document,48128,0.05,1406558820.0,0,UNLIKELY,False,,6e413860d6f74a7028ba6d1cdfc75db81880c8b049b0c6397d6bb0d2ce114ad0,1
2\Mexico and the United States are both utterly failed societie1.doc,Mexico and the United States are both utterly failed societie1.doc,.doc,document,50176,0.05,1415097206.0,0,UNLIKELY,False,,79dab936f43bd904880fbcd7af647d1109273836e1581dbed2e4912f1c28c52a,1
2\MGM Gaming Floor Arch--Foxwoods.JPG,MGM Gaming Floor Arch--Foxwoods.JPG,.jpg,image,444131,0.42,1406381470.0,0,UNLIKELY,False,,db8bcddb891aafa2edaea84157b1f0cf493f1b43751b2b81bd2cad42d972913e,1
2\midsomer.doc,midsomer.doc,.doc,document,50688,0.05,1417162044.0,0,UNLIKELY,False,,5659df843ad14a929fa9d9c3695218b593945b32559c1d34b204674e3ff60fa9,1
2\Missile Attack.TXT,Missile Attack.TXT,.txt,document,129244,0.12,1276038682.0,9,POSSIBLE,True,"﻿----------------------- Page 1----------------------- WikiLeaks Document Release http://wikileaks.org/wiki/CRS-RL31741 February 2, 2009 Congressional Research Service Report RL31741 Homeland Security: Protecting Airliners from Terrorist Missiles Christopher Bolkcom t, Foreign ",5eee312157895e3832d32499b9fb0f2465f8827896d016c58ca88637de087cc2,1
2\MITCHELL RIVER BRIDGE BRIDGE STREET.jpg,MITCHELL RIVER BRIDGE BRIDGE STREET.jpg,.jpg,image,118694,0.11,1424717926.0,0,UNLIKELY,False,,0ac9b324c311d049fa93743d0340165f0994e7e4b4c62e171c26c9deb4c037c8,1
2\Mitt the Twit.doc,Mitt the Twit.doc,.doc,document,51712,0.05,1421575804.0,0,UNLIKELY,False,,ec9ebeeeb8a0149a6fdcdcd71fe16174f3ffdc66608f453f823951cba6cc6fc3,1
2\Moby I.doc,Moby I.doc,.doc,document,48640,0.05,1408744890.0,0,UNLIKELY,False,,803c836a764acb4aa66625e342396ee9eadf984775f711dea673ccab630ffebd,1
2\MOBY'S CHAISE LOUNGE.jpg,MOBY'S CHAISE LOUNGE.jpg,.jpg,image,576079,0.55,1424781104.0,0,UNLIKELY,False,,02253d1f032bfb9795a60d7cd19452260da7776fb7803f317ff81cd13cd37599,1
2\Moby's white gazebo.jpg,Moby's white gazebo.jpg,.jpg,image,239114,0.23,1406068472.0,0,UNLIKELY,False,,500353b2f23ecbd6685a9e1c771aef2296cb4e4aaba665a6c9842ffeee00378b,1
2\Mom&Daughter.htm,Mom&Daughter.htm,.htm,other,830581,0.79,1401076664.0,0,UNLIKELY,False,,8a55347e1e7d1d7a837231058086cb0be4ebe89193b74c95b202c8efb01eb2b6,1
2\Monte Carlo.jpg,Monte Carlo.jpg,.jpg,image,269604,0.26,1409262726.0,0,UNLIKELY,False,,dccbfc289dfcace25e168469320b97dace867c098e2b18e7b91e66429a38f3fd,1
2\Moonligh & Melons background.doc,Moonligh & Melons background.doc,.doc,document,138752,0.13,1407620310.0,0,UNLIKELY,False,,519dbe7e2d2b72b970868b4382452df7c35f506a8b0c3c0c94390f6ccd4658a9,1
2\MOONLIGHT QUERY.doc,MOONLIGHT QUERY.doc,.doc,document,53760,0.05,1422207450.0,0,UNLIKELY,False,,67c7dd752c022c50b0e652f98ff06cedf1073c2a0e0aa5ef520f6aa235a7b11a,1
2\mousehole.htm,mousehole.htm,.htm,other,45792,0.04,1417273412.0,0,UNLIKELY,False,,38e62cdaa2421711994331ae33b39096943a7d72f02a7ef564755d15c13f2502,1
2\Mozzie Tribes and Failed Straight.doc,Mozzie Tribes and Failed Straight.doc,.doc,document,55296,0.05,1424376816.0,0,UNLIKELY,False,,ff95eea9840150ebd1d6479ac27eb46a1b8b8c53f28892cf83494136def48fe5,1
2\My brother.doc,My brother.doc,.doc,document,54784,0.05,1424829572.0,0,UNLIKELY,False,,2d50202ba5b8e7bce9bae687928566d6c40a9e8079ee56204a3e4b5062a01d8b,1
2\MY FEET FEEL HAPPAY AND I'M NOT EVEN THERE.jpg,MY FEET FEEL HAPPAY AND I'M NOT EVEN THERE.jpg,.jpg,image,186426,0.18,1420463300.0,0,UNLIKELY,False,,a089f6c94b2eaf7872ae13cfc2b839b7e28d80e861af995e120a9c24bc51004e,1
2\MYSTERY PIC 3.htm,MYSTERY PIC 3.htm,.htm,other,42179,0.04,1423850860.0,0,UNLIKELY,False,,a998d0a391cf01538b006b6ba46bc55cc45ab7cff302a97ffe9b7a5cc29b7c96,1
2\MYSTERY PIC IDENTIFY AND WIN.htm,MYSTERY PIC IDENTIFY AND WIN.htm,.htm,other,44415,0.04,1423850600.0,0,UNLIKELY,False,,c74b41eddc166dc5d12d705c4413aa8bbdfaa37681b5718c62ce742cdc91588e,1
2\Nancy 7.8.14.doc,Nancy 7.8.14.doc,.doc,document,1943552,1.85,1410194146.0,0,UNLIKELY,False,,affaa5fecb969a42bef939051384cfcde2c61f33acd5290381282caac889cafe,1
"2\NANCY 9.28, 2014.doc","NANCY 9.28, 2014.doc",.doc,document,51712,0.05,1411910042.0,0,UNLIKELY,False,,f3c8fe04afdc79d4cceefcef2b9997bee367c43261f03dfd12322f72046d7f53,1
2\NANCY BCBS.doc,NANCY BCBS.doc,.doc,document,47616,0.05,1401937944.0,0,UNLIKELY,False,,4996acb23a9453fb3adaaf96ea5b7d8e32dc953c78ced4f76b7d66a5243e4119,1
2\NANCY EMAIL 9.8.14.doc,NANCY EMAIL 9.8.14.doc,.doc,document,1944576,1.85,1410191842.0,0,UNLIKELY,False,,27460b08b5f9e4ae9ce8c580eee2f102c2db26ddc04e17ec8636782ed152ef4f,1
2\Nancy I Matthews mailing address.doc,Nancy I Matthews mailing address.doc,.doc,document,47616,0.05,1405202712.0,0,UNLIKELY,False,,a184432c44544f93e96876bdfae153221ac01fde5e89611a682dd8c44ca2e007,1
2\NANCY JUNE 14.doc,NANCY JUNE 14.doc,.doc,document,48640,0.05,1403279202.0,0,UNLIKELY,False,,904f337be0a08ab2876062aff0ef8a6df39e69f68dafdad429c939d5be233eee,1
2\Nancy pages 9.7.14.doc,Nancy pages 9.7.14.doc,.doc,document,90624,0.09,1410127464.0,0,UNLIKELY,False,,8ebcfc7d8061c2ed12cc9c78b017a2802e225f02777500840503761d28868465,1
2\NANCY PARIS.pdf,NANCY PARIS.pdf,.pdf,document,2148305,2.05,1402005856.0,0,UNLIKELY,True," The French Republican Guard My Great Uncle Jean had one of these, which was later owned by my Great Uncle Julian. A French TGV snack/bar car Fouquet’s at Christmas Stéphane Grappelli, Django Reinhardt (mustache & guitar, in the back), and my Uncle Roger (center) playing as the""Quintette du Hot Club de France"" at the Hot Club in Paris Directly across the street from Fouquet’s—the LV home store. Fouquet’s has a small h",4196151802f7b2f0ce94c53008110dcb0a216e655597071332e1e889d2cd89d8,1
2\NANCY STARLIGHT 2.22.15.doc,NANCY STARLIGHT 2.22.15.doc,.doc,document,241152,0.23,1424636112.0,0,UNLIKELY,False,,9a3fe503a28eeff9304884486e244b192af24e35f4680ad7291b0a1022b0434f,1
2\Nancy's pages August twenty-three.doc,Nancy's pages August twenty-three.doc,.doc,document,283136,0.27,1408837906.0,0,UNLIKELY,False,,c999ddfd9ee2b42a4f8753c3dd8dee4196bf58ae92b2b68c1a3c87ddca25afc4,1
2\Nauset Beach in the blizzard.jpg,Nauset Beach in the blizzard.jpg,.jpg,image,31751,0.03,1422397162.0,0,UNLIKELY,False,,6058f34c9a0585813242555ad6dc9223c334f83cba1de55c7b96a9c0eaff118c,1
2\NAVY SEAL TEAM 6 INSIGNIA.jpg,NAVY SEAL TEAM 6 INSIGNIA.jpg,.jpg,image,56518,0.05,1425771328.0,0,UNLIKELY,False,,3ca43583c7a3baeb628ca73f3902b52ed82fbda2457b3cdbf9b3f922b716c249,1
2\Nearly all Americans are seen as six.doc,Nearly all Americans are seen as six.doc,.doc,document,51200,0.05,1415207716.0,0,UNLIKELY,False,,f29bf0ba7f505a80666297a4c2c5a3e441de412940d47207ce397a6104486bdc,1
2\NET WORTH OF THE AVERAGE AMERICAN HOUSEHOLD.doc,NET WORTH OF THE AVERAGE AMERICAN HOUSEHOLD.doc,.doc,document,48128,0.05,1407335878.0,0,UNLIKELY,False,,30ba0ee3215e4ad58630eaffdfc238744736aa71a7350fc4f99aff17726192be,1
2\New Amerrica.doc,New Amerrica.doc,.doc,document,51200,0.05,1401924724.0,0,UNLIKELY,False,,fb1e9b0c19084c9179486624ad7810f928f5e9e3f6e99745fec1228e2042f7d2,1
2\NEWCASTLE POST OFFICE.jpg,NEWCASTLE POST OFFICE.jpg,.jpg,image,134152,0.13,1420890370.0,0,UNLIKELY,False,,add3066c0ab80adcabb2c90b33eae769123126c65a403411ea2d84f2a6a380c0,1
2\NGC7714 100 million l.y. out.doc,NGC7714 100 million l.y. out.doc,.doc,document,99840,0.1,1425330090.0,0,UNLIKELY,False,,44c0db7fed2c1c71b2ad311876814be59b5190b73add61237f1abe8b14a25f5c,1
2\NGC7714 Hubble 100 million l.y..jpg,NGC7714 Hubble 100 million l.y..jpg,.jpg,image,79072,0.08,1425318458.0,0,UNLIKELY,False,,e2ad15c46393fe378b83b9173660e3fa6b26576e133783c9c2cdbb3c82e741a3,1
2\Nicola Bendetti is so delightful.doc,Nicola Bendetti is so delightful.doc,.doc,document,48128,0.05,1407554090.0,0,UNLIKELY,False,,1e3525d7b53473f0a5f78e80132477f130dff5161ca4cb3da2c13c2df0011301,1
2\Nobody with a brain buys the American hokum that every uniform deserves a parade.doc,Nobody with a brain buys the American hokum that every uniform deserves a parade.doc,.doc,document,52224,0.05,1422554986.0,0,UNLIKELY,False,,16ecb01a08d6022fcd8b3f798f4d89b7eacac2f8671839ebeac6f4ef41358f6b,1
2\Nor public flame.doc,Nor public flame.doc,.doc,document,49152,0.05,1405647328.0,0,UNLIKELY,False,,f9ca417c20961bbf8df4561953bd7a2a65dcaa020070acb8873f25420a16c2a4,1
2\Norfolk Southern Railway.jpg,Norfolk Southern Railway.jpg,.jpg,image,309832,0.3,1402613926.0,0,UNLIKELY,False,,10276a77d2ac244eeef77c3d15c54f3389d1fa0dc3a35414fd337c229d27049b,1
"2\Norman-Mailer-Gore-Vidal-Vonnegut, small.jpg","Norman-Mailer-Gore-Vidal-Vonnegut, small.jpg",.jpg,image,27294,0.03,1405636738.0,0,UNLIKELY,False,,029212dcfdaecf646d415e31da5c909ff74d3864fbd01a67f091dbf2cf2241cb,1
2\NORTH END OF THE ISLAND.jpg,NORTH END OF THE ISLAND.jpg,.jpg,image,183881,0.18,1420466040.0,0,UNLIKELY,False,,aa131b0a9b764c6c49f451f0a2b68e32064c956b1d201cd0b1e4860f9fadd27c,1
2\Nothing will come of nothing.doc,Nothing will come of nothing.doc,.doc,document,52736,0.05,1424333716.0,0,UNLIKELY,False,,39ab776ee5b87abe411c197314465a203c7a93a45363c46a798fb5c6850efd6a,1
2\NY Central power.jpg,NY Central power.jpg,.jpg,image,67008,0.06,1402612898.0,0,UNLIKELY,False,,06edba1ade35fb012883131016af299805538d32d1ea939d716107a13c292489,1
2\OCTAGON CAP & FINIAL.jpg,OCTAGON CAP & FINIAL.jpg,.jpg,image,29522,0.03,1406221798.0,0,UNLIKELY,False,,06b36be60fd7b02e735079399b03e7d2668b89a5159459a0d1969e88d26ff19d,1
2\OFF ELM STREET IN BRIDGEWATER.jpg,OFF ELM STREET IN BRIDGEWATER.jpg,.jpg,image,77888,0.07,1420463220.0,0,UNLIKELY,False,,c5db2deff730de3fc80b59da0fc2d9d83421e652fa3d5d711d8e961e662fd993,1
2\OFFICE OF STRATEGIC SERVICES.doc,OFFICE OF STRATEGIC SERVICES.doc,.doc,document,22016,0.02,1261233858.0,0,UNLIKELY,False,,4222f31a9e1e538676873f5701efbedb14e3634cc05a7b3b7800c7e3f7db9fb9,2
"2\OH, YES.jpg","OH, YES.jpg",.jpg,image,339476,0.32,1420465382.0,0,UNLIKELY,False,,dbf15f1bf80bedb1d13fbbf535ba8c89f1e8f0e65c183f945574dc36d7b6be97,2
"2\Okay, so you've had the book.doc","Okay, so you've had the book.doc",.doc,document,52224,0.05,1417739122.0,2,UNLIKELY,False,,21782972ca019288f8b73c7f33ff471fc2ffdaaaf9de1d2bb9ecd4e7244e9dd4,1
2\OLD GAS STATION 2.jpg,OLD GAS STATION 2.jpg,.jpg,image,142891,0.14,1403373132.0,0,UNLIKELY,False,,c5ab99d2eb1b70b5d13cc6af256571d11b3c6e90fe220c9f1ba697a3b508378c,1
2\Olmstead v. U.S..doc,Olmstead v. U.S..doc,.doc,document,57344,0.05,1402280988.0,0,UNLIKELY,False,,6d5ce108f1453568efba5ff1e212ec79255e1b0f0dbf63f423968024da3e6e00,1
2\One hundred years ago today German.doc,One hundred years ago today German.doc,.doc,document,53248,0.05,1419549676.0,0,UNLIKELY,False,,73914fdb3d25d4661e2aa56a75ab1ff22e6aeb4c9d744f3f9815ad0cfad37f65,1
2\Only 18 states have average IQs above the median 100.doc,Only 18 states have average IQs above the median 100.doc,.doc,document,54784,0.05,1426292808.0,0,UNLIKELY,False,,b0695ddfd87523273aa232e9f5bc0386fcabc7e9bcfb91fc0cd306778051ac15,1
2\Only just returned from an outing among Burlington.doc,Only just returned from an outing among Burlington.doc,.doc,document,54272,0.05,1423954232.0,0,UNLIKELY,False,,c5936b5eeb0a88e830d02286c2fa5e9b060dd2c7ded63659579cfaf45e0bf78d,1
2\Our American Congress is a far right.doc,Our American Congress is a far right.doc,.doc,document,54784,0.05,1424988814.0,0,UNLIKELY,False,,0c76c42b6b2b127b1ee29bef173877795f7a461c66174c448c8acb0838e40a44,1
2\Our president happens to be black.doc,Our president happens to be black.doc,.doc,document,53760,0.05,1426596122.0,0,UNLIKELY,False,,4464b1ea0b23b10247e16c9cb1e9d8e74376fc0ae7a5abef7c5a907aaa16845d,1
2\Outside the Starlight Room Waldorf Adtoria.jpg,Outside the Starlight Room Waldorf Adtoria.jpg,.jpg,image,239336,0.23,1423760458.0,0,UNLIKELY,False,,8abbb9d858f712c42708398dad5d262ee51f032a77f8a38d78a0e202824c23d2,1
2\Paris foot.jpg,Paris foot.jpg,.jpg,image,84764,0.08,1409262798.0,0,UNLIKELY,False,,f9043ec7bbe908efda2785c421719b77132891e29c247252b81a65a520b747a3,1
2\Paris Ritz.jpg,Paris Ritz.jpg,.jpg,image,428533,0.41,1409262436.0,0,UNLIKELY,False,,644838d946600f6af0377113565e8508f5adbd29d65894440aec6a48fb08982f,1
2\PARIS.doc,PARIS.doc,.doc,document,1485824,1.42,1421511484.0,0,UNLIKELY,False,,8316b55086769515a6532ebbea68109e8d6bfb907a47a23cbb2ecde95ca31415,1
2\Parker House rolls.doc,Parker House rolls.doc,.doc,document,19968,0.02,1425330038.0,0,UNLIKELY,False,,f0744e74f2e485100b2a14d897ff1773b69435c0f61999d6a1b320de4fa4f003,1
2\PATRICK DEMARCHELIER'S PUFFY.jpg,PATRICK DEMARCHELIER'S PUFFY.jpg,.jpg,image,553575,0.53,1415874540.0,0,UNLIKELY,False,,9d6f2fab1b22d273445392990dcb0054c907644e255f96b392aaa66f9a49c384,1
2\Perils & Perditions - Copy.doc,Perils & Perditions - Copy.doc,.doc,document,138752,0.13,1404312742.0,0,UNLIKELY,False,,243bcdd8e79682cd8e557674a5cb4e856cc7f0002a23067f8e88466a8953a39f,2
2\Perils & Perditions.doc,Perils & Perditions.doc,.doc,document,138752,0.13,1404312742.0,0,UNLIKELY,False,,243bcdd8e79682cd8e557674a5cb4e856cc7f0002a23067f8e88466a8953a39f,2
2\PETALS.jpg,PETALS.jpg,.jpg,image,66055,0.06,1409262480.0,0,UNLIKELY,False,,2dca10543d8d1043381de06141fa401624f00cfeddf3ccd4bf324913f340afaf,1
2\PETER LETTER 9-1-2014.doc,PETER LETTER 9-1-2014.doc,.doc,document,50176,0.05,1409624486.0,0,UNLIKELY,False,,d3014a1d6385ea67ead40ed444a2b845d1c44b8114f747d3f9307be213adb0c1,1
2\Petit Maison Hermeau 13.jpg,Petit Maison Hermeau 13.jpg,.jpg,image,171494,0.16,1401306160.0,0,UNLIKELY,False,,b783dfac287691bff921d5588436509680f0bb7ac44ba705a2ca383f34cfec63,1
2\Petit Trianon 1.jpg,Petit Trianon 1.jpg,.jpg,image,130316,0.12,1401304210.0,0,UNLIKELY,False,,858a32ba25b0277e8050462f59902dbbc36b53a3eb4703b40eef835a9d3ff3e8,1
2\Petit Trianon 2.jpg,Petit Trianon 2.jpg,.jpg,image,70581,0.07,1401304472.0,0,UNLIKELY,False,,2a5e9d16f88f8d885f2f21b561e2bff0466f1dcb954eb4ebdf276643e0923587,1
2\Petit Trianon 3.jpg,Petit Trianon 3.jpg,.jpg,image,120710,0.12,1401304576.0,0,UNLIKELY,False,,d069f47c0e7f78f369444c6314709e03128d4c37f48e908a3719233d96026a21,1
2\Petit Trianon 5.jpg,Petit Trianon 5.jpg,.jpg,image,191226,0.18,1401304798.0,0,UNLIKELY,False,,9adff9768fa78a3b02e6f7572c992bf852d641da9793363fc8881ca993b4e9e2,1
2\Petit Trianon Hameau 4.JPG,Petit Trianon Hameau 4.JPG,.jpg,image,1080567,1.03,1401304720.0,0,UNLIKELY,False,,6d3ea248b3b8b460b1f097fc7ea0afcfa000c636f43e10bf4cb22a8d6f159e8d,1
2\Petit Trianon Hameau 6.jpg,Petit Trianon Hameau 6.jpg,.jpg,image,783660,0.75,1401305158.0,0,UNLIKELY,False,,14a19cc50c6e3fa6f7c87dcd9ff02d12b9815b23c01bd65086da30c099a3cf47,1
2\Petit Trianon Hameau 8.jpg,Petit Trianon Hameau 8.jpg,.jpg,image,437677,0.42,1401305298.0,0,UNLIKELY,False,,da889c48a23a1e8ab77a25bc74f982a8c40aea3385d0e42f33a0f59c4c06d093,1
2\Petit Trianon Hameau 9.jpg,Petit Trianon Hameau 9.jpg,.jpg,image,2824783,2.69,1401305522.0,0,UNLIKELY,False,,8878e0fa16a436935860ccca005202b420180313dd0ee8fc792cbfa60a75988e,1
2\Petit Trianon Hermeau 10.jpg,Petit Trianon Hermeau 10.jpg,.jpg,image,921450,0.88,1401305694.0,0,UNLIKELY,False,,62608adc1e638487190797a68ab5c79f8c2ca86c8d65f0024dba7472c89c269c,1
2\Petit Trianon Hermeau 11.jpg,Petit Trianon Hermeau 11.jpg,.jpg,image,187032,0.18,1401305936.0,0,UNLIKELY,False,,2b1006ae9be7d97a2c1e051f1e3a05aa9f91a7fd0b7027577419128447e7775b,1
2\Petit Trianon Hermeau 12.jpg,Petit Trianon Hermeau 12.jpg,.jpg,image,183238,0.17,1401306042.0,0,UNLIKELY,False,,b2fac3514989ca853126a1a6e7503d071aba9debeba673c4929836ebbcf72541,1
2\Petit Trianon Hermeau 7.jpg,Petit Trianon Hermeau 7.jpg,.jpg,image,4652019,4.44,1401305024.0,0,UNLIKELY,False,,17f148f0b7f7c8bed887e9e1c87664be58d69bd0ebe6dc4f905f9fa4f33ab41f,1
2\Phillips & Spitfires.jpg,Phillips & Spitfires.jpg,.jpg,image,327188,0.31,1405612304.0,0,UNLIKELY,False,,04def0403c6ed21ae50a87ec0f4bd100726340540d7c3c9a93560f300e5e1318,1
2\photo.JPG,photo.JPG,.jpg,image,27889,0.03,1392588608.0,0,UNLIKELY,False,,fd0118b6e410b330fd19a411e91b51268682e535049b4e97f319a125533d168b,1
2\Pine plantation 034.JPG,Pine plantation 034.JPG,.jpg,image,412875,0.39,1402603902.0,0,UNLIKELY,False,,d11174795790048a0d9d6f5d7e3a4bb2c01729ca2442566cb8779a50e125859a,1
2\pine plantation purple sun.jpg,pine plantation purple sun.jpg,.jpg,image,1059731,1.01,1417956532.0,0,UNLIKELY,False,,c3524653049dda97aa754b8f780d0f3bf1a7b57e195cc039b06dad713b38bd98,1
2\pine plantation.jpg,pine plantation.jpg,.jpg,image,238737,0.23,1402603526.0,0,UNLIKELY,False,,5f003c0bb00cf50993fcea45f91760eb95b0e314328c353d3be9466cdc442462,1
2\pines deep.jpg,pines deep.jpg,.jpg,image,171783,0.16,1402603640.0,0,UNLIKELY,False,,21902b27f586b7e89889cc091e04a74a834cea8e8e70b3571e6928d411299b1a,1
2\pink rose & leaves.jpg,pink rose & leaves.jpg,.jpg,image,51324,0.05,1406716988.0,0,UNLIKELY,False,,817a467aff4efb889ec11ef7958d4a54ddb48810b8eb72e9f9915567e44b479d,1
2\PINK ROSE 2.png,PINK ROSE 2.png,.png,image,494965,0.47,1404940936.0,0,UNLIKELY,False,,5d64f60dc19ad4735254d2d494b0d24df417c89256468bc2b71215e87f39aad2,1
2\PINK ROSE.png,PINK ROSE.png,.png,image,165481,0.16,1404440226.0,0,UNLIKELY,False,,aad5b5963a59b02ad22da78b18f9103aa3d0a2c39a0f54a2ea0b184289f0ce2f,1
2\PINKS.jpg,PINKS.jpg,.jpg,image,71044,0.07,1409263826.0,0,UNLIKELY,False,,bbb6f27a2f9f30e9e38f5582ca80d00650d4ce41537e0ecc1c17fd42325fc984,1
2\Polar.gif,Polar.gif,.gif,image,332299,0.32,1261608060.0,0,UNLIKELY,False,,a76b57e208f00ce939e98e55a81ab61cbb2741ab707e3408402d006044bbf76b,1
2\POND BOX.tif,POND BOX.tif,.tif,image,1742118,1.66,1407413834.0,0,UNLIKELY,False,,b08bee5cbbe2e3fa3dad1226753da75bc00e840b0b75b4863306a0052fc8ccb0,1
2\POND.jpg,POND.jpg,.jpg,image,85616,0.08,1402852576.0,0,UNLIKELY,False,,01aea3319527270edb19d4de5413ed1da63b26ff89e3b716be7ddf68723b1eb0,1
2\Port Isaac 1.jpg,Port Isaac 1.jpg,.jpg,image,171526,0.16,1348914142.0,0,UNLIKELY,False,,b46beded18e4843a571602528414b9040e92678e9f66c6742987379b6c1f22db,1
2\Portuguese Roasted Potatoes.doc,Portuguese Roasted Potatoes.doc,.doc,document,48640,0.05,1405801652.0,0,UNLIKELY,False,,6c249ba42c8283e80804bf7e447932697be29b72ada130e4a27ec516835419d9,1
2\POWER LINES.jpg,POWER LINES.jpg,.jpg,image,104587,0.1,1420462840.0,0,UNLIKELY,False,,147494ae8098334b7fe0852cb435bbb24067e76a0997444e0c657659f19d0e10,1
2\previewCA7XTM2T.jpg,previewCA7XTM2T.jpg,.jpg,image,185468,0.18,1295989470.0,0,UNLIKELY,False,,859356f60a9f1301addb5e1924ba21e47f62fd5ac514c91a34e17b89bf7bcb33,1
2\Prometheus Society.doc,Prometheus Society.doc,.doc,document,55296,0.05,1406744756.0,0,UNLIKELY,False,,8af9be3f35d45b73fcecb468dc5c3316862ee0e5145a70a20465cb66de7ffda4,1
2\Propositional calculus.doc,Propositional calculus.doc,.doc,document,656896,0.63,1419371018.0,0,UNLIKELY,False,,3a97e82a0c4b4f4829a144ca23b28eb7461796f3a40bd862f3ca2facb53153d0,1
2\QUEBEC CITY.jpg,QUEBEC CITY.jpg,.jpg,image,1012205,0.97,1415373802.0,0,UNLIKELY,False,,9cbb831d9854abf7b8a7ad4bc4fb16545758dcc0c416c6cf4c52b7064a2d0ba9,1
2\Rail travel poster Germany 1936.jpg,Rail travel poster Germany 1936.jpg,.jpg,image,184433,0.18,1402613134.0,0,UNLIKELY,False,,374c6ddaa12e9e80687dc83b87ddbc63e92fbeb9fa4f8f6627e3141925d4df60,1
2\RAMS.doc,RAMS.doc,.doc,document,112640,0.11,1407576976.0,0,UNLIKELY,False,,7349c8555278f71725033f3652c30af62e5c0bc958542191610867f455fa36a0,1
2\RBG_Cannons-catalog[1].pdf,RBG_Cannons-catalog[1].pdf,.pdf,document,8212101,7.83,1299126166.0,6,LOW,True,"Ye Olde Cannon MakerYe Olde Cannon Maker Handcrafted Saluting Cannons & Accessories RBG CannonsRBG Cannons Y e Olde Cannon Maker 1 -800-327 -2 1 93 • www .rbgcannons.com Ye Olde Cannon Maker… In the tradition of naval design, third generation L. Francis Herreshoff built thirteen yachting cannons. Ten of these accompanied the boats he designed and built, and three were privately commissioned to be built for: Harry E. Noyes, TIOGAS original owner J. Bedford, Naval Architect Bruce Blackman, J",029ae1295021f396fb08fffb3b4e0031d852cedb8c9929236a3d17cffc4ac1bb,1
2\red tracks.jpg,red tracks.jpg,.jpg,image,67660,0.06,1415389630.0,0,UNLIKELY,False,,4ce6f43f0d6cd528016528b03da63b01ec49a4f5157eb3e6065c625f3d8c8fb8,1
2\RED WAFER.jpg,RED WAFER.jpg,.jpg,image,6089,0.01,1415377928.0,0,UNLIKELY,False,,0175a6a3405a270f4f12870cb934b4d449f0a8b6d99b1a9a931483063a5e0570,1
2\Red-Moon-07.jpg,Red-Moon-07.jpg,.jpg,image,1330192,1.27,1415378020.0,0,UNLIKELY,False,,535308d42800a13254ffd8abe7f93785daa0906826ee73c292605221a217d872,1
2\red_old_gas_pump104241014.jpg,red_old_gas_pump104241014.jpg,.jpg,image,689381,0.66,1409508366.0,0,UNLIKELY,False,,1d6a879c705b8a1ef2eb05b42a89a9979620ace8d6a1d1ee267f67f2af4a5e05,1
2\Reichenbach Turner.jpg,Reichenbach Turner.jpg,.jpg,image,130661,0.12,1410130698.0,0,UNLIKELY,False,,3371eb2824b40dce988d49eb125eddec53331e878ef6eb8ceb86e524ce4f3233,1
2\Remember the Watertown.doc,Remember the Watertown.doc,.doc,document,50176,0.05,1409090030.0,0,UNLIKELY,False,,77a170152d8edb7332c23a978180da185a0f7cd8ea933e2370241af29815a273,1
2\renoir-the-skiff.jpg,renoir-the-skiff.jpg,.jpg,image,263835,0.25,1388594900.0,0,UNLIKELY,False,,d49fe8125594dd42b7db414e708f5f39e9d6fdeb425c3d762e44d6a436b7c18e,1
2\Republicans exhibit the abrasiveness.doc,Republicans exhibit the abrasiveness.doc,.doc,document,336896,0.32,1402182898.0,0,UNLIKELY,False,,89f2400a04e3c5c7e7c9baf2d459e721a7d1f0892e8d4cb1c5576aeb86dcee4a,1
2\Republicans exhibit the abrasiveness.pdf,Republicans exhibit the abrasiveness.pdf,.pdf,document,261035,0.25,1402183220.0,0,UNLIKELY,True," Blossom . . . I tracked two pieces in HUFFPO, neither one mine, to see how long they’d last. One bit ran overnight and vanished the next afternoon after nearly 24 hours, the other ran for two days. The newspaper is so ephemeral as to be sylph-like, though when I know something is about to be in, or should be in, I’ll send you a note. But, then, all newspapers are that transient, I suppose. See the column on Monday? Gone by Tuesday. We were asked to do a single-graph political piec",2c0289ba97681b2f1574a69aefb2e75ac87f50e0f88d742ea05b120d64173e16,1
2\Restrictions on personal liberty.doc,Restrictions on personal liberty.doc,.doc,document,51200,0.05,1417873566.0,0,UNLIKELY,False,,547b2c0ac17af9172386953f0c8230a025bca9573e2b78c6c4b45653ef9fa62c,1
2\revolt!.doc,revolt!.doc,.doc,document,69120,0.07,1429988310.0,0,UNLIKELY,False,,3e88c28df71b36ec9387613479bb1e4ecbbf8ac7712d610552faf5476aaec764,1
2\Roseland.doc,Roseland.doc,.doc,document,718848,0.69,1406740352.0,0,UNLIKELY,False,,7ddfc5a724e919f770777c9f1d126e631bab49332945eee3de768fdbf603b36f,1
2\Russians have been a blight on humankind for eight thousand years or so.doc,Russians have been a blight on humankind for eight thousand years or so.doc,.doc,document,49152,0.05,1407531984.0,0,UNLIKELY,False,,59c2b39e70a0ece1ff3bc7bc9ac9619b5ed75d3b55b232ff2187a0b8f1bf4017,1
2\Salicylic and Glycolic Acid Acne Treatment Pad.doc,Salicylic and Glycolic Acid Acne Treatment Pad.doc,.doc,document,48640,0.05,1409151900.0,0,UNLIKELY,False,,dc22e31a8ea02254fe27c806cad1f978429de0c70ec3c0dc7f34565a745b7fc9,1
2\SALOON 1.jpg,SALOON 1.jpg,.jpg,image,644172,0.61,1425468514.0,0,UNLIKELY,False,,975b563f82db02b1b5667333f9bee88342d228f6b7f61be71d5bf3f4df335a9c,1
2\SAND FLEAS.doc,SAND FLEAS.doc,.doc,document,52224,0.05,1421712464.0,0,UNLIKELY,False,,b189948875f91af6ca75ec8516f78f653de73bfc3d1c2c39bb0b580673f8f5ae,1
2\sarah burton into the goring hotel early this morning.jpg,sarah burton into the goring hotel early this morning.jpg,.jpg,image,56872,0.05,1304062910.0,0,UNLIKELY,False,,97688fa826d755f6e1b009f7a0041456781828d087cedc349ce2191918c88c24,1
"2\Say, I've got an idea..doc","Say, I've got an idea..doc",.doc,document,52224,0.05,1418167360.0,0,UNLIKELY,False,,367c0c451ac6549f116807243d1e7cfa975dab727423c42394b8148941c10499,1
2\SCREAM CHAPUT 1-52.doc,SCREAM CHAPUT 1-52.doc,.doc,document,184320,0.18,1290029358.0,0,UNLIKELY,False,,7a21ce7d6fc27eb08f949b4aff8f5e012743070b69b5b0dae1eac3215c2e13a3,2
2\SCREAM COVER.doc,SCREAM COVER.doc,.doc,document,34816,0.03,1289497674.0,0,UNLIKELY,False,,2460183052a45c06d76f9f1a14266d019e3fec421e2c8f5f7d37d3dad5784289,2
2\SCREAM QUERY.doc,SCREAM QUERY.doc,.doc,document,34816,0.03,1291773414.0,0,UNLIKELY,False,,36ca190ec5abbe6e85b09cad5d786fcb398ef91bae69dece066e3743a39a3552,1
2\SCREAM QUERY.pdf,SCREAM QUERY.pdf,.pdf,document,54216,0.05,1288506906.0,23,HIGH,True,"I NEED A NEW AGENT QUERY SCREAM (Working Title) 120,000 wds Mystery/Thriller/Literary A novel the Vermont Chamber of Commerce will dislike. Northern Vermont, early ’8:s, not cutesy rural but rusty rural, a camouflaged killer silently savors his work, federal agents and bog trotters blunder along the border, poverty, loneliness, Montreal, effortless mayhem, fast boats, side arms, snow, and love among the ruins. A novel I believed I would never write—serial killer. Until",01172eda5226a4ef32212510af61ccf00aa05b48610c232157508c1b2418c46b,2
2\SCREAM REQUESTED MS..doc,SCREAM REQUESTED MS..doc,.doc,document,1325056,1.26,1290537958.0,0,UNLIKELY,False,,58fd99e2b90ac89417815aca67f248f94afbf0288f6197e701a30db0cf42b834,3
2\SCREAM REQUESTED MS..pdf,SCREAM REQUESTED MS..pdf,.pdf,document,1793775,1.71,1291765174.0,11,POSSIBLE,True,"1 CHAPUT SCREAM W J CHAPUT 107 Belmont Drive Alpharetta, GA 30022-5974 USA & 485 Barry Road Fairfield, VT 05455-5583 678-429-5881 galaxydiner@hotmail.com 2 CHAPUT WEDNESDAY ― SHORT FALLS, NEW HAMPSHIRE ― 4:13 P.M. Elaine Gilson scribbled her family‘s supper menu, then paused. She allowed her mind to wander briefly. She had shut off the coffee maker. The stove was off but warm—a tuna- pea-wiggle casserole hot in the oven—a mold",8698decdc467f20ed7ed70da5a0cb703b9da0e93925364ee68b0974bf24b2a73,1
2\SCREAM SYNOPSIS EXTRA.doc,SCREAM SYNOPSIS EXTRA.doc,.doc,document,44544,0.04,1291840240.0,3,LOW,False,,6981e0d6d3eb81e54e0c8c5a61d5234b21d42ef31a0e04b34a4681ca6544f8dc,1
2\SCREAM word file.doc,SCREAM word file.doc,.doc,document,1325056,1.26,1299191698.0,0,UNLIKELY,False,,58fd99e2b90ac89417815aca67f248f94afbf0288f6197e701a30db0cf42b834,3
2\Scusset cottage.jpg,Scusset cottage.jpg,.jpg,image,737550,0.7,1418395108.0,0,UNLIKELY,False,,2adccbee6ee079aec2259fa9610296283bc6dbab778e0a560b162281f978d893,1
2\Scusset.jpg,Scusset.jpg,.jpg,image,375012,0.36,1418402360.0,0,UNLIKELY,False,,80515b9de4978cae43c88f662d39696f2696f93e70df8f33cf6b1b455512d8fa,1
2\SeaAndTheJungle[1].pdf,SeaAndTheJungle[1].pdf,.pdf,document,1438649,1.37,1299125554.0,43,HIGH,True,"The Sea and the Jungle H. M. Tomlinson, 1912 A RIA PRESS EDITION, JUNE 2005 NAUTICAL PUBLISHERS OF INTEREST paracay.com | THE PARDEYS AND MANY OTHER TITLES goodoldboat.com | THE GREAT MAGAZINE AND THE GOOD OLD BOOKSHELF woodenboat.com | THE BEST SELECTION OF BOATBUILDING TITLES tillerbooks.com | THE PRACTICAL JUNK RIG AND OTHER TITLES FROM JAY BENFORD sheridanhouse.com | AEBI, MOITESSIER AND OTHER NEW BOOKS skipper.co.uk | PROFESSIONAL TEXTS SUCH AS THOMAS’ STOWAGE AND COLREGS NAUTICAL WEB SITES",b9a2f78b1572437decf0c71d64d56024e4690beacf2193c7a61e70fd9bc7fb87,1
2\SERAPHIM SERAFIN.png,SERAPHIM SERAFIN.png,.png,image,1912062,1.82,1405799026.0,0,UNLIKELY,False,,a5209d6665ea7c7d0b558adb1c8d78e2c3b841a82c7acd005a70dfed4df5ad30,1
"2\Shame, America.doc","Shame, America.doc",.doc,document,47104,0.04,1423493504.0,0,UNLIKELY,False,,d98aff18b93e7e8b862f797e260787e6c22264a7279dbb106e8f2394eaae2c02,1
"2\Shame, shame, America.doc","Shame, shame, America.doc",.doc,document,53760,0.05,1424128048.0,0,UNLIKELY,False,,dc7e5db6cdee47cc9e93d655b7e2c5f35fb2451b35799bcd437a0397da8b6585,1
2\SHAME.doc,SHAME.doc,.doc,document,51200,0.05,1418172028.0,0,UNLIKELY,False,,ae73de47db6173c95784a67506832298b3351da09f1980f8f180d9775f66c776,1
2\Shasta Daisies.jpg,Shasta Daisies.jpg,.jpg,image,2538560,2.42,1417651842.0,0,UNLIKELY,False,,0fa225713dfefafba2d20bc7d48defcb5ef5b36be89f9ea6f4b8696ff17241ae,1
2\SHAWMUT BANK'S Chief Obbatinewat (ALGONQUIN).jpg,SHAWMUT BANK'S Chief Obbatinewat (ALGONQUIN).jpg,.jpg,image,3059,0.0,1406391624.0,0,UNLIKELY,False,,37d36ac847b0cae39f448c0d0a585c55d27c56a2d418035e3f9036f6b6589332,1
2\SHIELDS.jpg,SHIELDS.jpg,.jpg,image,209249,0.2,1401763386.0,0,UNLIKELY,False,,4d5d387017599864c83fb8497cc8e33dbd20b5305dd93fd92a20444155cf942f,1
2\shipping crate.jpg,shipping crate.jpg,.jpg,image,165750,0.16,1408225508.0,0,UNLIKELY,False,,133167247361868d40bc0a343aaea5b45ee8d31011ccca7139a5aaf899649bd7,1
2\Shishkin in Kiev.jpg,Shishkin in Kiev.jpg,.jpg,image,341770,0.33,1418153230.0,0,UNLIKELY,False,,4b4e63b5efcd878b1daddc1cad80e68a13e4be9590ee7d82c7193714aec3dc54,1
2\Short Silk.doc,Short Silk.doc,.doc,document,34304,0.03,1271788440.0,0,UNLIKELY,False,,818fdefaef1c275e0fcf6e850f219397bae9767ec967f2ad3781b4e9c791e6c2,1
2\SILK 1-40.pdf,SILK 1-40.pdf,.pdf,document,228445,0.22,1262032154.0,22,HIGH,True,"A1 CHAPUT Remember this. Ahead, gray cliffs rise nearly to her level. She feels mist in her eyes, blinks, then drops in tight gyres through a twilit murk of wet clinging cloud. She ends another fine day for tit-bits with an indulgent flourish of acrobatics. She loses air quickly, the ravine before her a black cleft in the rock, an axe-blade cut six hundred feet deep. Pine and alder grow low to conceal the ravine’s lowest access. She blinks once more before she folds her wings to ",a944e954f01e827076780fd051684637ddc09c91425913d710a24a9cb820bbf8,1
2\SILK 121-160.pdf,SILK 121-160.pdf,.pdf,document,219824,0.21,1262048856.0,12,POSSIBLE,True,"121 CHAPUT “I'm alone,” she said. Silk backed away into the road, peered along the stone wall and its bordering azalea barriers that shielded her. “They'll find you.” Go now, he thought. “Doesn't mean you shouldn't run—running away is what you do be st.” Silk tripped into a River Road pothole. “I need you.” He couldn't see her, but he could feel her. “They're sending me to Poland— without you, I won't survive.” You'll survive, Silk thought— you'll always survive. HE'D",57445e0bb10de1b207865a7deef26dc46c4139923dbc27200d7948f0b2670f12,1
2\SILK 161-200.pdf,SILK 161-200.pdf,.pdf,document,204123,0.19,1262051088.0,14,POSSIBLE,True,"161 CHAPUT transmit en clear— you are at least an imposter, at most a traitor. You told them the truth during those 'sweat shops' at the CCC, didn't you? I read the session notes on you in Washington. Clever bastard—but Dennison has lung cancer —he's in a federal prison in Pennsylvania. Dennison's so scared, he had his warden contact Dannemora. Dennison had to use his correct name to see his medical records. And the Pennsylvania warden thinks he's got you behind bars— you don't le",180401c546a9131141b04a6e05b93a10fd87fbc82670431d0c6f74436840f6b5,1
2\SILK 41-80.pdf,SILK 41-80.pdf,.pdf,document,214692,0.2,1261872568.0,10,POSSIBLE,True,"41 CHAPUT Sagansky said in Polish, “I got three more trucks comin' over from Brooklyn.” “You warehouse gasoline in Brooklyn?” “Work for me, Silk— you'll wear snappy clothes.” Sagansky picked at Silk's leather jacket. “You look like a bum.” “I am a bum,” Silk said in Polish. “If you're a bum, I'm Mayor LaGuardia.” Sagansky's first loaded truck ground across the Bayonne terminal yards, its taillight blinking on as it swayed over rail crossings and left through the main gate. ",83d80e7ae1e02fe7a59ae69cca1b94e2f261848ee06349089551f0f658395c6c,1
2\SILK 81-120.pdf,SILK 81-120.pdf,.pdf,document,215829,0.21,1262036644.0,10,POSSIBLE,True," 81 CHAPUT shorts from stolen Cinebref newsreels that gave the German view on the Polish invasion and Dunkirk. Horribly mutilated corpses and piled heads in grainy bits of film from China and the Japanese occupation. Siamese women suspended from their feet, legs apart, Japanese sergeants cleaving the women nearly in half with single sword slices. When the lights switched on, a lean man in corduroy and ascot introduced himself as Toledo: “Know you’re eager to hammer these devils, bu",c464fa10930880a08808cf88becd0f6674bfdcb3de02382bee23fc32db009836,1
2\SILK QUERY.doc,SILK QUERY.doc,.doc,document,34304,0.03,1271788944.0,0,UNLIKELY,False,,d6d3b836e12997a06cd3f0f05633912c1bfecbb3db28d310446e7085fb1e6e51,1
2\SILK SYNOPSIS.doc,SILK SYNOPSIS.doc,.doc,document,32256,0.03,1262893068.0,3,LOW,False,,b8c59dc3309fca4a8343d33880c835a8332e6764f807ace025475a48c5d40051,1
2\SILK SYNOPSIS.pdf,SILK SYNOPSIS.pdf,.pdf,document,24549,0.02,1262893086.0,39,HIGH,True," W. J. Chaput Synopsis for the 100,000 word novel Smooth As Silk Smooth As Silk is a 220-volt political shocker wrapped around a once-in-a-lifetime love story that tells the tale of an American Office of Strategic Services (OSS) agent and her reluctant guide who are inserted into Europe in 1942 to identify six mysterious map coordinates radioed to the Allies from within the depths of Nazi-ravaged Poland. A triple agent the Germans don’t entirely trust but cannot do without, Pepper Ry",42ad298cb2d4f41d639953e908db20a1a42f7b3d35feb4843b9f57089b0a1276,1
2\single tree corn.jpg,single tree corn.jpg,.jpg,image,694572,0.66,1417956458.0,0,UNLIKELY,False,,6ae44f444ba3cd69c9966a3d79f0c7cc4edfaa15b35444a3eaa1a4b7ce770627,1
2\Sip & Strokes.jpg,Sip & Strokes.jpg,.jpg,image,532993,0.51,1300428366.0,0,UNLIKELY,False,,80100301db0e6452feda079dc6a7d610eb078717db7bda7c99f1311a7c20a813,1
2\slide-muscle.jpg,slide-muscle.jpg,.jpg,image,99059,0.09,1298880914.0,0,UNLIKELY,False,,9b4423041140860ca6ca9c63243c60f909ca602575ec79a9f6c6d04d7f285552,1
2\Smooth As Silk (complete).pdf,Smooth As Silk (complete).pdf,.pdf,document,1191886,1.14,1263345248.0,22,HIGH,True," SMOOTH AS SILK by W. J. Chaput 107 Belmont Drive Alpharetta, GA 30022-5974 “But Faith, fanatic Faith, once wedded fast To some dear falsehood, hugs it to the last.” The Veiled Prophet of Khorassan Thomas Moore A1 CHAPUT Remember this. Ahead, gray cliffs rise nearly to her leve",0e8434ea1273c91cbc663c183c27e7970b6f8e409cd2498b24be0aad58134e77,1
2\Smooth As Silk (complete).txt,Smooth As Silk (complete).txt,.txt,document,24084,0.02,1299196140.0,9,POSSIBLE,True," SMOOTH AS SILK by W. J. Chaput 107 Belmont Drive Alpharetta, GA 30022-5974 But Faith, fanatic Faith, once wedded fast To some dear falsehood, hugs it to the last. The Veiled Prophet of Khorassan Thomas Moore Remember this. Ahead, gray cliffs rise nearly to her level. She fe",d014700bc9d101920a1fd66d56d34d9285fbca9ca903a8a6f3d8c2b185aaa66b,1
2\SnowingA.jpg,SnowingA.jpg,.jpg,image,333289,0.32,1292358192.0,0,UNLIKELY,False,,80b8fc6fcfcd2e7ec7ae641016b7602e6dd90904aa0502ed22f2209002bf2a98,1
2\Snowy%20Woods.png,Snowy%20Woods.png,.png,image,6229176,5.94,1292488836.0,0,UNLIKELY,False,,558e5a52355ecfb0c88b1da9b83a6413eb2dc021c3eb847e99ecfe8b9df92f04,1
2\snowy-woods.jpg,snowy-woods.jpg,.jpg,image,1765379,1.68,1292356494.0,0,UNLIKELY,False,,476b0e81363c1d51590ab818938212fdcb0596402c895544ebd3f0c550f22047,1
2\SnowyWoods.jpg,SnowyWoods.jpg,.jpg,image,131219,0.13,1292355910.0,0,UNLIKELY,False,,814a2dcb334b8342e7d9cad362a9b335c6da1ae99ae61955b517b58b1d5f124f,1
2\snowy_pipeline_garden_DSCN0015s.jpg,snowy_pipeline_garden_DSCN0015s.jpg,.jpg,image,188259,0.18,1292355458.0,0,UNLIKELY,False,,a9b2c773087924308dc7df12cda1c3cf3b6beff92e6c3e7676d87141fe597c46,1
"2\So, Little Tommy Q-Tip.doc","So, Little Tommy Q-Tip.doc",.doc,document,54272,0.05,1426699336.0,0,UNLIKELY,False,,4c922df5ce5d154baef52b0282b0377dc039478a8137743f456d3621d0a3e17d,1
2\SOFIA KARLBERG.png,SOFIA KARLBERG.png,.png,image,785368,0.75,1401114616.0,0,UNLIKELY,False,,487406a4eb745aa120f4b9e2ecaad78c346f03d7d94b8b2092adce333b330e4f,1
2\SOLO.doc,SOLO.doc,.doc,document,334336,0.32,1402164090.0,0,UNLIKELY,False,,809986db4b5ae90d12d0eb2ca8165455687ab70e53602f7336336a54d1c51a3e,1
2\Son of a bitch!.JPG,Son of a bitch!.JPG,.jpg,image,188593,0.18,1412969648.0,0,UNLIKELY,False,,5b84dd1156a15be576cf766e21dddcae431a4014b9009ee4460e4b1b66511815,1
2\Sorely.doc,Sorely.doc,.doc,document,20480,0.02,1425209216.0,0,UNLIKELY,False,,80e4594235e5fee3a186d7133f37496eeedaf36edebc1f9d1f55d9b05920e956,1
2\SOYLENT.doc,SOYLENT.doc,.doc,document,50688,0.05,1399675306.0,0,UNLIKELY,False,,2c220d530f9be788fe6ed32b77498c114898bf702dfb891df785e267b80610a3,1
2\SPACE BALLS.doc,SPACE BALLS.doc,.doc,document,121344,0.12,1424004332.0,0,UNLIKELY,False,,d291e4d550663b1e3d01328b34c4689dd0339c85ee026fd7d6c3a0504402e751,1
2\Stanley Kunitz1958.doc,Stanley Kunitz1958.doc,.doc,document,54784,0.05,1424795446.0,0,UNLIKELY,False,,721a75d1feb066c13ef9e5f0fa33e7902b20fba3edbdfef0b58d73cea2acb0d6,1
2\Starlight lights.jpg,Starlight lights.jpg,.jpg,image,966667,0.92,1423760114.0,0,UNLIKELY,False,,10b89ef4021a6794b02e825381ab1f23a31205628382fc34379a88de89acb90b,1
2\STARLIGHT QUERY WITH 50 PAGES.doc,STARLIGHT QUERY WITH 50 PAGES.doc,.doc,document,107520,0.1,1424103828.0,0,UNLIKELY,False,,20350fc5f796c12c04ee40f4b951c3597e78a45b1fab67530fdcba67210f3e3c,1
2\STARS WALLPAPER.jpg,STARS WALLPAPER.jpg,.jpg,image,604413,0.58,1424818952.0,0,UNLIKELY,False,,3f901f54b55b06b1522bcc68c8480f28b49682ccdce77f12639a63d7fb5efcaa,1
2\States ranked by highest college completion rates.doc,States ranked by highest college completion rates.doc,.doc,document,38400,0.04,1415471288.0,0,UNLIKELY,False,,ae88c0a9a2ac3bcd9b7d63307c502efd021aac13b36e7f13ff11b720d61a2f42,1
2\Stephen So I would like to see Sarah.doc,Stephen So I would like to see Sarah.doc,.doc,document,53248,0.05,1426444006.0,0,UNLIKELY,False,,3a3e2f9da354c33d62a172f9be27783f727cfceeb17151bb6000d8fce3c7eff4,1
2\stop sign true.png,stop sign true.png,.png,image,10712,0.01,1405816544.0,0,UNLIKELY,False,,de69fead757668527f61c59d2338f667c8d78f7c5df08be8829f1b6cd8844921,1
2\Stop-Sign True.png,Stop-Sign True.png,.png,image,56176,0.05,1405816170.0,0,UNLIKELY,False,,7aee78c5455c239b566e637368ead1510c6d096d7e2ba4202198c7698d10e968,1
2\Stourhead.jpg,Stourhead.jpg,.jpg,image,152313,0.15,1393186012.0,0,UNLIKELY,False,,bb59188a158ca34aae352dbd943d25d95eccf22321bd96d51bca2cfd96e39e12,1
2\Strawberry Hill House Twickenham.jpg,Strawberry Hill House Twickenham.jpg,.jpg,image,194742,0.19,1401303176.0,0,UNLIKELY,False,,35a8b5cb98a3b815da6ce2548fed66d065e7cd1dbe173aa792458b29c4c7c3a3,1
2\Summer of '45 William S. Phillips.jpg,Summer of '45 William S. Phillips.jpg,.jpg,image,34494,0.03,1405552914.0,0,UNLIKELY,False,,cc2bb4d72d96ad91ced109d9c99e4466d6566e5a8fabcfc8f0b911396beafbf0,1
2\SUNBEAM.gif,SUNBEAM.gif,.gif,image,33088,0.03,1404436190.0,0,UNLIKELY,False,,e58f719874b087aba7ad4b45ff03ff83d0a4fc12089f4f9f191415473fec53d7,1
2\Survey given to American Christians.doc,Survey given to American Christians.doc,.doc,document,47104,0.04,1407412746.0,0,UNLIKELY,False,,8edcefaea3b6f5e0b5ad9a36fbe5b8d57e3b1fa06e73482208ab457efd59c2a9,1
2\SWALLOW v. AXA EQUITABLE.doc,SWALLOW v. AXA EQUITABLE.doc,.doc,document,70656,0.07,1401207764.0,0,UNLIKELY,False,,4748d41be4be89ae5a1c2d71813a1348d8d0e7703d584c2a05d9a9f4aa003e37,1
2\Swarovski at Paris.jpg,Swarovski at Paris.jpg,.jpg,image,509120,0.49,1409262024.0,0,UNLIKELY,False,,20e62a6b6eda0c31dcdd1ae647be96521ed1874bc044ea0799a4f576a3840ac5,1
2\Taft-Hotel.jpg,Taft-Hotel.jpg,.jpg,image,179653,0.17,1404334948.0,0,UNLIKELY,False,,0fee7d7ef363866369e3f3f075579d2bacc8ab733f63a3ea651cf0cf7987e929,1
2\TAMMY WYNETTE.jpg,TAMMY WYNETTE.jpg,.jpg,image,130366,0.12,1400769194.0,0,UNLIKELY,False,,6a29dbd91d321bcd018d53fe550dc73517e2de87ad34dab4417c3b753e530893,1
2\TanklessHeaterArticle[1].pdf,TanklessHeaterArticle[1].pdf,.pdf,document,1200158,1.14,1299191914.0,14,POSSIBLE,True,"I recently retired after 30 years as a res- idential contractor. My wife and I now live in a new home I built in Colorado. It’ s high in the mountains (ele- vation: 10,000 feet; heating degree days: 8,500) and has 2,000 square feet of con- ditioned space heated by a radiant-floor heating system. While most radiant systems get their hot water from either a tank-type water heater or a cast-iron boiler, my home’ s heat and domestic hot water (DHW) are both provided by a single Rinnai tankless — or",76f787d32a2ab22a55ce5351c78e518495235e184765c4a872900c2f60797c6c,1
2\Tarantula.jpg,Tarantula.jpg,.jpg,image,586483,0.56,1393185510.0,0,UNLIKELY,False,,9e9ff4e4a98962700fe2a05ad1fd787c259ad52418c0a0b798b76dd9912bbd72,1
2\TATTOO ROSE.jpg,TATTOO ROSE.jpg,.jpg,image,26856,0.03,1426012720.0,0,UNLIKELY,False,,2601c37862124287e54e25cfac43d5aebc5a834e135227d88c1360b1a91bfd0c,1
2\Teacher's Retirement 8.27.2014.doc,Teacher's Retirement 8.27.2014.doc,.doc,document,50688,0.05,1409127616.0,0,UNLIKELY,False,,7560422ea186e9f350f5989af27bd32e20b786fe4d3de92e2cef6ed8bfe12377,1
2\Tee-Wee is fit only for the amusement.doc,Tee-Wee is fit only for the amusement.doc,.doc,document,53248,0.05,1423263976.0,0,UNLIKELY,False,,6dda535064d67f9cf7af1a6f276c1f67c132cd384355c95ea3be0d853d07aa70,1
2\TEPUB AMERIKA.png,TEPUB AMERIKA.png,.png,image,15859,0.02,1425506664.0,0,UNLIKELY,False,,ab50916936df24abfb542c6b8ca24b6c2fb85bb07a2e3ceefbd091cf0ced0f2c,1
2\Thank you little Georgie Boosh.doc,Thank you little Georgie Boosh.doc,.doc,document,54272,0.05,1426372194.0,0,UNLIKELY,False,,4581ce59eb430f8686bd5a49f352972ab9c73961790d4dc982b931315631539f,1
2\Thanksgiving.doc,Thanksgiving.doc,.doc,document,51712,0.05,1416916094.0,0,UNLIKELY,False,,ee48d5cb4ba877a552257b4f65130be9690a27b211f2fd888d95b751af816f8a,1
2\That Ain't True!  (NEW).docm,That Ain't True!  (NEW).docm,.docm,other,41423,0.04,1403363976.0,0,UNLIKELY,False,,772dea859408f9dab30bdc90f7bdf914c4d9078511edf1933026a0c868d32295,1
2\That Ain't True! - Copy.doc,That Ain't True! - Copy.doc,.doc,document,54272,0.05,1402337086.0,0,UNLIKELY,False,,f302317ad248f2d6ad212599e5b5584a00ee17a843f82c0ee47995a73ac884ee,1
2\That Ain't True!.doc,That Ain't True!.doc,.doc,document,53760,0.05,1405605300.0,0,UNLIKELY,False,,5d683baabfee3a972c8ce39c2666a105acb4be0a5f9bc8464b04931ee31183aa,1
"2\That's About Right-Red Seats, Though.jpg","That's About Right-Red Seats, Though.jpg",.jpg,image,142329,0.14,1288130870.0,0,UNLIKELY,False,,37029c8456a7f79005b99c61530ce0161e37218195b764b3277d42f08511228e,1
2\The American populace is a noxious gruel of guile.doc,The American populace is a noxious gruel of guile.doc,.doc,document,47616,0.05,1405201522.0,0,UNLIKELY,False,,387e0f44ca2ec6f131b58577ba35999d339da13078b55754cbfb0b990e793724,1
2\THE AMERICAN TALIBAN.doc,THE AMERICAN TALIBAN.doc,.doc,document,54272,0.05,1426188096.0,0,UNLIKELY,False,,a3daa34419579c7f862dfdc3de772ba6d4e18f4d8c0552a05b42e0efe7dd99e0,1
2\The Big Blue Dress.jpg,The Big Blue Dress.jpg,.jpg,image,622410,0.59,1409262186.0,0,UNLIKELY,False,,d08fc5a4ea08f2fd223e8f88fa8a31affe26be5ff07b40f8c792fce008b60a97,1
2\The Divine Miss M.jpg,The Divine Miss M.jpg,.jpg,image,35245,0.03,1402564014.0,0,UNLIKELY,False,,b8558cfbb46889f43d581454013b45008f0bcabe3fdaf40d19d88f142c4ddb34,1
2\The dog got locked in your car.jpg,The dog got locked in your car.jpg,.jpg,image,208069,0.2,1425060446.0,0,UNLIKELY,False,,21280708f308875cb34d963cc82e0ac5c5111521009cfea117a1a70f9a4c945c,1
2\The falling.doc,The falling.doc,.doc,document,50688,0.05,1418212676.0,0,UNLIKELY,False,,84aa04398c255df2de2cfdcc3cb6f066e1b12ca32b93e3b8f4d15db8c0484284,1
2\The Five-Forty-Eight  Cheever.doc,The Five-Forty-Eight  Cheever.doc,.doc,document,114688,0.11,1424727416.0,0,UNLIKELY,False,,e27246cbcb90d4f49f72e841f644e8734951c52f740f96b18667743367bc1916,1
2\THE GREAT GEORGE BOOTH.doc,THE GREAT GEORGE BOOTH.doc,.doc,document,3449856,3.29,1425063090.0,0,UNLIKELY,False,,6f2fe895ccfa156e5fcf867fc9a7c15ce3bf7534566c982b7c370107f8b2a025,1
2\The grimmer indications that American culture is not simply unlettered.doc,The grimmer indications that American culture is not simply unlettered.doc,.doc,document,48128,0.05,1405604862.0,0,UNLIKELY,False,,61ba1b7b6cff2a3ce325a79914a52779e9d1c3488dd0fc31c0300cbf441deca0,1
2\The Hewletts have flaming crown roast.jpg,The Hewletts have flaming crown roast.jpg,.jpg,image,230168,0.22,1425060862.0,0,UNLIKELY,False,,d5ebbd568e138a64634d139f754219912024739300122cc7a6364048472c4ffa,1
2\The Hound of Heaven-1.wps,The Hound of Heaven-1.wps,.wps,other,33280,0.03,1401108908.0,0,UNLIKELY,False,,03f96cd344a02a21434ad88ddbd46e1f7e43d09f2e411f172fe84fcbfe834ba9,1
2\The Hound of Heaven.doc,The Hound of Heaven.doc,.doc,document,58368,0.06,1401075478.0,0,UNLIKELY,False,,dbc47e927b74d90c128a745617c738002cc0fb44ba352780642e6112512f32ab,1
2\The Hound of Heaven.wps,The Hound of Heaven.wps,.wps,other,33280,0.03,1401076384.0,0,UNLIKELY,False,,2dcd83097cc438492cb985b072a995359ab32f5f3a454ca4a927e04eeb49f6d7,1
2\The ignorance . . ..doc,The ignorance . . ..doc,.doc,document,52736,0.05,1420923826.0,0,UNLIKELY,False,,bae468e855ff44fe0f2dae5f4e9bbb7e507425cee11d2f30f3e019a0f7bfdee8,1
2\THE KEITH PLACE ON THE NIP ROAD.jpg,THE KEITH PLACE ON THE NIP ROAD.jpg,.jpg,image,191961,0.18,1420466212.0,0,UNLIKELY,False,,39c43c55a6861d3d52305bc72d51f3883530f9bd8311c81336e1c7151f5a9dea,1
2\The lime-green vest is a little much.jpg,The lime-green vest is a little much.jpg,.jpg,image,145306,0.14,1425060712.0,0,UNLIKELY,False,,5c13e37a41a8786b00304962a916b075a797deecb1eaf2c7526905873142989d,1
2\THE LITTLE PIXIE.jpg,THE LITTLE PIXIE.jpg,.jpg,image,26937,0.03,1401074642.0,0,UNLIKELY,False,,3ad7daa6376d52baeddcf38dc662a830d765988c5d4856168776b451bb33cae5,2
2\The Mountain Cleft.jpg,The Mountain Cleft.jpg,.jpg,image,118763,0.11,1409263100.0,0,UNLIKELY,False,,c103cfe0a073456b440799041ff3278782e565803649d588271101b12709fa29,1
2\THE NIP.jpg,THE NIP.jpg,.jpg,image,400582,0.38,1420464564.0,0,UNLIKELY,False,,e9e6170bb3b281f6e7a9bd5c77bde6e727fcf364668af05ff76c00cbaa8a9ad4,1
2\The Overwhelm.doc,The Overwhelm.doc,.doc,document,172032,0.16,1402079902.0,0,UNLIKELY,False,,269b42112e5515c01e106486dd9af69419bce0f09377b1d5b5024d9d689ed34f,1
2\THE PIXIE.jpg,THE PIXIE.jpg,.jpg,image,30721,0.03,1401074534.0,0,UNLIKELY,False,,7fe298ca471ced610e34677d650c57db8808686cfe39220fed4fa0b754dce03b,1
2\The reading list.doc,The reading list.doc,.doc,document,48640,0.05,1408672026.0,0,UNLIKELY,False,,7e1fe17c31c25430d03d98e89fe541f156b9920b296a34e5640cb36ed1da58ef,1
2\The ruthless pixie.doc,The ruthless pixie.doc,.doc,document,55808,0.05,1400673744.0,0,UNLIKELY,False,,0c52c7c03f6892daae5a05d65e4752ac622baef11cfcd7b5f520d0eddd686423,1
2\THE STARLIGHT MS.doc,THE STARLIGHT MS.doc,.doc,document,1048576,1.0,1426015926.0,0,UNLIKELY,False,,0b78ccdb1f534d206b5f7511f9bc2a02cb2572728df5a871fcd428eaefabdb50,1
2\THE STARLIGHT QUERY - 20 PAGES.doc,THE STARLIGHT QUERY - 20 PAGES.doc,.doc,document,105472,0.1,1424103502.0,0,UNLIKELY,False,,125f734fd02791db380b6072ca6ea7d9a0d92423c0ea089ab5a571ea01a732b7,1
2\THE STARLIGHT QUERY - PAGES.doc,THE STARLIGHT QUERY - PAGES.doc,.doc,document,54272,0.05,1424103366.0,0,UNLIKELY,False,,22594e771f716d9910bffab081a4880173c1459f3002b8ac91a379d5374cec24,1
2\THE STARLIGHT query.doc,THE STARLIGHT query.doc,.doc,document,54784,0.05,1425938620.0,0,UNLIKELY,False,,4048066413a3c6a730300e0d8db68e385728c9b81d1f9dfe33d4a6c4432ad5d4,1
2\THE STARLIGHT.doc,THE STARLIGHT.doc,.doc,document,1036288,0.99,1422649714.0,0,UNLIKELY,False,,ceb70f90773e30cfe49f185ec01954dbec75f19123e5dc65f3cea93c1bcf4b32,1
2\The woods were lovely.doc,The woods were lovely.doc,.doc,document,62976,0.06,1399052552.0,0,UNLIKELY,False,,b09bed7ee5fe49cfbce12032fe3c11262617862059a02b3945e6bc32c9f18e62,1
2\There's plenty more books.htm,There's plenty more books.htm,.htm,other,126929,0.12,1425061372.0,0,UNLIKELY,False,,ae4af876d989ee1b2a5672f82148c022e63a5ee4e33004e488c9ae26bc15d95f,1
2\They say if you breathe in.jpg,They say if you breathe in.jpg,.jpg,image,128632,0.12,1425061016.0,0,UNLIKELY,False,,6f8205851379efa41ed79337c19e6ac715ee72e0ec43c331a9079d878952c9fe,1
2\This calumny is only the latest police riot on our law.doc,This calumny is only the latest police riot on our law.doc,.doc,document,53760,0.05,1423339604.0,0,UNLIKELY,False,,3b4a4f955b3314aedff7df71c10a404295e5575e0b7ffed1b1d3e3e32e990c64,1
2\This Police Chief Jackson from Ferguso1.doc,This Police Chief Jackson from Ferguso1.doc,.doc,document,49664,0.05,1408241436.0,0,UNLIKELY,False,,3802a174a35fd1180a51885ad8b463fd461ce196f4ac953e43da0e8d8e26f68c,1
2\THX FMP.doc,THX FMP.doc,.doc,document,4529152,4.32,1299192530.0,0,UNLIKELY,False,,7659cb1d29a0a652a6e54c71fbf6eb5df562c51f80e60f4ac5f8707d665ec884,1
2\Tina & Gordon's No-Freeze Water Supply.pdf,Tina & Gordon's No-Freeze Water Supply.pdf,.pdf,document,967167,0.92,1401568790.0,0,UNLIKELY,True,"8t:ll2...t i(opi?!.. TMJ~I4ii:) 'P,;1£ b()~~ £ur Secure insulation must surround the supply line after the line makes its bend to ascend up into the barn from deep below grade. The supply line shouldn't be smaller than 1"" nor larger than 11/2"". The supply line must pass well under the barn wall and must be insulated beneath the barn using either insulating plastic pipe no less than 3""-4"" in diameter or heat tape 5'-7' into the ground. Insulating pipe in order to pass beneath the barn floor and u",66d156a076c11c661f52213c46cdcbabb1bcb5cc9126d60cb25b4d54a0c4f5a4,1
2\tiny green homes.jpg,tiny green homes.jpg,.jpg,image,127070,0.12,1425409304.0,0,UNLIKELY,False,,2c499d910638aa787019d4cc79fc67b252d24048e42e218679b0510b36dfa5ff,1
2\tiny house lake.jpg,tiny house lake.jpg,.jpg,image,54344,0.05,1425409510.0,0,UNLIKELY,False,,4082161fb3e1fa1f80a8d7e5d8c2a0ae5a2f8256aefc869ca363ecb90b0e652e,1
2\tiny house loft.jpg,tiny house loft.jpg,.jpg,image,47674,0.05,1425409552.0,0,UNLIKELY,False,,c0939c6efa0ff343d69f30e086ac39ffbc5161dd30a97b66b5543203f626466e,1
2\tiny house night.jpg,tiny house night.jpg,.jpg,image,42331,0.04,1425409484.0,0,UNLIKELY,False,,e02f2dfad59281f88e73fccd399461e9a10aba48a38bc87e9dc6289462382580,1
2\TITLES.doc,TITLES.doc,.doc,document,22528,0.02,1425928180.0,0,UNLIKELY,False,,62488581283414d381a1ca60eea76c44baf4fbb8b556e601defcad20302764f4,1
2\To celebrate THE STARLIGHT.doc,To celebrate THE STARLIGHT.doc,.doc,document,53248,0.05,1424477194.0,0,UNLIKELY,False,,1e5c79e8f8dda326f9e3c0cf29abc5c743fe580f9c989ca5fc82a4f5dd49dcda,1
2\Tom's Footer.jpg,Tom's Footer.jpg,.jpg,image,3156,0.0,1405168036.0,0,UNLIKELY,False,,2d48313ed5175ff0eadeed4161a7ee3d63e631d0e51cc8224704e15dc448063c,1
2\TOO LATE.doc,TOO LATE.doc,.doc,document,50688,0.05,1400545358.0,0,UNLIKELY,False,,d3dc5f322aa0a973c76de37ceaeffa72c4f5de59acbf952b16db99d7dc8fa0e6,1
"2\Town River, West Bridgewater.jpg","Town River, West Bridgewater.jpg",.jpg,image,201400,0.19,1420208150.0,0,UNLIKELY,False,,4addbc12ef48f730d8d66a126834219fc7d325861aa01279d076f8b1da85fee6,1
2\TRAINS NYC BUILDING ASTOR PLACE WOODLAND.doc,TRAINS NYC BUILDING ASTOR PLACE WOODLAND.doc,.doc,document,330752,0.32,1424194552.0,0,UNLIKELY,False,,2a5e33754f0bba3acb938faf6231cff1280c8ac3cffd4d081773fe8964c6519e,1
2\tren-al-andalus-interiores.jpg,tren-al-andalus-interiores.jpg,.jpg,image,1592543,1.52,1417955498.0,0,UNLIKELY,False,,49a3ba1b545a5ba149d659ba7c9babd6846fb7971f3c619b54dde44cb6ae684f,1
2\Trout Lilies.jpg,Trout Lilies.jpg,.jpg,image,468036,0.45,1403354422.0,0,UNLIKELY,False,,15ad765c5ae19ba96db59a29da3f3c7c36a858a958f3fa2802134b1605827d72,1
2\TSARNAEV-BOAT-large570.jpg,TSARNAEV-BOAT-large570.jpg,.jpg,image,26093,0.02,1425310804.0,0,UNLIKELY,False,,3d092b9dac96824af79880f90680cd67d0d85d0ee897ebabfe1e5b6effa87bb7,1
2\Two women.doc,Two women.doc,.doc,document,53248,0.05,1426279484.0,0,UNLIKELY,False,,4b7f711a095aada589132194df8d62be63595a61f34736d500e958ac13bd6f8a,1
2\ULC symbols.doc,ULC symbols.doc,.doc,document,14773,0.01,1426084292.0,0,UNLIKELY,False,,f30cc4cd705a0f523737b17a393b334dfc721933281c882ef29166049288a388,2
2\ULC.png,ULC.png,.png,image,13467,0.01,1423871620.0,0,UNLIKELY,False,,aff9ca7e1157ea077d38e75b9292609967de08a763a383260444901af54d090a,1
2\UMBRELLA JIG.jpg,UMBRELLA JIG.jpg,.jpg,image,24920,0.02,1403353114.0,0,UNLIKELY,False,,cd22cf5b5e1fd73cc537f7b7994da08dccbd033cc28fcc3d69e3c32a888cd8cf,2
2\untitled2 - Copy.bmp,untitled2 - Copy.bmp,.bmp,image,1440054,1.37,1393185420.0,0,UNLIKELY,False,,30fc4ad993cd0f3b0b7f5407fe16a2271b4746a82b0c3293731a6797805e0071,1
2\Urban_Light_Chris_Burden_LACMA_(2).jpg,Urban_Light_Chris_Burden_LACMA_(2).jpg,.jpg,image,59878,0.06,1368147574.0,0,UNLIKELY,False,,f5b3b86ce108394956da018dcf3a484ae8eb8b2dbaa7d1aa8acae505d493b5db,1
2\USCG_Sentinel_class_cutter_poster.pdf,USCG_Sentinel_class_cutter_poster.pdf,.pdf,document,2773124,2.64,1426634820.0,4,LOW,True,"length: 154 feet beam: 25 feet displacement: 353 long tons draft: 9.6 feet speed: 28+ knots range: 2,950 nautical miles crew: 24 (two officers) countermeasures: one short-range prosecutor rigid hull inflatable boat armament: one remotely controlled 25 mm chain gun autocannon four 50-cal. machine guns main propulsion: two 4,300 kw (5,500 hp) mtu engines one 75 kw (161 hp) bow thruster ",de32db5b771b07d6feda153875989d32b188f3534e00f49cc508ea0fcd908ba6,1
2\USPS # 9400109699937965629083.doc,USPS # 9400109699937965629083.doc,.doc,document,50176,0.05,1413822254.0,0,UNLIKELY,False,,682277efb2798fc36c07c2caaafd62cf0de8f0ef1c4e5c281e2d266413d1a280,1
2\Utter bosh.doc,Utter bosh.doc,.doc,document,50688,0.05,1416734782.0,0,UNLIKELY,False,,b1830528c4c4ed0e65113ab6f5d3eb38f52459f2d42b8180aabfdfd577771e87,1
2\UVA should be burned to the ground.doc,UVA should be burned to the ground.doc,.doc,document,51712,0.05,1417009064.0,0,UNLIKELY,False,,2247fc86884bd119353f197c5854cb7ebc5735545d70b74534604b96af01bab7,1
2\ValentinesDayCartoons12-690 - Copy.jpg,ValentinesDayCartoons12-690 - Copy.jpg,.jpg,image,61625,0.06,1423942794.0,0,UNLIKELY,False,,261ce4f2e89725715b7a7f8c5b1808f48b5beecfcdaa459dc368ce0972e7553d,2
2\ValentinesDayCartoons12-690.jpg,ValentinesDayCartoons12-690.jpg,.jpg,image,61625,0.06,1423942794.0,0,UNLIKELY,False,,261ce4f2e89725715b7a7f8c5b1808f48b5beecfcdaa459dc368ce0972e7553d,2
2\valley.ppt,valley.ppt,.ppt,other,259072,0.25,1271706058.0,0,UNLIKELY,False,,4ad6bdf9b98d5935ccb3049101a93a18fbec18fd280bdddbf47706362013a3ab,2
2\VENUS AT HER MIRROR--RUBENS--FULL.jpg,VENUS AT HER MIRROR--RUBENS--FULL.jpg,.jpg,image,79842,0.08,1413466370.0,0,UNLIKELY,False,,5613e9e73c657b83cd77b5313641b802efeb735a43857db3f32f87db89983e21,1
2\VENUS AT HER MIRROR--RUBENS.jpg,VENUS AT HER MIRROR--RUBENS.jpg,.jpg,image,80769,0.08,1413466186.0,0,UNLIKELY,False,,4546910cd96d21570448594d92bbdedcf8bdbbc8bde81371da53d2ff7bc8d44b,1
2\VERMONT 1.jpg,VERMONT 1.jpg,.jpg,image,642193,0.61,1405121062.0,0,UNLIKELY,False,,a09f69373031a0030f52d5af8b3897d0a8daae1151ebfc7a55e1ab68a141cac8,1
2\VICTORIAN BRACKET FRETWORK.jpg,VICTORIAN BRACKET FRETWORK.jpg,.jpg,image,7905,0.01,1406213792.0,0,UNLIKELY,False,,b5ef9b2add5c1479ca9dee47064016f67d83f5841d9a00297c554924fb9193bc,1
2\Victorian Christmas Bed.jpg,Victorian Christmas Bed.jpg,.jpg,image,97191,0.09,1406213548.0,0,UNLIKELY,False,,6c2925750cca05e472201e8650642c531a2002eff6dfa1058480abdbab25efa3,1
2\Vinatge FLYING A SIGN.jpg,Vinatge FLYING A SIGN.jpg,.jpg,image,7521,0.01,1403382000.0,0,UNLIKELY,False,,f6489c0c91edb5c1561aa04d4638888d98812b64cd4d4425a32bb3e6cf46954a,1
2\vintage gas station 1.jpg,vintage gas station 1.jpg,.jpg,image,100334,0.1,1403372914.0,0,UNLIKELY,False,,2505371b1b8a2af62c6c6b4db625c81912fbed0925017e89e26a1222f8a34cba,1
2\VINTAGE GAS STATION 1920S.jpg,VINTAGE GAS STATION 1920S.jpg,.jpg,image,76753,0.07,1403373066.0,0,UNLIKELY,False,,3b4103e4a26953b5d547fdba05a92eec32156add37396748d53e6c0914e6fba4,1
2\VINTAGE GAS STATION BRICK.jpg,VINTAGE GAS STATION BRICK.jpg,.jpg,image,31829,0.03,1403383166.0,0,UNLIKELY,False,,98378071953818a7a8d5af9aa60c1d521ab258daf1c13bf94d94e67075a1b5d2,1
2\VINTAGE GAS STATION WHITE.jpg,VINTAGE GAS STATION WHITE.jpg,.jpg,image,39255,0.04,1403383266.0,0,UNLIKELY,False,,f94104f7ebc5c9143b2a07bc6d5895f7dd34f8cbcb2cd021ccb4c031eebcfba5,1
2\VINTAGE Makris Diner.jpg,VINTAGE Makris Diner.jpg,.jpg,image,91516,0.09,1403382678.0,0,UNLIKELY,False,,728572fa99cfed9c3f46afd489f94a0030df7e3338f872189741a4c4268a57e1,1
2\VINTAGE MERRITT PARKWAY GAS STATION.jpg,VINTAGE MERRITT PARKWAY GAS STATION.jpg,.jpg,image,20792,0.02,1403382226.0,0,UNLIKELY,False,,f9bc2c1a4fda3f119b24e14cff8751af2f2708975a2a5e33d91b38ebe235a971,1
2\VINTAGE MERRITT PARKWAY.jpg,VINTAGE MERRITT PARKWAY.jpg,.jpg,image,153698,0.15,1403383004.0,0,UNLIKELY,False,,6842bd92b335fcb3d0a82bbb1f205dc2cd7b79c061af188e519cdbe536e250c4,1
2\Virginia Wynette Pugh.jpg,Virginia Wynette Pugh.jpg,.jpg,image,28891,0.03,1400767626.0,0,UNLIKELY,False,,75bac6552d74c80658392252be2169f23a2d438f0e857e49621870b2cad6cc3d,1
2\VISHNU PNEUMONIA.doc,VISHNU PNEUMONIA.doc,.doc,document,39424,0.04,1415308496.0,0,UNLIKELY,False,,113e4e3aa0fa6d29d69a9f3dcf6ec8d213f462831dfce01c8e7874ee6165a367,1
2\Vonnegut & faith.png,Vonnegut & faith.png,.png,image,147556,0.14,1405637668.0,0,UNLIKELY,False,,153fabc9f22d33a0f53f9f0157f8b574b50fc9162ca88d74a296537452f29553,1
2\Vonnegut.jpg,Vonnegut.jpg,.jpg,image,71625,0.07,1405637268.0,0,UNLIKELY,False,,0ade1f866e79a21b37fa98fb0a250234415f8a5145d3ecf95365856551122447,1
2\vt village.jpg,vt village.jpg,.jpg,image,546585,0.52,1417121298.0,0,UNLIKELY,False,,aa3c50f8776c20a27234cb9104dc51164735c279a0058c000760f5b8e6b0757a,1
2\vtang.jpg,vtang.jpg,.jpg,image,289121,0.28,1368151890.0,0,UNLIKELY,False,,8bf372b112a428cca69128e479c8c0aa57aa493559a961f8d11578e182bc6dd4,2
2\vtang.pdf,vtang.pdf,.pdf,document,294556,0.28,1426698320.0,0,UNLIKELY,False,,89a6103e48d4a550c03f3352ee8a6b02b77ea9eeba511819d4ad467fc610fdbe,1
2\Walking Home Again.png,Walking Home Again.png,.png,image,815560,0.78,1409264242.0,0,UNLIKELY,False,,487c65fe286921302570f7fd1c0c0353f3c2ac86a3172b36dfaed7dbb29b5f62,1
2\Wall Street is Doofus Street.doc,Wall Street is Doofus Street.doc,.doc,document,49664,0.05,1412302312.0,0,UNLIKELY,False,,50056778b035de6856dbc57caf18c48e692c1c00cd1ffa5f350d51097e749656,1
2\Wasup I be stupid.doc,Wasup I be stupid.doc,.doc,document,53760,0.05,1424275662.0,0,UNLIKELY,False,,3c2ea2b2798dc25161c78dfafb318211d56087319d59ba4ed1e2bf542cd3986f,1
2\Water Supply - parischaput@gmail.com - Gmail.htm,Water Supply - parischaput@gmail.com - Gmail.htm,.htm,other,917934,0.88,1407413602.0,0,UNLIKELY,False,,fb5a682ecb54d34cff70173dabb155405b7e9243f605edb831404c59538fe2c3,1
2\Watling_Street_Northamptonshire.jpg,Watling_Street_Northamptonshire.jpg,.jpg,image,111334,0.11,1419338804.0,0,UNLIKELY,False,,7eed6ac2d90c04518a00267be162528fc63b961b775704d24d71ab825dc007c8,1
2\WE ALL LOVE YOU (BOX LISTS).doc,WE ALL LOVE YOU (BOX LISTS).doc,.doc,document,49664,0.05,1403365612.0,0,UNLIKELY,False,,1ac083193afa52df5e664c705c284de5ff452d6a7acba644d018273c4b9aed1c,1
2\We are such a poor country.doc,We are such a poor country.doc,.doc,document,54272,0.05,1416002624.0,0,UNLIKELY,False,,346831e19838e2ead99b229bac937e615b367880dc7522ff123b78b2fd814926,1
"2\We didn’t say, “Happy Armistice Day.”.doc","We didn’t say, “Happy Armistice Day.”.doc",.doc,document,52224,0.05,1415978598.0,0,UNLIKELY,False,,5ce4db27f93f9b9680adf01d12c08358470771c40b145636bc0a5a25e4dc24c6,1
2\We have the best Congress money can buy.doc,We have the best Congress money can buy.doc,.doc,document,53248,0.05,1424373168.0,0,UNLIKELY,False,,7d4b51d5ceee5dc6703c7c39eb7e73e35c273ba86d9d171c3a8520364a16a873,1
2\We might as well.doc,We might as well.doc,.doc,document,51200,0.05,1412637286.0,0,UNLIKELY,False,,775d1c17435fb5a9817715fca865e7772892e2f92a4626704f2f5e9b2e37621b,1
2\We understand that Americans are among the least educable populations in the world.doc,We understand that Americans are among the least educable populations in the world.doc,.doc,document,52736,0.05,1409485046.0,0,UNLIKELY,False,,6a4b9f5228f69a13b788f632cb879bacb506610f6bfe81b628dc5f91828cc0c8,1
2\West Central Regional Office.doc,West Central Regional Office.doc,.doc,document,51200,0.05,1415127196.0,0,UNLIKELY,False,,fb8d1be8545e72bd76dbde02f4ab1453126669dda0e7f15ea3b4d8855be12d4e,1
2\What happened to one o'clock.jpg,What happened to one o'clock.jpg,.jpg,image,183251,0.17,1425060210.0,0,UNLIKELY,False,,10e7b4a866561e1d826d80a8bf0532d26f95c96b17caf4df0910e2f946cc9947,1
2\What is it with lowlifes and sub.doc,What is it with lowlifes and sub.doc,.doc,document,53760,0.05,1424963982.0,0,UNLIKELY,False,,69a3733b35731f3ec13a513ef0cfafd3c46e08a5b34e66221d11d66826ca6747,1
2\WHAT THE BOY SAW.jpg,WHAT THE BOY SAW.jpg,.jpg,image,89213,0.09,1405744712.0,0,UNLIKELY,False,,0bb2d8266e3856ede86073082b43780c175b322e6ee0c240d55baeba3de3a189,1
2\WHAT THE DOG SAW 3.28.14.doc,WHAT THE DOG SAW 3.28.14.doc,.doc,document,544256,0.52,1398717162.0,0,UNLIKELY,False,,ebca97136eeeb885a185c33665a416a05db5e0120a782f2d81aba2fd07ed624c,1
2\WHAT THE DOG SAW ms..doc,WHAT THE DOG SAW ms..doc,.doc,document,564224,0.54,1401406868.0,0,UNLIKELY,False,,82740b8aa1c506983a7b70fa446bd357a13bd1963b6dd82f3811f351b63b19e1,1
2\When we agreed you'd move in.jpg,When we agreed you'd move in.jpg,.jpg,image,135603,0.13,1425060278.0,0,UNLIKELY,False,,b65c5666393712b4e95971b1e424ba0343e2510017d49c5bbbed0543d11435c4,1
2\When you get home tonight.jpg,When you get home tonight.jpg,.jpg,image,136087,0.13,1425060644.0,0,UNLIKELY,False,,47e920aed07d32ff7140091a590119ea6b1a4046939f7bd94e640d692e840a94,1
2\Which reminds me that during the 25 years I taught.doc,Which reminds me that during the 25 years I taught.doc,.doc,document,53760,0.05,1426455102.0,0,UNLIKELY,False,,68fb07e04010ce3941161dbd058f98ef5409d6bd16750e357d551cd76cfc6c45,1
2\Why do so many Republicans have misshapen heads.doc,Why do so many Republicans have misshapen heads.doc,.doc,document,50688,0.05,1416445632.0,0,UNLIKELY,False,,2a850a688bde273ad91a4e2640c74319c3e425ff475ab7e218571ce41e89fa1e,1
"2\Why, oh why do you cling.doc","Why, oh why do you cling.doc",.doc,document,22016,0.02,1425209880.0,0,UNLIKELY,False,,f7f714a7e37eba1264cd7fe9518e93c07932d98f3ebf74c11b24c6587262a5d5,1
2\William Carlos Williams To Elsie.doc,William Carlos Williams To Elsie.doc,.doc,document,57344,0.05,1426527282.0,0,UNLIKELY,False,,8832b13092c23e48958d37f81f17eb292190f9fec8b5112e12900dfdb54a879d,1
2\Willow.jpg,Willow.jpg,.jpg,image,243611,0.23,1409268434.0,0,UNLIKELY,False,,c7e53c75dd7ddcd15bbf012456bad546e0773e99f4ecbe225cc12c684ace4f43,1
2\winchester rifle.jpg,winchester rifle.jpg,.jpg,image,296182,0.28,1404438504.0,0,UNLIKELY,False,,ab6cdf5845ba923f268c2760a9d1b7624f78e2ead0af71dce55b18866899bec4,1
2\windowsticker.jpg,windowsticker.jpg,.jpg,image,22788,0.02,1262988980.0,0,UNLIKELY,False,,bc7cad2b27dde91c8f3c2d837b443669d486eed255e655cf671b0871c94de95c,1
2\winter stream sunset.jpg,winter stream sunset.jpg,.jpg,image,647746,0.62,1417956170.0,0,UNLIKELY,False,,b34e6e3d3db1034ea3e1ea0502daeed0bc378133507a9590d39c0963ac254b5b,1
2\wonderful_christmas720.jpg,wonderful_christmas720.jpg,.jpg,image,35418,0.03,1287729126.0,0,UNLIKELY,False,,30d4ace935869c34f57c45b81766e1ef2d99051701fdf7caef72c11ae315d246,3
2\wooden-fruit-packaging-shipping-crates-21447213.jpg,wooden-fruit-packaging-shipping-crates-21447213.jpg,.jpg,image,65542,0.06,1408225236.0,0,UNLIKELY,False,,40c60578f8aa8dbf5218d9d99370764fe394068797c231006c74d2bb5852ff64,1
"2\Woodstock, NY catskills.jpg","Woodstock, NY catskills.jpg",.jpg,image,484360,0.46,1409015058.0,0,UNLIKELY,False,,fa1713567fe118e4ac1363a8b6bffdc91ea70c7fa5fecd798679fd6c618df422,1
2\Wordsworth's speak the tongue that Shakespeare spake.doc,Wordsworth's speak the tongue that Shakespeare spake.doc,.doc,document,61952,0.06,1407383920.0,0,UNLIKELY,False,,ff73caf04acd1a7128fc56dacbfa9e10411585135633ad5a96c1158d028aebb5,1
2\WS0110 Buick Collection 1934 Buick Limo 003 x 400F_1.jpg,WS0110 Buick Collection 1934 Buick Limo 003 x 400F_1.jpg,.jpg,image,88309,0.08,1418482546.0,0,UNLIKELY,False,,a5ad064ba5aaf3994d5fa9477572fdf5e7fc0bf4a81890637dae394f2483c8dd,1
2\You've had a Elton.doc,You've had a Elton.doc,.doc,document,52224,0.05,1419812816.0,0,UNLIKELY,False,,bba60a5c0874117f1431fd5830bd83eadc5422b2ff0bff9c4433b19c105aa7c9,1
2\Yup and the Teapublican yaboes didn.doc,Yup and the Teapublican yaboes didn.doc,.doc,document,53760,0.05,1426419130.0,0,UNLIKELY,False,,a8214e47bbf452f1b48b3645f95dfd2b9541dc7c5075a62ee8991c6dd5484a35,1
2\ZACHARY'S.pdf,ZACHARY'S.pdf,.pdf,document,4315089,4.12,1422868860.0,3,LOW,True,"Zachary’s Dinners are served with a Dinner Salad & Garlic Bread SPAGHETTI DINNER A large portion served with our Homemade Meat Sauce… 9.09 with Meatballs or Sausage… 9.59 (Meatless Sauce available) LASAGNA Layers of Noodles, blended Cheeses, specially seasoned Meat, and Homemade Sauce.… 10.99 STUFFED SHELLS Baked Cheese-filled Shells, with Homemade Sauce and Mozzarella Cheese… 9.79 BAKED ZITI With our Homemade Sauce, Mozzarella and Ricotta Cheese… 9.69 TRI-COLOR TORTELLINI Cheese-filled T",7a2e210cee6cdc5ce103e7f75997da5a62302efc18ce1bfc536072ce35417f9e,1
2\2014-05 (May)\Tina & Gordon's Schematic.pdf,Tina & Gordon's Schematic.pdf,.pdf,document,831471,0.79,1401568348.0,0,UNLIKELY,True,"---; 8~eAJ i(vpi!!.... I'MJ.~14i.~ l',;1£ bot:---~ t14 Secure insulation must surround the supply line after the line makes its bend to ascend up into the barn from deep below grade. The supply line shouldn't be smaller than 1"" nor larger than 1112"". The supply line must pass well under the barn wall and must be insulated beneath the barn using either insulating plastic pipe no less than 3""-4"" in diameter or heat tape 5'-7' into the ground. Insulating pipe in order to pass beneath the barn floor",500f40998a4957fefe2d44898b2466235189db164e91bcc2c693b87991bdb617,1
2\Adagietto\2014-05 (May)\ADAGIETTO.pdf,ADAGIETTO.pdf,.pdf,document,2950565,2.81,1399832340.0,0,UNLIKELY,True,"Adagietto Gustav Mahler (1860-1911) a tempo (Molto Adagio) seelenvoll , ~..,..---.Sehr langsam moltorit. ~ ------ , ., 7 ----------------------~----------- r 10 Nicht schleppen (etwas fliijJiger als zu Anfang) ------------ ,~~ r------r------~--=-----rr lY -- ------ ~ - .• 'f .g. •· ..· I .. ~ ~ I eI ~_ - ~ i """"--. - .,C!J = morendo 'PPpp espresso == -=::::: =r:::: ~ ,,-----. I •· ,. . - 1-- - rJ P?-:-I I ' •.. r T I T ~ I . .. ""..41 I r r s. I V ~r'~~ -semprepp *"" I - *"" ,--.~ ( . .· . I ~ ~ -r",2473da938c4e13e263d8d43766dc465b2d700de24a3c4fbfe53c609cff0c60c5,1
2\Althorp fields_files\82102824.jpg,82102824.jpg,.jpg,image,211417,0.2,1423686916.0,0,UNLIKELY,False,,e564142855baa6f30593b4485f97a32fd43658677e5f913039d31a15f658e91f,1
2\Althorp fields_files\82102824_002.jpg,82102824_002.jpg,.jpg,image,85400,0.08,1423686918.0,0,UNLIKELY,False,,f5fcb5877b81f5d709270ec3b7b4150461c05daa18dc4db768c39e4fcfa2a305,1
2\Althorp fields_files\82103475.jpg,82103475.jpg,.jpg,image,49886,0.05,1423686918.0,0,UNLIKELY,False,,56451ae264aecfe686c6dcb4c204a4c278c2163a842fecd1a2ab364894c30138,3
2\Althorp fields_files\82103485.jpg,82103485.jpg,.jpg,image,26897,0.03,1423686914.0,0,UNLIKELY,False,,e93eb57d620e54b1d68a6635756d090b6c912430ef4508c32660338d6071ec87,3
2\Althorp fields_files\82103497.jpg,82103497.jpg,.jpg,image,33582,0.03,1423686918.0,0,UNLIKELY,False,,ced0c5539db8f2dc4c4c208d4d834e6e8cac96636429703d485b1cccd5c41abb,3
2\Althorp fields_files\82103509.jpg,82103509.jpg,.jpg,image,29683,0.03,1423686918.0,0,UNLIKELY,False,,e3eacc40ed3c8bf593e8d728ae0f82590630a95ac095a6c4f6502391e11055ce,3
2\Althorp fields_files\82103516.jpg,82103516.jpg,.jpg,image,27303,0.03,1423686914.0,0,UNLIKELY,False,,188ba35369f7b54d2e00e142f7d5863b25e444422d50aced4ec6b112e03d6b99,3
2\Althorp fields_files\82103529.jpg,82103529.jpg,.jpg,image,25821,0.02,1423686916.0,0,UNLIKELY,False,,e584d63b82cfd3c941e7baec93513913ebaefdda4a6d54b676dae2de1567b25f,3
2\Althorp fields_files\82103540.jpg,82103540.jpg,.jpg,image,35013,0.03,1423686916.0,0,UNLIKELY,False,,74bd50be549ecdd2b76de8bc7e5742b07d0fb59deb8fe4013189d19eebefe2f8,3
2\Althorp fields_files\82104383.jpg,82104383.jpg,.jpg,image,163982,0.16,1423687038.0,0,UNLIKELY,False,,9636fcbfc7c9a8108c7028f1d217da1033e56d35fd2a11fbda447b794685d4f1,1
2\Althorp fields_files\82104390.jpg,82104390.jpg,.jpg,image,40723,0.04,1423686914.0,0,UNLIKELY,False,,c7bdca9c3e8128d0a47d01854ca351186d328fbb249f5d022b5a4eb37c1cbb36,3
2\Althorp fields_files\82104397.jpg,82104397.jpg,.jpg,image,43168,0.04,1423686914.0,0,UNLIKELY,False,,2e5493df506969c9bf4dd3b9af7477ebdd5a317ec934126cc5351f4fa69c9d26,3
2\Althorp fields_files\acrylic.css,acrylic.css,.css,other,46590,0.04,1423686916.0,0,UNLIKELY,False,,258823fb60255840ab1ba94d6b9b508bc740fff43498f682dce3d82eb4a65089,9
2\Althorp fields_files\back.png,back.png,.png,image,157,0.0,1423686918.0,0,UNLIKELY,False,,30994cd80b5d1fba096d79d498307080802ee138b52a9737e6ccdfcc1a47ce92,9
2\Althorp fields_files\commonutilcontrolsplaces_impl.js,commonutilcontrolsplaces_impl.js,.js,other,346104,0.33,1423686912.0,0,UNLIKELY,False,,5390a2ede14d0a08d3354ff7c4147db1b143880cb4247b87f5fd6f94a71be8a3,8
2\Althorp fields_files\css.css,css.css,.css,other,983,0.0,1423686912.0,0,UNLIKELY,False,,cb790f3fa1ea976f8706efe315d1f1752d8bf24c1a621378a7346d7afdbf795d,8
2\Althorp fields_files\details.png,details.png,.png,image,204,0.0,1423686916.0,0,UNLIKELY,False,,1fdceb5a10013dbe71d0146ad26faebf14abed4024838474f8ea84c5d5764bdd,9
2\Althorp fields_files\fullscreen.png,fullscreen.png,.png,image,260,0.0,1423686918.0,0,UNLIKELY,False,,dc816e5b35970beb38725b71cefc119d5f3169b530c12bea493a2648462c72b5,9
2\Althorp fields_files\ga.js,ga.js,.js,other,41118,0.04,1423686914.0,0,UNLIKELY,False,,1517a7291919ceb27da4558ff407cf08251b8355d217d01ba595b739b39c66bf,3
2\Althorp fields_files\jquery-history.js,jquery-history.js,.js,other,6672,0.01,1423686916.0,0,UNLIKELY,False,,da06129848488ba4a0a4e46284a0e47707ab3a130912d73c5b964bc2f7f4a225,9
2\Althorp fields_files\jquery.js,jquery.js,.js,other,85925,0.08,1423686916.0,0,UNLIKELY,False,,8f0a19ee8c606b35a10904951e0a27da1896eafe33c6e88cb7bcbe455f05a24a,9
2\Althorp fields_files\js,js,[none],other,4446,0.0,1423686916.0,0,UNLIKELY,False,,679fa6ae0a4c959503fc19d54f4e5c4d0f154f46116a6966bf643bd8b89bd5fa,3
2\Althorp fields_files\left_arrow.png,left_arrow.png,.png,image,737,0.0,1423686912.0,0,UNLIKELY,False,,5112078a4a07678dd156284c17662f1a789803861a0253cbd729f443f5162187,18
2\Althorp fields_files\left_arrow_002.png,left_arrow_002.png,.png,image,737,0.0,1423686914.0,0,UNLIKELY,False,,5112078a4a07678dd156284c17662f1a789803861a0253cbd729f443f5162187,18
2\Althorp fields_files\list_mode.png,list_mode.png,.png,image,133,0.0,1423686912.0,0,UNLIKELY,False,,b39a1c2804fa10705e5307febde45b8f6eab595f3881907220479ae66395507b,9
2\Althorp fields_files\main.js,main.js,.js,other,55597,0.05,1423686918.0,0,UNLIKELY,False,,5903e0c66f740711466e4dd05da837b32138ee29b07f079c01d2e113ae4b8f90,8
2\Althorp fields_files\next.png,next.png,.png,image,154,0.0,1423686918.0,0,UNLIKELY,False,,270763715e925f65081ab926b1b6711d48db3164f020e49ed9f4fcd6584cdcb4,9
2\Althorp fields_files\order.png,order.png,.png,image,198,0.0,1423686918.0,0,UNLIKELY,False,,ac0a4d0d394e4232353081e0916b4829c8ab79027dea916677d563db20d8c9cc,9
2\Althorp fields_files\original.png,original.png,.png,image,212,0.0,1423686918.0,0,UNLIKELY,False,,ff84ece113326a6d48ae4d698693b054de1b88cc80860c535f62d3044fde4777,9
2\Althorp fields_files\panoramio.js,panoramio.js,.js,other,546595,0.52,1423686916.0,0,UNLIKELY,False,,7ac84c2068090a07402236461b9becb706c656a2c84715eaa337b552c32f1009,9
2\Althorp fields_files\places.js,places.js,.js,other,1578,0.0,1423686916.0,0,UNLIKELY,False,,09b7f2464a5be3bcccc06383fa0bcb078028e0b248fe03f5adcb736d5c29986b,8
2\Althorp fields_files\previous.png,previous.png,.png,image,154,0.0,1423686916.0,0,UNLIKELY,False,,c577d3712f660bf8df7a196039f5d47c5ef0875097ce6af7c0ea4d340c892a6d,9
2\Althorp fields_files\right_arrow.png,right_arrow.png,.png,image,730,0.0,1423686912.0,0,UNLIKELY,False,,1002899381b7da5fbe947a79562379dbc80f475d0d067d0ad6a1c5f63d535b54,18
2\Althorp fields_files\right_arrow_002.png,right_arrow_002.png,.png,image,730,0.0,1423686914.0,0,UNLIKELY,False,,1002899381b7da5fbe947a79562379dbc80f475d0d067d0ad6a1c5f63d535b54,18
2\Althorp fields_files\screen_interim.css,screen_interim.css,.css,other,160003,0.15,1423686914.0,0,UNLIKELY,False,,66c0cdd78f815e0e52a70f93819148838c51a06f46db8de47b9d40671c1f4900,9
2\Althorp fields_files\search.js,search.js,.js,other,441,0.0,1423686916.0,0,UNLIKELY,False,,d5b0a4084c7780c2294b5d53ffef43d7dd96fd991a0bdb84d1144c75f553209d,8
2\Althorp fields_files\slide_pause.png,slide_pause.png,.png,image,167,0.0,1423686916.0,0,UNLIKELY,False,,bd3cea25970fd7d32de043dbdc533a74fb4a3c006eeebf73a127e7a246b37e9f,9
2\Althorp fields_files\slide_play.png,slide_play.png,.png,image,233,0.0,1423686916.0,0,UNLIKELY,False,,02f46cf17a587070b5e204bce581c8d8c12452b22b713985fe43750837946942,9
2\Althorp fields_files\slide_repeat.png,slide_repeat.png,.png,image,358,0.0,1423686914.0,0,UNLIKELY,False,,b219894cd4370d4d3c5c0a07e1ba54be29997749ffb40208cf109a7e14fde12b,9
2\Althorp fields_files\slide_to_start.png,slide_to_start.png,.png,image,238,0.0,1423686916.0,0,UNLIKELY,False,,525f697afc1b1e90dceac1f2ac0fc0d875ba67771e9bd8be0cfd30a2277420d6,9
2\Althorp fields_files\stats.js,stats.js,.js,other,6401,0.01,1423686912.0,0,UNLIKELY,False,,184ecc87e835c22a2833b62331dc6fbcb0a26d85d1f70847a6f5a7cadea2ba80,8
2\Althorp fields_files\user_avatar.png,user_avatar.png,.png,image,1968,0.0,1423686916.0,0,UNLIKELY,False,,4766df86768cb96afec1f1aa871bb7a6453706146c979ac2ffbad77c87bb3404,9
2\Althorp fields_files\wapi.js,wapi.js,.js,other,123453,0.12,1423686914.0,0,UNLIKELY,False,,54b306738d090e5accf5d4bd805071a5d8601d50a76819350f17fa2a52e9d418,9
2\Althorp gardens_files\82103475.jpg,82103475.jpg,.jpg,image,49886,0.05,1423686808.0,0,UNLIKELY,False,,56451ae264aecfe686c6dcb4c204a4c278c2163a842fecd1a2ab364894c30138,3
2\Althorp gardens_files\82103485.jpg,82103485.jpg,.jpg,image,26897,0.03,1423686806.0,0,UNLIKELY,False,,e93eb57d620e54b1d68a6635756d090b6c912430ef4508c32660338d6071ec87,3
2\Althorp gardens_files\82103497.jpg,82103497.jpg,.jpg,image,33582,0.03,1423686808.0,0,UNLIKELY,False,,ced0c5539db8f2dc4c4c208d4d834e6e8cac96636429703d485b1cccd5c41abb,3
2\Althorp gardens_files\82103509.jpg,82103509.jpg,.jpg,image,29683,0.03,1423686806.0,0,UNLIKELY,False,,e3eacc40ed3c8bf593e8d728ae0f82590630a95ac095a6c4f6502391e11055ce,3
2\Althorp gardens_files\82103516.jpg,82103516.jpg,.jpg,image,27303,0.03,1423686806.0,0,UNLIKELY,False,,188ba35369f7b54d2e00e142f7d5863b25e444422d50aced4ec6b112e03d6b99,3
2\Althorp gardens_files\82103529.jpg,82103529.jpg,.jpg,image,25821,0.02,1423686806.0,0,UNLIKELY,False,,e584d63b82cfd3c941e7baec93513913ebaefdda4a6d54b676dae2de1567b25f,3
2\Althorp gardens_files\82103540.jpg,82103540.jpg,.jpg,image,35013,0.03,1423686808.0,0,UNLIKELY,False,,74bd50be549ecdd2b76de8bc7e5742b07d0fb59deb8fe4013189d19eebefe2f8,3
2\Althorp gardens_files\82104383.jpg,82104383.jpg,.jpg,image,137256,0.13,1423686806.0,0,UNLIKELY,False,,f538b15b7f749b8de8fd01a57701504fe26e0e8b8283a6edd37f16297e559e3e,1
2\Althorp gardens_files\82104383_002.jpg,82104383_002.jpg,.jpg,image,362536,0.35,1423686806.0,0,UNLIKELY,False,,bca79f60d7e5ae85a704a5fcf5ca0eaa0783901c994172a86ac8d93d9ee3db51,1
2\Althorp gardens_files\82104383_003.jpg,82104383_003.jpg,.jpg,image,40163,0.04,1423686806.0,0,UNLIKELY,False,,2672990e5a1683d40faa542ddadcf5a1bb6913c48ee9a752d18558f81478777c,2
2\Althorp gardens_files\82104390.jpg,82104390.jpg,.jpg,image,40723,0.04,1423686806.0,0,UNLIKELY,False,,c7bdca9c3e8128d0a47d01854ca351186d328fbb249f5d022b5a4eb37c1cbb36,3
2\Althorp gardens_files\82104397.jpg,82104397.jpg,.jpg,image,43168,0.04,1423686806.0,0,UNLIKELY,False,,2e5493df506969c9bf4dd3b9af7477ebdd5a317ec934126cc5351f4fa69c9d26,3
2\Althorp gardens_files\acrylic.css,acrylic.css,.css,other,46590,0.04,1423686804.0,0,UNLIKELY,False,,258823fb60255840ab1ba94d6b9b508bc740fff43498f682dce3d82eb4a65089,9
2\Althorp gardens_files\back.png,back.png,.png,image,157,0.0,1423686806.0,0,UNLIKELY,False,,30994cd80b5d1fba096d79d498307080802ee138b52a9737e6ccdfcc1a47ce92,9
2\Althorp gardens_files\commonutilcontrolsplaces_impl.js,commonutilcontrolsplaces_impl.js,.js,other,346104,0.33,1423686804.0,0,UNLIKELY,False,,5390a2ede14d0a08d3354ff7c4147db1b143880cb4247b87f5fd6f94a71be8a3,8
2\Althorp gardens_files\css.css,css.css,.css,other,983,0.0,1423686802.0,0,UNLIKELY,False,,cb790f3fa1ea976f8706efe315d1f1752d8bf24c1a621378a7346d7afdbf795d,8
2\Althorp gardens_files\details.png,details.png,.png,image,204,0.0,1423686806.0,0,UNLIKELY,False,,1fdceb5a10013dbe71d0146ad26faebf14abed4024838474f8ea84c5d5764bdd,9
2\Althorp gardens_files\fullscreen.png,fullscreen.png,.png,image,260,0.0,1423686806.0,0,UNLIKELY,False,,dc816e5b35970beb38725b71cefc119d5f3169b530c12bea493a2648462c72b5,9
2\Althorp gardens_files\ga.js,ga.js,.js,other,41118,0.04,1423686804.0,0,UNLIKELY,False,,1517a7291919ceb27da4558ff407cf08251b8355d217d01ba595b739b39c66bf,3
2\Althorp gardens_files\jquery-history.js,jquery-history.js,.js,other,6672,0.01,1423686804.0,0,UNLIKELY,False,,da06129848488ba4a0a4e46284a0e47707ab3a130912d73c5b964bc2f7f4a225,9
2\Althorp gardens_files\jquery.js,jquery.js,.js,other,85925,0.08,1423686804.0,0,UNLIKELY,False,,8f0a19ee8c606b35a10904951e0a27da1896eafe33c6e88cb7bcbe455f05a24a,9
2\Althorp gardens_files\js,js,[none],other,4446,0.0,1423686804.0,0,UNLIKELY,False,,679fa6ae0a4c959503fc19d54f4e5c4d0f154f46116a6966bf643bd8b89bd5fa,3
2\Althorp gardens_files\left_arrow.png,left_arrow.png,.png,image,737,0.0,1423686804.0,0,UNLIKELY,False,,5112078a4a07678dd156284c17662f1a789803861a0253cbd729f443f5162187,18
2\Althorp gardens_files\left_arrow_002.png,left_arrow_002.png,.png,image,737,0.0,1423686804.0,0,UNLIKELY,False,,5112078a4a07678dd156284c17662f1a789803861a0253cbd729f443f5162187,18
2\Althorp gardens_files\list_mode.png,list_mode.png,.png,image,133,0.0,1423686804.0,0,UNLIKELY,False,,b39a1c2804fa10705e5307febde45b8f6eab595f3881907220479ae66395507b,9
2\Althorp gardens_files\main.js,main.js,.js,other,55597,0.05,1423686806.0,0,UNLIKELY,False,,5903e0c66f740711466e4dd05da837b32138ee29b07f079c01d2e113ae4b8f90,8
2\Althorp gardens_files\next.png,next.png,.png,image,154,0.0,1423686806.0,0,UNLIKELY,False,,270763715e925f65081ab926b1b6711d48db3164f020e49ed9f4fcd6584cdcb4,9
2\Althorp gardens_files\order.png,order.png,.png,image,198,0.0,1423686806.0,0,UNLIKELY,False,,ac0a4d0d394e4232353081e0916b4829c8ab79027dea916677d563db20d8c9cc,9
2\Althorp gardens_files\original.png,original.png,.png,image,212,0.0,1423686806.0,0,UNLIKELY,False,,ff84ece113326a6d48ae4d698693b054de1b88cc80860c535f62d3044fde4777,9
2\Althorp gardens_files\panoramio.js,panoramio.js,.js,other,546595,0.52,1423686804.0,0,UNLIKELY,False,,7ac84c2068090a07402236461b9becb706c656a2c84715eaa337b552c32f1009,9
2\Althorp gardens_files\places.js,places.js,.js,other,1578,0.0,1423686804.0,0,UNLIKELY,False,,09b7f2464a5be3bcccc06383fa0bcb078028e0b248fe03f5adcb736d5c29986b,8
2\Althorp gardens_files\previous.png,previous.png,.png,image,154,0.0,1423686806.0,0,UNLIKELY,False,,c577d3712f660bf8df7a196039f5d47c5ef0875097ce6af7c0ea4d340c892a6d,9
2\Althorp gardens_files\right_arrow.png,right_arrow.png,.png,image,730,0.0,1423686804.0,0,UNLIKELY,False,,1002899381b7da5fbe947a79562379dbc80f475d0d067d0ad6a1c5f63d535b54,18
2\Althorp gardens_files\right_arrow_002.png,right_arrow_002.png,.png,image,730,0.0,1423686804.0,0,UNLIKELY,False,,1002899381b7da5fbe947a79562379dbc80f475d0d067d0ad6a1c5f63d535b54,18
2\Althorp gardens_files\screen_interim.css,screen_interim.css,.css,other,160003,0.15,1423686804.0,0,UNLIKELY,False,,66c0cdd78f815e0e52a70f93819148838c51a06f46db8de47b9d40671c1f4900,9
2\Althorp gardens_files\search.js,search.js,.js,other,441,0.0,1423686804.0,0,UNLIKELY,False,,d5b0a4084c7780c2294b5d53ffef43d7dd96fd991a0bdb84d1144c75f553209d,8
2\Althorp gardens_files\slide_pause.png,slide_pause.png,.png,image,167,0.0,1423686806.0,0,UNLIKELY,False,,bd3cea25970fd7d32de043dbdc533a74fb4a3c006eeebf73a127e7a246b37e9f,9
2\Althorp gardens_files\slide_play.png,slide_play.png,.png,image,233,0.0,1423686806.0,0,UNLIKELY,False,,02f46cf17a587070b5e204bce581c8d8c12452b22b713985fe43750837946942,9
2\Althorp gardens_files\slide_repeat.png,slide_repeat.png,.png,image,358,0.0,1423686804.0,0,UNLIKELY,False,,b219894cd4370d4d3c5c0a07e1ba54be29997749ffb40208cf109a7e14fde12b,9
2\Althorp gardens_files\slide_to_start.png,slide_to_start.png,.png,image,238,0.0,1423686806.0,0,UNLIKELY,False,,525f697afc1b1e90dceac1f2ac0fc0d875ba67771e9bd8be0cfd30a2277420d6,9
2\Althorp gardens_files\stats.js,stats.js,.js,other,6401,0.01,1423686804.0,0,UNLIKELY,False,,184ecc87e835c22a2833b62331dc6fbcb0a26d85d1f70847a6f5a7cadea2ba80,8
2\Althorp gardens_files\user_avatar.png,user_avatar.png,.png,image,1968,0.0,1423686806.0,0,UNLIKELY,False,,4766df86768cb96afec1f1aa871bb7a6453706146c979ac2ffbad77c87bb3404,9
2\Althorp gardens_files\wapi.js,wapi.js,.js,other,123453,0.12,1423686802.0,0,UNLIKELY,False,,54b306738d090e5accf5d4bd805071a5d8601d50a76819350f17fa2a52e9d418,9
2\BLUNDER FROM NEAR THE BRIDGE_files\48962826.jpg,48962826.jpg,.jpg,image,36273,0.03,1423850290.0,0,UNLIKELY,False,,7eb52e5ceec8a01fc42f55d67712923a99c545be4bd4096819e4a6d34f1a8ee7,1
2\BLUNDER FROM NEAR THE BRIDGE_files\48963303.jpg,48963303.jpg,.jpg,image,44522,0.04,1423850290.0,0,UNLIKELY,False,,028f09f30c479b77c19f093253a3398648cbb52ee154140c04a910267b08cfe0,1
2\BLUNDER FROM NEAR THE BRIDGE_files\48963422.jpg,48963422.jpg,.jpg,image,36043,0.03,1423850290.0,0,UNLIKELY,False,,1e92e53a35db0c6b2191992fa9dd1ce890d97f9121779cb88899640938e837f5,1
2\BLUNDER FROM NEAR THE BRIDGE_files\48963743.jpg,48963743.jpg,.jpg,image,37611,0.04,1423850290.0,0,UNLIKELY,False,,a3cb1a5628c3bbf2c4e448ed084f347129992eb09966107572cd67a2a98b4ee8,1
2\BLUNDER FROM NEAR THE BRIDGE_files\48964084.jpg,48964084.jpg,.jpg,image,38187,0.04,1423850290.0,0,UNLIKELY,False,,e5f783f6b00e40c01fcceb32f042845ade5abe548ef05ddf18dd7757ef1848db,1
2\BLUNDER FROM NEAR THE BRIDGE_files\48964214.jpg,48964214.jpg,.jpg,image,21684,0.02,1423850290.0,0,UNLIKELY,False,,922885b75f1f669b9d69de82049138f4a5b6776fd0c5538432aa29fdc5ae0ce8,1
2\BLUNDER FROM NEAR THE BRIDGE_files\48992081.jpg,48992081.jpg,.jpg,image,30002,0.03,1423850290.0,0,UNLIKELY,False,,92ea21b41902a1236399a91897f9393e12d826fb5ce0acad9b452b0a63e17a31,1
2\BLUNDER FROM NEAR THE BRIDGE_files\48992200.jpg,48992200.jpg,.jpg,image,29077,0.03,1423850290.0,0,UNLIKELY,False,,73110d1a163ba9d4beace2361697cd29ca4cfca1332ee05feec7086184c6fecb,1
2\BLUNDER FROM NEAR THE BRIDGE_files\49006251.jpg,49006251.jpg,.jpg,image,46905,0.04,1423850290.0,0,UNLIKELY,False,,f35e99949309b75804f7c93698066c8667756e837e340433f6f38805c5edeac7,1
2\BLUNDER FROM NEAR THE BRIDGE_files\49006265.jpg,49006265.jpg,.jpg,image,490878,0.47,1423850288.0,0,UNLIKELY,False,,3444111e36476f1a4dc4852888cc646cb96f38edb7f7f2138301f7a3a20ad2fe,1
2\BLUNDER FROM NEAR THE BRIDGE_files\49006265_002.jpg,49006265_002.jpg,.jpg,image,210833,0.2,1423850290.0,0,UNLIKELY,False,,e7279b529ece60ae536c0d648cc9648e604affdbd085fa2a5be3ee06473b3fbe,1
2\BLUNDER FROM NEAR THE BRIDGE_files\49006265_003.jpg,49006265_003.jpg,.jpg,image,55435,0.05,1423850290.0,0,UNLIKELY,False,,2fc67c2c8bf765da43dde955606e6460174622412981fdc64f3c01ad27d667c2,2
2\BLUNDER FROM NEAR THE BRIDGE_files\acrylic.css,acrylic.css,.css,other,46590,0.04,1423850288.0,0,UNLIKELY,False,,258823fb60255840ab1ba94d6b9b508bc740fff43498f682dce3d82eb4a65089,9
2\BLUNDER FROM NEAR THE BRIDGE_files\back.png,back.png,.png,image,157,0.0,1423850290.0,0,UNLIKELY,False,,30994cd80b5d1fba096d79d498307080802ee138b52a9737e6ccdfcc1a47ce92,9
2\BLUNDER FROM NEAR THE BRIDGE_files\commonutilcontrolsplaces_impl.js,commonutilcontrolsplaces_impl.js,.js,other,346104,0.33,1423850286.0,0,UNLIKELY,False,,5390a2ede14d0a08d3354ff7c4147db1b143880cb4247b87f5fd6f94a71be8a3,8
2\BLUNDER FROM NEAR THE BRIDGE_files\css.css,css.css,.css,other,983,0.0,1423850286.0,0,UNLIKELY,False,,cb790f3fa1ea976f8706efe315d1f1752d8bf24c1a621378a7346d7afdbf795d,8
2\BLUNDER FROM NEAR THE BRIDGE_files\details.png,details.png,.png,image,204,0.0,1423850288.0,0,UNLIKELY,False,,1fdceb5a10013dbe71d0146ad26faebf14abed4024838474f8ea84c5d5764bdd,9
2\BLUNDER FROM NEAR THE BRIDGE_files\fullscreen.png,fullscreen.png,.png,image,260,0.0,1423850290.0,0,UNLIKELY,False,,dc816e5b35970beb38725b71cefc119d5f3169b530c12bea493a2648462c72b5,9
2\BLUNDER FROM NEAR THE BRIDGE_files\ga.js,ga.js,.js,other,40916,0.04,1423850288.0,0,UNLIKELY,False,,54210e4001e71dc204bdd71ff0a24f5c5526d5a9d652053464af3f270593eb89,6
2\BLUNDER FROM NEAR THE BRIDGE_files\jquery-history.js,jquery-history.js,.js,other,6672,0.01,1423850288.0,0,UNLIKELY,False,,da06129848488ba4a0a4e46284a0e47707ab3a130912d73c5b964bc2f7f4a225,9
2\BLUNDER FROM NEAR THE BRIDGE_files\jquery.js,jquery.js,.js,other,85925,0.08,1423850288.0,0,UNLIKELY,False,,8f0a19ee8c606b35a10904951e0a27da1896eafe33c6e88cb7bcbe455f05a24a,9
2\BLUNDER FROM NEAR THE BRIDGE_files\js,js,[none],other,4446,0.0,1423850288.0,0,UNLIKELY,False,,6591ce2c27a9b9bcdbd4d7c1297a06f13a567621905f8275c7126a11263064a7,5
2\BLUNDER FROM NEAR THE BRIDGE_files\left_arrow.png,left_arrow.png,.png,image,737,0.0,1423850286.0,0,UNLIKELY,False,,5112078a4a07678dd156284c17662f1a789803861a0253cbd729f443f5162187,18
2\BLUNDER FROM NEAR THE BRIDGE_files\left_arrow_002.png,left_arrow_002.png,.png,image,737,0.0,1423850286.0,0,UNLIKELY,False,,5112078a4a07678dd156284c17662f1a789803861a0253cbd729f443f5162187,18
2\BLUNDER FROM NEAR THE BRIDGE_files\list_mode.png,list_mode.png,.png,image,133,0.0,1423850286.0,0,UNLIKELY,False,,b39a1c2804fa10705e5307febde45b8f6eab595f3881907220479ae66395507b,9
2\BLUNDER FROM NEAR THE BRIDGE_files\main.js,main.js,.js,other,55597,0.05,1423850290.0,0,UNLIKELY,False,,5903e0c66f740711466e4dd05da837b32138ee29b07f079c01d2e113ae4b8f90,8
2\BLUNDER FROM NEAR THE BRIDGE_files\next.png,next.png,.png,image,154,0.0,1423850290.0,0,UNLIKELY,False,,270763715e925f65081ab926b1b6711d48db3164f020e49ed9f4fcd6584cdcb4,9
2\BLUNDER FROM NEAR THE BRIDGE_files\order.png,order.png,.png,image,198,0.0,1423850290.0,0,UNLIKELY,False,,ac0a4d0d394e4232353081e0916b4829c8ab79027dea916677d563db20d8c9cc,9
2\BLUNDER FROM NEAR THE BRIDGE_files\original.png,original.png,.png,image,212,0.0,1423850290.0,0,UNLIKELY,False,,ff84ece113326a6d48ae4d698693b054de1b88cc80860c535f62d3044fde4777,9
2\BLUNDER FROM NEAR THE BRIDGE_files\panoramio.js,panoramio.js,.js,other,546595,0.52,1423850288.0,0,UNLIKELY,False,,7ac84c2068090a07402236461b9becb706c656a2c84715eaa337b552c32f1009,9
2\BLUNDER FROM NEAR THE BRIDGE_files\places.js,places.js,.js,other,1578,0.0,1423850288.0,0,UNLIKELY,False,,09b7f2464a5be3bcccc06383fa0bcb078028e0b248fe03f5adcb736d5c29986b,8
2\BLUNDER FROM NEAR THE BRIDGE_files\previous.png,previous.png,.png,image,154,0.0,1423850288.0,0,UNLIKELY,False,,c577d3712f660bf8df7a196039f5d47c5ef0875097ce6af7c0ea4d340c892a6d,9
2\BLUNDER FROM NEAR THE BRIDGE_files\right_arrow.png,right_arrow.png,.png,image,730,0.0,1423850286.0,0,UNLIKELY,False,,1002899381b7da5fbe947a79562379dbc80f475d0d067d0ad6a1c5f63d535b54,18
2\BLUNDER FROM NEAR THE BRIDGE_files\right_arrow_002.png,right_arrow_002.png,.png,image,730,0.0,1423850286.0,0,UNLIKELY,False,,1002899381b7da5fbe947a79562379dbc80f475d0d067d0ad6a1c5f63d535b54,18
2\BLUNDER FROM NEAR THE BRIDGE_files\screen_interim.css,screen_interim.css,.css,other,160003,0.15,1423850286.0,0,UNLIKELY,False,,66c0cdd78f815e0e52a70f93819148838c51a06f46db8de47b9d40671c1f4900,9
2\BLUNDER FROM NEAR THE BRIDGE_files\search.js,search.js,.js,other,441,0.0,1423850288.0,0,UNLIKELY,False,,d5b0a4084c7780c2294b5d53ffef43d7dd96fd991a0bdb84d1144c75f553209d,8
2\BLUNDER FROM NEAR THE BRIDGE_files\slide_pause.png,slide_pause.png,.png,image,167,0.0,1423850288.0,0,UNLIKELY,False,,bd3cea25970fd7d32de043dbdc533a74fb4a3c006eeebf73a127e7a246b37e9f,9
2\BLUNDER FROM NEAR THE BRIDGE_files\slide_play.png,slide_play.png,.png,image,233,0.0,1423850288.0,0,UNLIKELY,False,,02f46cf17a587070b5e204bce581c8d8c12452b22b713985fe43750837946942,9
2\BLUNDER FROM NEAR THE BRIDGE_files\slide_repeat.png,slide_repeat.png,.png,image,358,0.0,1423850286.0,0,UNLIKELY,False,,b219894cd4370d4d3c5c0a07e1ba54be29997749ffb40208cf109a7e14fde12b,9
2\BLUNDER FROM NEAR THE BRIDGE_files\slide_to_start.png,slide_to_start.png,.png,image,238,0.0,1423850288.0,0,UNLIKELY,False,,525f697afc1b1e90dceac1f2ac0fc0d875ba67771e9bd8be0cfd30a2277420d6,9
2\BLUNDER FROM NEAR THE BRIDGE_files\stats.js,stats.js,.js,other,6401,0.01,1423850286.0,0,UNLIKELY,False,,184ecc87e835c22a2833b62331dc6fbcb0a26d85d1f70847a6f5a7cadea2ba80,8
2\BLUNDER FROM NEAR THE BRIDGE_files\user_avatar.png,user_avatar.png,.png,image,1968,0.0,1423850288.0,0,UNLIKELY,False,,4766df86768cb96afec1f1aa871bb7a6453706146c979ac2ffbad77c87bb3404,9
2\BLUNDER FROM NEAR THE BRIDGE_files\wapi.js,wapi.js,.js,other,123453,0.12,1423850286.0,0,UNLIKELY,False,,54b306738d090e5accf5d4bd805071a5d8601d50a76819350f17fa2a52e9d418,9
2\BLUNDER MOAT ENTRANCE_files\61521804.jpg,61521804.jpg,.jpg,image,47260,0.05,1423848778.0,0,UNLIKELY,False,,a77da9f9615140939b7d96b62d5ae8bb4190b26877b20cc164dc810fea5d4429,1
2\BLUNDER MOAT ENTRANCE_files\65684248.jpg,65684248.jpg,.jpg,image,57067,0.05,1423848778.0,0,UNLIKELY,False,,fde9cb678523572765963ec7c21f6e521d11423bd942e99c60deeb4e620a2c4e,1
2\BLUNDER MOAT ENTRANCE_files\65684292.jpg,65684292.jpg,.jpg,image,47086,0.04,1423848778.0,0,UNLIKELY,False,,19fc68a25b84e80974bda662a3971f991a775aa4f258cd3302597c3eded08c89,1
2\BLUNDER MOAT ENTRANCE_files\65684336.jpg,65684336.jpg,.jpg,image,37346,0.04,1423848778.0,0,UNLIKELY,False,,8a7e0a53da7e314b5bf913ed441d1c99385e2e97acbab2c76ed6e822ab433c6d,1
2\BLUNDER MOAT ENTRANCE_files\65684376.jpg,65684376.jpg,.jpg,image,35369,0.03,1423848778.0,0,UNLIKELY,False,,e2380c4218a1eda4ae9380fdda4705215df38bd4598509fac30321c75a093f07,1
2\BLUNDER MOAT ENTRANCE_files\65776372.jpg,65776372.jpg,.jpg,image,35604,0.03,1423848778.0,0,UNLIKELY,False,,e8daec18d0525c7195d19c9018e95393f7d17c316cd00a02f2293fbad81f9927,1
2\BLUNDER MOAT ENTRANCE_files\65776407.jpg,65776407.jpg,.jpg,image,154977,0.15,1423848778.0,0,UNLIKELY,False,,96a75eae1f486f88155af9745feee93dcb931d1bcf2b561bdfab3464f904bffc,1
2\BLUNDER MOAT ENTRANCE_files\65776407_002.jpg,65776407_002.jpg,.jpg,image,38527,0.04,1423848778.0,0,UNLIKELY,False,,d08087a0b11cf8434faacbd660c2fc6e7b0078bd90ca95a0452e84191085487e,1
2\BLUNDER MOAT ENTRANCE_files\65776434.jpg,65776434.jpg,.jpg,image,40319,0.04,1423848778.0,0,UNLIKELY,False,,43b3ab82e16822cf946ee289ce153cac49968a5282edc642a5d0a1f8898b8d99,1
2\BLUNDER MOAT ENTRANCE_files\65776616.jpg,65776616.jpg,.jpg,image,55435,0.05,1423848778.0,0,UNLIKELY,False,,2fc67c2c8bf765da43dde955606e6460174622412981fdc64f3c01ad27d667c2,2
2\BLUNDER MOAT ENTRANCE_files\82486173.jpg,82486173.jpg,.jpg,image,53409,0.05,1423848778.0,0,UNLIKELY,False,,15ffa0bba6b40e6d306e877bfab17d4cefb07f16557097339969aba8851d240e,1
2\BLUNDER MOAT ENTRANCE_files\acrylic.css,acrylic.css,.css,other,46590,0.04,1423848776.0,0,UNLIKELY,False,,258823fb60255840ab1ba94d6b9b508bc740fff43498f682dce3d82eb4a65089,9
2\BLUNDER MOAT ENTRANCE_files\back.png,back.png,.png,image,157,0.0,1423848778.0,0,UNLIKELY,False,,30994cd80b5d1fba096d79d498307080802ee138b52a9737e6ccdfcc1a47ce92,9
2\BLUNDER MOAT ENTRANCE_files\commonutilcontrolsplaces_impl.js,commonutilcontrolsplaces_impl.js,.js,other,346104,0.33,1423848778.0,0,UNLIKELY,False,,5390a2ede14d0a08d3354ff7c4147db1b143880cb4247b87f5fd6f94a71be8a3,8
2\BLUNDER MOAT ENTRANCE_files\css.css,css.css,.css,other,983,0.0,1423848776.0,0,UNLIKELY,False,,cb790f3fa1ea976f8706efe315d1f1752d8bf24c1a621378a7346d7afdbf795d,8
2\BLUNDER MOAT ENTRANCE_files\details.png,details.png,.png,image,204,0.0,1423848778.0,0,UNLIKELY,False,,1fdceb5a10013dbe71d0146ad26faebf14abed4024838474f8ea84c5d5764bdd,9
2\BLUNDER MOAT ENTRANCE_files\fullscreen.png,fullscreen.png,.png,image,260,0.0,1423848778.0,0,UNLIKELY,False,,dc816e5b35970beb38725b71cefc119d5f3169b530c12bea493a2648462c72b5,9
2\BLUNDER MOAT ENTRANCE_files\ga.js,ga.js,.js,other,40916,0.04,1423848778.0,0,UNLIKELY,False,,54210e4001e71dc204bdd71ff0a24f5c5526d5a9d652053464af3f270593eb89,6
2\BLUNDER MOAT ENTRANCE_files\jquery-history.js,jquery-history.js,.js,other,6672,0.01,1423848776.0,0,UNLIKELY,False,,da06129848488ba4a0a4e46284a0e47707ab3a130912d73c5b964bc2f7f4a225,9
2\BLUNDER MOAT ENTRANCE_files\jquery.js,jquery.js,.js,other,85925,0.08,1423848776.0,0,UNLIKELY,False,,8f0a19ee8c606b35a10904951e0a27da1896eafe33c6e88cb7bcbe455f05a24a,9
2\BLUNDER MOAT ENTRANCE_files\js,js,[none],other,4446,0.0,1423848776.0,0,UNLIKELY,False,,6591ce2c27a9b9bcdbd4d7c1297a06f13a567621905f8275c7126a11263064a7,5
2\BLUNDER MOAT ENTRANCE_files\left_arrow.png,left_arrow.png,.png,image,737,0.0,1423848778.0,0,UNLIKELY,False,,5112078a4a07678dd156284c17662f1a789803861a0253cbd729f443f5162187,18
2\BLUNDER MOAT ENTRANCE_files\left_arrow_002.png,left_arrow_002.png,.png,image,737,0.0,1423848778.0,0,UNLIKELY,False,,5112078a4a07678dd156284c17662f1a789803861a0253cbd729f443f5162187,18
2\BLUNDER MOAT ENTRANCE_files\list_mode.png,list_mode.png,.png,image,133,0.0,1423848778.0,0,UNLIKELY,False,,b39a1c2804fa10705e5307febde45b8f6eab595f3881907220479ae66395507b,9
2\BLUNDER MOAT ENTRANCE_files\main.js,main.js,.js,other,55597,0.05,1423848778.0,0,UNLIKELY,False,,5903e0c66f740711466e4dd05da837b32138ee29b07f079c01d2e113ae4b8f90,8
2\BLUNDER MOAT ENTRANCE_files\next.png,next.png,.png,image,154,0.0,1423848780.0,0,UNLIKELY,False,,270763715e925f65081ab926b1b6711d48db3164f020e49ed9f4fcd6584cdcb4,9
2\BLUNDER MOAT ENTRANCE_files\order.png,order.png,.png,image,198,0.0,1423848778.0,0,UNLIKELY,False,,ac0a4d0d394e4232353081e0916b4829c8ab79027dea916677d563db20d8c9cc,9
2\BLUNDER MOAT ENTRANCE_files\original.png,original.png,.png,image,212,0.0,1423848778.0,0,UNLIKELY,False,,ff84ece113326a6d48ae4d698693b054de1b88cc80860c535f62d3044fde4777,9
2\BLUNDER MOAT ENTRANCE_files\panoramio.js,panoramio.js,.js,other,546595,0.52,1423848776.0,0,UNLIKELY,False,,7ac84c2068090a07402236461b9becb706c656a2c84715eaa337b552c32f1009,9
2\BLUNDER MOAT ENTRANCE_files\places.js,places.js,.js,other,1578,0.0,1423848776.0,0,UNLIKELY,False,,09b7f2464a5be3bcccc06383fa0bcb078028e0b248fe03f5adcb736d5c29986b,8
2\BLUNDER MOAT ENTRANCE_files\previous.png,previous.png,.png,image,154,0.0,1423848778.0,0,UNLIKELY,False,,c577d3712f660bf8df7a196039f5d47c5ef0875097ce6af7c0ea4d340c892a6d,9
2\BLUNDER MOAT ENTRANCE_files\right_arrow.png,right_arrow.png,.png,image,730,0.0,1423848778.0,0,UNLIKELY,False,,1002899381b7da5fbe947a79562379dbc80f475d0d067d0ad6a1c5f63d535b54,18
2\BLUNDER MOAT ENTRANCE_files\right_arrow_002.png,right_arrow_002.png,.png,image,730,0.0,1423848778.0,0,UNLIKELY,False,,1002899381b7da5fbe947a79562379dbc80f475d0d067d0ad6a1c5f63d535b54,18
2\BLUNDER MOAT ENTRANCE_files\screen_interim.css,screen_interim.css,.css,other,160003,0.15,1423848776.0,0,UNLIKELY,False,,66c0cdd78f815e0e52a70f93819148838c51a06f46db8de47b9d40671c1f4900,9
2\BLUNDER MOAT ENTRANCE_files\search.js,search.js,.js,other,441,0.0,1423848776.0,0,UNLIKELY,False,,d5b0a4084c7780c2294b5d53ffef43d7dd96fd991a0bdb84d1144c75f553209d,8
2\BLUNDER MOAT ENTRANCE_files\slide_pause.png,slide_pause.png,.png,image,167,0.0,1423848778.0,0,UNLIKELY,False,,bd3cea25970fd7d32de043dbdc533a74fb4a3c006eeebf73a127e7a246b37e9f,9
2\BLUNDER MOAT ENTRANCE_files\slide_play.png,slide_play.png,.png,image,233,0.0,1423848778.0,0,UNLIKELY,False,,02f46cf17a587070b5e204bce581c8d8c12452b22b713985fe43750837946942,9
2\BLUNDER MOAT ENTRANCE_files\slide_repeat.png,slide_repeat.png,.png,image,358,0.0,1423848778.0,0,UNLIKELY,False,,b219894cd4370d4d3c5c0a07e1ba54be29997749ffb40208cf109a7e14fde12b,9
2\BLUNDER MOAT ENTRANCE_files\slide_to_start.png,slide_to_start.png,.png,image,238,0.0,1423848778.0,0,UNLIKELY,False,,525f697afc1b1e90dceac1f2ac0fc0d875ba67771e9bd8be0cfd30a2277420d6,9
2\BLUNDER MOAT ENTRANCE_files\stats.js,stats.js,.js,other,6401,0.01,1423848778.0,0,UNLIKELY,False,,184ecc87e835c22a2833b62331dc6fbcb0a26d85d1f70847a6f5a7cadea2ba80,8
2\BLUNDER MOAT ENTRANCE_files\user_avatar.png,user_avatar.png,.png,image,1968,0.0,1423848778.0,0,UNLIKELY,False,,4766df86768cb96afec1f1aa871bb7a6453706146c979ac2ffbad77c87bb3404,9
2\BLUNDER MOAT ENTRANCE_files\wapi.js,wapi.js,.js,other,123453,0.12,1423848776.0,0,UNLIKELY,False,,54b306738d090e5accf5d4bd805071a5d8601d50a76819350f17fa2a52e9d418,9
"2\BLUNDER WOODS IN LACOLLE, QUE._files\36220996.jpg",36220996.jpg,.jpg,image,26919,0.03,1423850104.0,0,UNLIKELY,False,,832234db8bea0cf696f454cfca8d4f6d98ea518c429af84b16e2befaa2c3ad01,1
"2\BLUNDER WOODS IN LACOLLE, QUE._files\36294026.jpg",36294026.jpg,.jpg,image,304026,0.29,1423850104.0,0,UNLIKELY,False,,3062c64f6705dce4d00c0ff8418b5498295d52aff88fede05cdf44b174594a11,1
"2\BLUNDER WOODS IN LACOLLE, QUE._files\36294026_002.jpg",36294026_002.jpg,.jpg,image,17047,0.02,1423850104.0,0,UNLIKELY,False,,649fbffcac1a0f9ac2b1dea0cfb4bed54830eb4f3b071d5ca186eb6a77de3d6e,1
"2\BLUNDER WOODS IN LACOLLE, QUE._files\36294043.jpg",36294043.jpg,.jpg,image,50031,0.05,1423850104.0,0,UNLIKELY,False,,f8ab44cf74c6dca14d325ef11506c2c9acd8f8af416eb0dc8fda3825961be456,1
"2\BLUNDER WOODS IN LACOLLE, QUE._files\36294048.jpg",36294048.jpg,.jpg,image,19302,0.02,1423850104.0,0,UNLIKELY,False,,63221fb3ec872d81b3bcc357d23479eb6ff44aa16ceb2eb2ba592bf65e41c239,1
"2\BLUNDER WOODS IN LACOLLE, QUE._files\36326680.jpg",36326680.jpg,.jpg,image,65210,0.06,1423850104.0,0,UNLIKELY,False,,691b914fdbe2f60c24c8c009936634bd642ebc1416e6377973c9407d04fb8e4d,1
"2\BLUNDER WOODS IN LACOLLE, QUE._files\36725342.jpg",36725342.jpg,.jpg,image,64740,0.06,1423850104.0,0,UNLIKELY,False,,9bdc720dea4ce302d02abc36db6d25e6fdba151593b83ffd044bfe9e6b7ab352,1
"2\BLUNDER WOODS IN LACOLLE, QUE._files\36917077.jpg",36917077.jpg,.jpg,image,44734,0.04,1423850104.0,0,UNLIKELY,False,,5a5eb2a054b09caf7f62dd687962aa3aa0a40cb999160cf6917b7be9ea410bf4,1
"2\BLUNDER WOODS IN LACOLLE, QUE._files\36917290.jpg",36917290.jpg,.jpg,image,43569,0.04,1423850104.0,0,UNLIKELY,False,,9db66428b13e9aaddbf0b5c799cde2461101123d6de7125373a592347094d1f7,1
"2\BLUNDER WOODS IN LACOLLE, QUE._files\36917449.jpg",36917449.jpg,.jpg,image,34329,0.03,1423850104.0,0,UNLIKELY,False,,5880c2f0e319c94d568f8810fe2e14146d3b490a3eacd77da92c1ce82e245d8d,1
"2\BLUNDER WOODS IN LACOLLE, QUE._files\36998052.jpg",36998052.jpg,.jpg,image,34505,0.03,1423850104.0,0,UNLIKELY,False,,f1a1bca12f934cc84c6ed31bdd94ba62c4bb04061938a8caf4cf192d08b87116,1
"2\BLUNDER WOODS IN LACOLLE, QUE._files\6tlguWjTwWFf_mwEQp4EEkrEf9PRspTmuPaknF9DkjLnONeQmAK2Yo71M5lJ.jpg",6tlguWjTwWFf_mwEQp4EEkrEf9PRspTmuPaknF9DkjLnONeQmAK2Yo71M5lJ.jpg,.jpg,image,76232,0.07,1423850100.0,0,UNLIKELY,False,,5f33e0bb9fcb49a61ea1bc3b98f7e45a5dd4efb5e3aa4c8aad5a6440f05c0a42,1
"2\BLUNDER WOODS IN LACOLLE, QUE._files\6tlguWjTwWFf_mwEQp4EEkrEf9PRspTmuPaknF9DkjLnONeQmAK2Yo71_002.jpg",6tlguWjTwWFf_mwEQp4EEkrEf9PRspTmuPaknF9DkjLnONeQmAK2Yo71_002.jpg,.jpg,image,73378,0.07,1423850100.0,0,UNLIKELY,False,,45c726b712a244b5b89fe4b14f303f318bb2cd43efb7ecf9a35e3d54c29a55f3,1
"2\BLUNDER WOODS IN LACOLLE, QUE._files\6tlguWjTwWFf_mwEQp4EEkrEf9PRspTmuPaknF9DkjLnONeQmAK2Yo71_003.jpg",6tlguWjTwWFf_mwEQp4EEkrEf9PRspTmuPaknF9DkjLnONeQmAK2Yo71_003.jpg,.jpg,image,110567,0.11,1423850102.0,0,UNLIKELY,False,,64bc19522afc6a1302aa8257f217cea77047acba9bd2b06d96221156aa9408c5,1
"2\BLUNDER WOODS IN LACOLLE, QUE._files\6tlguWjTwWFf_mwEQp4EEkrEf9PRspTmuPaknF9DkjLnONeQmAK2Yo71_004.jpg",6tlguWjTwWFf_mwEQp4EEkrEf9PRspTmuPaknF9DkjLnONeQmAK2Yo71_004.jpg,.jpg,image,108062,0.1,1423850102.0,0,UNLIKELY,False,,5a966c2a8d57725e0a48980b30ebfa519a8d6ca240992cce6986568fc0043fa1,1
"2\BLUNDER WOODS IN LACOLLE, QUE._files\6tlguWjTwWFf_mwEQp4EEkrEf9PRspTmuPaknF9DkjLnONeQmAK2Yo71_005.jpg",6tlguWjTwWFf_mwEQp4EEkrEf9PRspTmuPaknF9DkjLnONeQmAK2Yo71_005.jpg,.jpg,image,51017,0.05,1423850104.0,0,UNLIKELY,False,,7352a18ee6fc0eb4ff824ce76591aa8726333bc1134dbf0049d71bbf08d97d78,1
"2\BLUNDER WOODS IN LACOLLE, QUE._files\6tlguWjTwWFf_mwEQp4EEkrEf9PRspTmuPaknF9DkjLnONeQmAK2Yo71_006.jpg",6tlguWjTwWFf_mwEQp4EEkrEf9PRspTmuPaknF9DkjLnONeQmAK2Yo71_006.jpg,.jpg,image,114878,0.11,1423850104.0,0,UNLIKELY,False,,d7ce0a83b55a8d7f8f6272aff4765a908efb2e409b77a113a89abccff8983fc7,1
"2\BLUNDER WOODS IN LACOLLE, QUE._files\6tlguWjTwWFf_mwEQp4EEkrEf9PRspTmuPaknF9DkjLnONeQmAK2Yo71_007.jpg",6tlguWjTwWFf_mwEQp4EEkrEf9PRspTmuPaknF9DkjLnONeQmAK2Yo71_007.jpg,.jpg,image,114078,0.11,1423850104.0,0,UNLIKELY,False,,9672fc0c737b126135517faafc26a9c2e49c72dc6396f9bf34c42cd805bd39e9,1
"2\BLUNDER WOODS IN LACOLLE, QUE._files\acrylic.css",acrylic.css,.css,other,46590,0.04,1423850100.0,0,UNLIKELY,False,,258823fb60255840ab1ba94d6b9b508bc740fff43498f682dce3d82eb4a65089,9
"2\BLUNDER WOODS IN LACOLLE, QUE._files\back.png",back.png,.png,image,157,0.0,1423850104.0,0,UNLIKELY,False,,30994cd80b5d1fba096d79d498307080802ee138b52a9737e6ccdfcc1a47ce92,9
"2\BLUNDER WOODS IN LACOLLE, QUE._files\commonutilcontrolsplaces_impl.js",commonutilcontrolsplaces_impl.js,.js,other,346104,0.33,1423850100.0,0,UNLIKELY,False,,5390a2ede14d0a08d3354ff7c4147db1b143880cb4247b87f5fd6f94a71be8a3,8
"2\BLUNDER WOODS IN LACOLLE, QUE._files\css.css",css.css,.css,other,983,0.0,1423850100.0,0,UNLIKELY,False,,cb790f3fa1ea976f8706efe315d1f1752d8bf24c1a621378a7346d7afdbf795d,8
"2\BLUNDER WOODS IN LACOLLE, QUE._files\details.png",details.png,.png,image,204,0.0,1423850102.0,0,UNLIKELY,False,,1fdceb5a10013dbe71d0146ad26faebf14abed4024838474f8ea84c5d5764bdd,9
"2\BLUNDER WOODS IN LACOLLE, QUE._files\fullscreen.png",fullscreen.png,.png,image,260,0.0,1423850104.0,0,UNLIKELY,False,,dc816e5b35970beb38725b71cefc119d5f3169b530c12bea493a2648462c72b5,9
"2\BLUNDER WOODS IN LACOLLE, QUE._files\ga.js",ga.js,.js,other,40916,0.04,1423850104.0,0,UNLIKELY,False,,54210e4001e71dc204bdd71ff0a24f5c5526d5a9d652053464af3f270593eb89,6
"2\BLUNDER WOODS IN LACOLLE, QUE._files\jquery-history.js",jquery-history.js,.js,other,6672,0.01,1423850100.0,0,UNLIKELY,False,,da06129848488ba4a0a4e46284a0e47707ab3a130912d73c5b964bc2f7f4a225,9
"2\BLUNDER WOODS IN LACOLLE, QUE._files\jquery.js",jquery.js,.js,other,85925,0.08,1423850102.0,0,UNLIKELY,False,,8f0a19ee8c606b35a10904951e0a27da1896eafe33c6e88cb7bcbe455f05a24a,9
"2\BLUNDER WOODS IN LACOLLE, QUE._files\js",js,[none],other,4446,0.0,1423850102.0,0,UNLIKELY,False,,6591ce2c27a9b9bcdbd4d7c1297a06f13a567621905f8275c7126a11263064a7,5
"2\BLUNDER WOODS IN LACOLLE, QUE._files\left_arrow.png",left_arrow.png,.png,image,737,0.0,1423850100.0,0,UNLIKELY,False,,5112078a4a07678dd156284c17662f1a789803861a0253cbd729f443f5162187,18
"2\BLUNDER WOODS IN LACOLLE, QUE._files\left_arrow_002.png",left_arrow_002.png,.png,image,737,0.0,1423850104.0,0,UNLIKELY,False,,5112078a4a07678dd156284c17662f1a789803861a0253cbd729f443f5162187,18
"2\BLUNDER WOODS IN LACOLLE, QUE._files\list_mode.png",list_mode.png,.png,image,133,0.0,1423850100.0,0,UNLIKELY,False,,b39a1c2804fa10705e5307febde45b8f6eab595f3881907220479ae66395507b,9
"2\BLUNDER WOODS IN LACOLLE, QUE._files\main.js",main.js,.js,other,55597,0.05,1423850104.0,0,UNLIKELY,False,,5903e0c66f740711466e4dd05da837b32138ee29b07f079c01d2e113ae4b8f90,8
"2\BLUNDER WOODS IN LACOLLE, QUE._files\next.png",next.png,.png,image,154,0.0,1423850102.0,0,UNLIKELY,False,,270763715e925f65081ab926b1b6711d48db3164f020e49ed9f4fcd6584cdcb4,9
"2\BLUNDER WOODS IN LACOLLE, QUE._files\order.png",order.png,.png,image,198,0.0,1423850100.0,0,UNLIKELY,False,,ac0a4d0d394e4232353081e0916b4829c8ab79027dea916677d563db20d8c9cc,9
"2\BLUNDER WOODS IN LACOLLE, QUE._files\original.png",original.png,.png,image,212,0.0,1423850104.0,0,UNLIKELY,False,,ff84ece113326a6d48ae4d698693b054de1b88cc80860c535f62d3044fde4777,9
"2\BLUNDER WOODS IN LACOLLE, QUE._files\panoramio.js",panoramio.js,.js,other,546595,0.52,1423850102.0,0,UNLIKELY,False,,7ac84c2068090a07402236461b9becb706c656a2c84715eaa337b552c32f1009,9
"2\BLUNDER WOODS IN LACOLLE, QUE._files\places.js",places.js,.js,other,1578,0.0,1423850102.0,0,UNLIKELY,False,,09b7f2464a5be3bcccc06383fa0bcb078028e0b248fe03f5adcb736d5c29986b,8
"2\BLUNDER WOODS IN LACOLLE, QUE._files\previous.png",previous.png,.png,image,154,0.0,1423850102.0,0,UNLIKELY,False,,c577d3712f660bf8df7a196039f5d47c5ef0875097ce6af7c0ea4d340c892a6d,9
"2\BLUNDER WOODS IN LACOLLE, QUE._files\right_arrow.png",right_arrow.png,.png,image,730,0.0,1423850100.0,0,UNLIKELY,False,,1002899381b7da5fbe947a79562379dbc80f475d0d067d0ad6a1c5f63d535b54,18
"2\BLUNDER WOODS IN LACOLLE, QUE._files\right_arrow_002.png",right_arrow_002.png,.png,image,730,0.0,1423850104.0,0,UNLIKELY,False,,1002899381b7da5fbe947a79562379dbc80f475d0d067d0ad6a1c5f63d535b54,18
"2\BLUNDER WOODS IN LACOLLE, QUE._files\screen_interim.css",screen_interim.css,.css,other,160003,0.15,1423850100.0,0,UNLIKELY,False,,66c0cdd78f815e0e52a70f93819148838c51a06f46db8de47b9d40671c1f4900,9
"2\BLUNDER WOODS IN LACOLLE, QUE._files\search.js",search.js,.js,other,441,0.0,1423850100.0,0,UNLIKELY,False,,d5b0a4084c7780c2294b5d53ffef43d7dd96fd991a0bdb84d1144c75f553209d,8
"2\BLUNDER WOODS IN LACOLLE, QUE._files\slide_pause.png",slide_pause.png,.png,image,167,0.0,1423850102.0,0,UNLIKELY,False,,bd3cea25970fd7d32de043dbdc533a74fb4a3c006eeebf73a127e7a246b37e9f,9
"2\BLUNDER WOODS IN LACOLLE, QUE._files\slide_play.png",slide_play.png,.png,image,233,0.0,1423850102.0,0,UNLIKELY,False,,02f46cf17a587070b5e204bce581c8d8c12452b22b713985fe43750837946942,9
"2\BLUNDER WOODS IN LACOLLE, QUE._files\slide_repeat.png",slide_repeat.png,.png,image,358,0.0,1423850104.0,0,UNLIKELY,False,,b219894cd4370d4d3c5c0a07e1ba54be29997749ffb40208cf109a7e14fde12b,9
"2\BLUNDER WOODS IN LACOLLE, QUE._files\slide_to_start.png",slide_to_start.png,.png,image,238,0.0,1423850104.0,0,UNLIKELY,False,,525f697afc1b1e90dceac1f2ac0fc0d875ba67771e9bd8be0cfd30a2277420d6,9
"2\BLUNDER WOODS IN LACOLLE, QUE._files\stats.js",stats.js,.js,other,6401,0.01,1423850102.0,0,UNLIKELY,False,,184ecc87e835c22a2833b62331dc6fbcb0a26d85d1f70847a6f5a7cadea2ba80,8
"2\BLUNDER WOODS IN LACOLLE, QUE._files\user_avatar.png",user_avatar.png,.png,image,1968,0.0,1423850102.0,0,UNLIKELY,False,,4766df86768cb96afec1f1aa871bb7a6453706146c979ac2ffbad77c87bb3404,9
"2\BLUNDER WOODS IN LACOLLE, QUE._files\wapi.js",wapi.js,.js,other,123453,0.12,1423850100.0,0,UNLIKELY,False,,54b306738d090e5accf5d4bd805071a5d8601d50a76819350f17fa2a52e9d418,9
2\DCIM\100SSCAM\S6300449.JPG,S6300449.JPG,.jpg,image,186867,0.18,1402080016.0,0,UNLIKELY,False,,afddd168cbdac4b0f94a9b205407e14d66d627153876f643057c41d4fbbcf748,1
2\Diana's Grab_files\82103475.jpg,82103475.jpg,.jpg,image,49886,0.05,1423686336.0,0,UNLIKELY,False,,56451ae264aecfe686c6dcb4c204a4c278c2163a842fecd1a2ab364894c30138,3
2\Diana's Grab_files\82103485.jpg,82103485.jpg,.jpg,image,26897,0.03,1423686336.0,0,UNLIKELY,False,,e93eb57d620e54b1d68a6635756d090b6c912430ef4508c32660338d6071ec87,3
2\Diana's Grab_files\82103497.jpg,82103497.jpg,.jpg,image,33582,0.03,1423686336.0,0,UNLIKELY,False,,ced0c5539db8f2dc4c4c208d4d834e6e8cac96636429703d485b1cccd5c41abb,3
2\Diana's Grab_files\82103509.jpg,82103509.jpg,.jpg,image,29683,0.03,1423686336.0,0,UNLIKELY,False,,e3eacc40ed3c8bf593e8d728ae0f82590630a95ac095a6c4f6502391e11055ce,3
2\Diana's Grab_files\82103516.jpg,82103516.jpg,.jpg,image,27303,0.03,1423686336.0,0,UNLIKELY,False,,188ba35369f7b54d2e00e142f7d5863b25e444422d50aced4ec6b112e03d6b99,3
2\Diana's Grab_files\82103529.jpg,82103529.jpg,.jpg,image,25821,0.02,1423686336.0,0,UNLIKELY,False,,e584d63b82cfd3c941e7baec93513913ebaefdda4a6d54b676dae2de1567b25f,3
2\Diana's Grab_files\82103540.jpg,82103540.jpg,.jpg,image,35013,0.03,1423686336.0,0,UNLIKELY,False,,74bd50be549ecdd2b76de8bc7e5742b07d0fb59deb8fe4013189d19eebefe2f8,3
2\Diana's Grab_files\82104383.jpg,82104383.jpg,.jpg,image,40163,0.04,1423686336.0,0,UNLIKELY,False,,2672990e5a1683d40faa542ddadcf5a1bb6913c48ee9a752d18558f81478777c,2
2\Diana's Grab_files\82104390.jpg,82104390.jpg,.jpg,image,40723,0.04,1423686336.0,0,UNLIKELY,False,,c7bdca9c3e8128d0a47d01854ca351186d328fbb249f5d022b5a4eb37c1cbb36,3
2\Diana's Grab_files\82104397.jpg,82104397.jpg,.jpg,image,43168,0.04,1423686336.0,0,UNLIKELY,False,,2e5493df506969c9bf4dd3b9af7477ebdd5a317ec934126cc5351f4fa69c9d26,3
2\Diana's Grab_files\82104397_002.jpg,82104397_002.jpg,.jpg,image,416108,0.4,1423686336.0,0,UNLIKELY,False,,cc99ca65bcbe86ada2f9899366a85b4e1a5db88965c61dbba37b56ee03b50477,1
2\Diana's Grab_files\82104397_003.jpg,82104397_003.jpg,.jpg,image,150875,0.14,1423686338.0,0,UNLIKELY,False,,baa3d1a2cb88bf14023b3f98e89d6b008117992931631baf9e00475c1b0b7869,1
2\Diana's Grab_files\acrylic.css,acrylic.css,.css,other,46590,0.04,1423686334.0,0,UNLIKELY,False,,258823fb60255840ab1ba94d6b9b508bc740fff43498f682dce3d82eb4a65089,9
2\Diana's Grab_files\back.png,back.png,.png,image,157,0.0,1423686336.0,0,UNLIKELY,False,,30994cd80b5d1fba096d79d498307080802ee138b52a9737e6ccdfcc1a47ce92,9
2\Diana's Grab_files\commonutilcontrolsplaces_impl.js,commonutilcontrolsplaces_impl.js,.js,other,346104,0.33,1423686336.0,0,UNLIKELY,False,,5390a2ede14d0a08d3354ff7c4147db1b143880cb4247b87f5fd6f94a71be8a3,8
2\Diana's Grab_files\css.css,css.css,.css,other,983,0.0,1423686332.0,0,UNLIKELY,False,,cb790f3fa1ea976f8706efe315d1f1752d8bf24c1a621378a7346d7afdbf795d,8
2\Diana's Grab_files\details.png,details.png,.png,image,204,0.0,1423686336.0,0,UNLIKELY,False,,1fdceb5a10013dbe71d0146ad26faebf14abed4024838474f8ea84c5d5764bdd,9
2\Diana's Grab_files\fullscreen.png,fullscreen.png,.png,image,260,0.0,1423686336.0,0,UNLIKELY,False,,dc816e5b35970beb38725b71cefc119d5f3169b530c12bea493a2648462c72b5,9
2\Diana's Grab_files\ga.js,ga.js,.js,other,41118,0.04,1423686336.0,0,UNLIKELY,False,,1517a7291919ceb27da4558ff407cf08251b8355d217d01ba595b739b39c66bf,3
2\Diana's Grab_files\jquery-history.js,jquery-history.js,.js,other,6672,0.01,1423686334.0,0,UNLIKELY,False,,da06129848488ba4a0a4e46284a0e47707ab3a130912d73c5b964bc2f7f4a225,9
2\Diana's Grab_files\jquery.js,jquery.js,.js,other,85925,0.08,1423686334.0,0,UNLIKELY,False,,8f0a19ee8c606b35a10904951e0a27da1896eafe33c6e88cb7bcbe455f05a24a,9
2\Diana's Grab_files\js,js,[none],other,4446,0.0,1423686334.0,0,UNLIKELY,False,,679fa6ae0a4c959503fc19d54f4e5c4d0f154f46116a6966bf643bd8b89bd5fa,3
2\Diana's Grab_files\left_arrow.png,left_arrow.png,.png,image,737,0.0,1423686336.0,0,UNLIKELY,False,,5112078a4a07678dd156284c17662f1a789803861a0253cbd729f443f5162187,18
2\Diana's Grab_files\left_arrow_002.png,left_arrow_002.png,.png,image,737,0.0,1423686336.0,0,UNLIKELY,False,,5112078a4a07678dd156284c17662f1a789803861a0253cbd729f443f5162187,18
2\Diana's Grab_files\list_mode.png,list_mode.png,.png,image,133,0.0,1423686334.0,0,UNLIKELY,False,,b39a1c2804fa10705e5307febde45b8f6eab595f3881907220479ae66395507b,9
2\Diana's Grab_files\main.js,main.js,.js,other,55597,0.05,1423686338.0,0,UNLIKELY,False,,5903e0c66f740711466e4dd05da837b32138ee29b07f079c01d2e113ae4b8f90,8
2\Diana's Grab_files\next.png,next.png,.png,image,154,0.0,1423686338.0,0,UNLIKELY,False,,270763715e925f65081ab926b1b6711d48db3164f020e49ed9f4fcd6584cdcb4,9
2\Diana's Grab_files\order.png,order.png,.png,image,198,0.0,1423686336.0,0,UNLIKELY,False,,ac0a4d0d394e4232353081e0916b4829c8ab79027dea916677d563db20d8c9cc,9
2\Diana's Grab_files\original.png,original.png,.png,image,212,0.0,1423686336.0,0,UNLIKELY,False,,ff84ece113326a6d48ae4d698693b054de1b88cc80860c535f62d3044fde4777,9
2\Diana's Grab_files\panoramio.js,panoramio.js,.js,other,546595,0.52,1423686334.0,0,UNLIKELY,False,,7ac84c2068090a07402236461b9becb706c656a2c84715eaa337b552c32f1009,9
2\Diana's Grab_files\places.js,places.js,.js,other,1578,0.0,1423686334.0,0,UNLIKELY,False,,09b7f2464a5be3bcccc06383fa0bcb078028e0b248fe03f5adcb736d5c29986b,8
2\Diana's Grab_files\previous.png,previous.png,.png,image,154,0.0,1423686336.0,0,UNLIKELY,False,,c577d3712f660bf8df7a196039f5d47c5ef0875097ce6af7c0ea4d340c892a6d,9
2\Diana's Grab_files\right_arrow.png,right_arrow.png,.png,image,730,0.0,1423686336.0,0,UNLIKELY,False,,1002899381b7da5fbe947a79562379dbc80f475d0d067d0ad6a1c5f63d535b54,18
2\Diana's Grab_files\right_arrow_002.png,right_arrow_002.png,.png,image,730,0.0,1423686336.0,0,UNLIKELY,False,,1002899381b7da5fbe947a79562379dbc80f475d0d067d0ad6a1c5f63d535b54,18
2\Diana's Grab_files\screen_interim.css,screen_interim.css,.css,other,160003,0.15,1423686334.0,0,UNLIKELY,False,,66c0cdd78f815e0e52a70f93819148838c51a06f46db8de47b9d40671c1f4900,9
2\Diana's Grab_files\search.js,search.js,.js,other,441,0.0,1423686334.0,0,UNLIKELY,False,,d5b0a4084c7780c2294b5d53ffef43d7dd96fd991a0bdb84d1144c75f553209d,8
2\Diana's Grab_files\slide_pause.png,slide_pause.png,.png,image,167,0.0,1423686336.0,0,UNLIKELY,False,,bd3cea25970fd7d32de043dbdc533a74fb4a3c006eeebf73a127e7a246b37e9f,9
2\Diana's Grab_files\slide_play.png,slide_play.png,.png,image,233,0.0,1423686336.0,0,UNLIKELY,False,,02f46cf17a587070b5e204bce581c8d8c12452b22b713985fe43750837946942,9
2\Diana's Grab_files\slide_repeat.png,slide_repeat.png,.png,image,358,0.0,1423686336.0,0,UNLIKELY,False,,b219894cd4370d4d3c5c0a07e1ba54be29997749ffb40208cf109a7e14fde12b,9
2\Diana's Grab_files\slide_to_start.png,slide_to_start.png,.png,image,238,0.0,1423686336.0,0,UNLIKELY,False,,525f697afc1b1e90dceac1f2ac0fc0d875ba67771e9bd8be0cfd30a2277420d6,9
2\Diana's Grab_files\stats.js,stats.js,.js,other,6401,0.01,1423686336.0,0,UNLIKELY,False,,184ecc87e835c22a2833b62331dc6fbcb0a26d85d1f70847a6f5a7cadea2ba80,8
2\Diana's Grab_files\user_avatar.png,user_avatar.png,.png,image,1968,0.0,1423686336.0,0,UNLIKELY,False,,4766df86768cb96afec1f1aa871bb7a6453706146c979ac2ffbad77c87bb3404,9
2\Diana's Grab_files\wapi.js,wapi.js,.js,other,123453,0.12,1423686332.0,0,UNLIKELY,False,,54b306738d090e5accf5d4bd805071a5d8601d50a76819350f17fa2a52e9d418,9
2\Mom&Daughter_files\a.htm,a.htm,.htm,other,125,0.0,1401076668.0,0,UNLIKELY,False,,938e66ef2d515a46a24051c7de83818bc05a11464f6e488262e4d6a1739fe3e2,4
2\Mom&Daughter_files\a.jpg,a.jpg,.jpg,image,4655,0.0,1401076660.0,0,UNLIKELY,False,,91217bceccefbd71b6f4167a573d92227df42d7009aa83ad7fccddd7668a3656,1
2\Mom&Daughter_files\AIbEiAIAAABECJWN0u6a8aL1_QEiC3ZjYXJkX3Bob3RvKig1NDMzMGY1YjE1.jpg,AIbEiAIAAABECJWN0u6a8aL1_QEiC3ZjYXJkX3Bob3RvKig1NDMzMGY1YjE1.jpg,.jpg,image,816,0.0,1401076660.0,0,UNLIKELY,False,,251f0d83ed62087df5833c876b6574faa508995f998a0c5242ee3f7f22737d83,2
2\Mom&Daughter_files\AIbEiAIAAABECJWN0u6a8aL1_QEiC3ZjYXJkX3Bob3RvKig1NDMzMGY1_002.jpg,AIbEiAIAAABECJWN0u6a8aL1_QEiC3ZjYXJkX3Bob3RvKig1NDMzMGY1_002.jpg,.jpg,image,661,0.0,1401076660.0,0,UNLIKELY,False,,c12872163f1884cc88ce8dee1370157b82905bbc3504abd090a389e41444e5c5,1
2\Mom&Daughter_files\a_002.htm,a_002.htm,.htm,other,125,0.0,1401076668.0,0,UNLIKELY,False,,938e66ef2d515a46a24051c7de83818bc05a11464f6e488262e4d6a1739fe3e2,4
2\Mom&Daughter_files\a_002.jpg,a_002.jpg,.jpg,image,1212,0.0,1401076662.0,0,UNLIKELY,False,,86b8c94a791d0a76dcacab6b38330e882d80df91f6d9123b90ab19f914cd755a,1
2\Mom&Daughter_files\a_003.jpg,a_003.jpg,.jpg,image,203878,0.19,1401076662.0,0,UNLIKELY,False,,df36219f828b57dbe7ba53c790d7af5e7f4b2a227e755bc77288e06555e3e7e1,2
2\Mom&Daughter_files\a_004.jpg,a_004.jpg,.jpg,image,203878,0.19,1401076662.0,0,UNLIKELY,False,,df36219f828b57dbe7ba53c790d7af5e7f4b2a227e755bc77288e06555e3e7e1,2
2\Mom&Daughter_files\a_005.jpg,a_005.jpg,.jpg,image,22694,0.02,1401076662.0,0,UNLIKELY,False,,a31b86695cd0c13670c20f93bd6710f2b383d47b91abfe233f7aae4b8e83d182,1
2\Mom&Daughter_files\canvas.htm,canvas.htm,.htm,other,199,0.0,1401076668.0,0,UNLIKELY,False,,d6f0da0cdd00bf57b2b4a8e29ad6af1574bb31a442a23e1af7ba55bd4d2c74e8,2
2\Mom&Daughter_files\cbgapi.loaded_0,cbgapi.loaded_0,.loaded_0,other,180968,0.17,1401076660.0,0,UNLIKELY,False,,4e11d69c292244b505255692f6e3483f253bdd92a00cafcee0c0706041e609dc,1
2\Mom&Daughter_files\cbgapi.loaded_1,cbgapi.loaded_1,.loaded_1,other,91084,0.09,1401076660.0,0,UNLIKELY,False,,b2a8b951db5af6fa437533ee9643458dd639118ea915ecbcb8a6142e975a3574,1
2\Mom&Daughter_files\cbgapi.loaded_2,cbgapi.loaded_2,.loaded_2,other,5053,0.0,1401076660.0,0,UNLIKELY,False,,c5049ee4b2416bc06a6322fe134fcf392ed8b4a8e8368b8c3b446d1652c47116,1
2\Mom&Daughter_files\cleardot.gif,cleardot.gif,.gif,image,43,0.0,1401076660.0,0,UNLIKELY,False,,b1442e85b03bdcaf66dc58c7abb98745dd2687d86350be9a298a1d9382ac849b,4
2\Mom&Daughter_files\frame.htm,frame.htm,.htm,other,25063,0.02,1401076668.0,0,UNLIKELY,False,,6ce3ddb1314e3c93e83e471d41db2efec6360b91fc34be9f80b275ea7294e195,1
2\Mom&Daughter_files\icon_1_image_x16.png,icon_1_image_x16.png,.png,image,171,0.0,1401076660.0,0,UNLIKELY,False,,b941b0f5dcedb49a622f1a4454b8a7e693747766d9541f346d993371c2b1e286,2
2\Mom&Daughter_files\icon_1_text_x128.png,icon_1_text_x128.png,.png,image,425,0.0,1401076660.0,0,UNLIKELY,False,,f3a6a3011af2f340a04f3eaee3b8a509bd7a614e6a8453bd44b62d9ceac02b60,1
2\Mom&Daughter_files\icon_1_text_x16.png,icon_1_text_x16.png,.png,image,135,0.0,1401076662.0,0,UNLIKELY,False,,c0f367e84c18de19166716a910cadaa5699406db43363c4ac8c8169019fdfde1,1
2\Mom&Daughter_files\module,module,[none],other,182739,0.17,1401076660.0,0,UNLIKELY,False,,bf9940feb597cb902efe849cfbaeeae65566e3fe7fc4264b61774ff1a45cbd99,1
2\Mom&Daughter_files\postmessageRelay.htm,postmessageRelay.htm,.htm,other,697,0.0,1401076668.0,0,UNLIKELY,False,,884f332c7532c8132837f9d70fa6e39702e84fc4be6df97db1ec645f75397137,1
2\Mom&Daughter_files\profile_mask2.png,profile_mask2.png,.png,image,164,0.0,1401076660.0,0,UNLIKELY,False,,cc7e7c2366b2e3f748da7b171be93c9831c9f9595758555c09328e8a996f23a6,1
2\Mom&Daughter_files\proxy.htm,proxy.htm,.htm,other,7383,0.01,1401076668.0,0,UNLIKELY,False,,09157b06ab4c4c56049f3898169a642691066668538944102fd57fdd618e7114,2
2\Mom&Daughter_files\proxy_002.htm,proxy_002.htm,.htm,other,7383,0.01,1401076668.0,0,UNLIKELY,False,,09157b06ab4c4c56049f3898169a642691066668538944102fd57fdd618e7114,2
2\Mom&Daughter_files\recentposts.htm,recentposts.htm,.htm,other,10508,0.01,1401076668.0,0,UNLIKELY,False,,e0e3422dfce2a3e17936e2038ffb49d8670b1f83aa60125da30d69606ce5a8cb,1
2\Mom&Daughter_files\rsAItRSTMPawXdwy1BiiKiyo0kScc49vfIpw.htm,rsAItRSTMPawXdwy1BiiKiyo0kScc49vfIpw.htm,.htm,other,1700854,1.62,1401076668.0,0,UNLIKELY,False,,af98c771b04c10f4c2253181573d1063a4eb125578dd6a72035f6c8b2871da41,1
2\Mom&Daughter_files\rsAItRSTNw1tZOG2YhCqq3S550SjkmyGfYlg,rsAItRSTNw1tZOG2YhCqq3S550SjkmyGfYlg,[none],other,151693,0.14,1401076662.0,0,UNLIKELY,False,,8c6da68e013d27fea46f80d8e094add1c85330f910629d9867f6c87966d45ca8,1
2\Mom&Daughter_files\frame_data\rsAItRSTMEDqSOskXzfRGcYnvBrDh5RTKEFQ,rsAItRSTMEDqSOskXzfRGcYnvBrDh5RTKEFQ,[none],other,83216,0.08,1401076662.0,0,UNLIKELY,False,,4574f0216a50e39e9b4cbcba09a636d78c4b87df2d0a3d69a9743852c3fa7d4f,1
2\Mom&Daughter_files\frame_data\rsAItRSTMJT-9tvWR4LLKQiHCBn8kMMiXeaw.css,rsAItRSTMJT-9tvWR4LLKQiHCBn8kMMiXeaw.css,.css,other,37167,0.04,1401076662.0,0,UNLIKELY,False,,bd6ed2241c35bdd1070ad1787e88e9713789806aaf9c9797b7e87a87add8588a,1
2\Mom&Daughter_files\postmessageRelay_data\682094929-postmessagerelay.js,682094929-postmessagerelay.js,.js,other,6043,0.01,1401076660.0,0,UNLIKELY,False,,e4c7a01233a49dd8acea84dfa211b386c0d9a9a7bc5cd5730546f84cd7896d09,2
2\Mom&Daughter_files\postmessageRelay_data\api.js,api.js,.js,other,11615,0.01,1401076660.0,0,UNLIKELY,False,,49a74608199bff04d2fd511b8c201e34b095e87f596fcc2d1f90b3a381ff0af2,1
2\Mom&Daughter_files\postmessageRelay_data\corerpcshindig.js,corerpcshindig.js,.js,other,68179,0.07,1401076660.0,0,UNLIKELY,False,,25a0b4cc2caeb1e8fc26839684940be3261365a28aa00992e86093f8eb9e9747,3
2\Mom&Daughter_files\proxy_data\cbgapi.loaded_0,cbgapi.loaded_0,.loaded_0,other,39782,0.04,1401076660.0,0,UNLIKELY,False,,223236168225bcf0b37dd244452c610443bd451587a84c7c0e0ff54a078df1fa,1
2\Mom&Daughter_files\recentposts_data\rsAItRSTNCe-yHT3XHfA6YC_5ZtKz_DhC2mg,rsAItRSTNCe-yHT3XHfA6YC_5ZtKz_DhC2mg,[none],other,307479,0.29,1401076660.0,0,UNLIKELY,False,,fe03e6dce919d84bab4d6886a1d8afb2b3d9ee01bffd796f59db612fb03bfd5c,1
2\Mom&Daughter_files\recentposts_data\rsAItRSTO1FV7NNM6ScFolZ5nt9vJdVwO_ag.css,rsAItRSTO1FV7NNM6ScFolZ5nt9vJdVwO_ag.css,.css,other,22864,0.02,1401076660.0,0,UNLIKELY,False,,cfe3ad8a53858e10477cfd2d638d6662d27f6ad6017cf373272cd7da1ca7440b,1
2\mousehole_files\72689343.jpg,72689343.jpg,.jpg,image,70020,0.07,1417273408.0,0,UNLIKELY,False,,679132e7c67e0035fe01e05bf8c321594113a52d6ad21ef848a75fa44a4b481e,1
2\mousehole_files\72689346.jpg,72689346.jpg,.jpg,image,54913,0.05,1417273408.0,0,UNLIKELY,False,,c80a2d68d65cb319a0bf526fc88722d025b4931ac287e76554f756f9b09a639f,1
2\mousehole_files\72689352.jpg,72689352.jpg,.jpg,image,57022,0.05,1417273408.0,0,UNLIKELY,False,,c897aeae446b9e44a324a2d27b64f92e92789a58a2dcd79dbd964ba806b78baa,1
2\mousehole_files\73006443.jpg,73006443.jpg,.jpg,image,67489,0.06,1417273408.0,0,UNLIKELY,False,,2fdda55a60bb87d00fe5bf28efe9fb095a7112994d8f219b6cbf98e338a1bd62,1
2\mousehole_files\73006446.jpg,73006446.jpg,.jpg,image,76866,0.07,1417273408.0,0,UNLIKELY,False,,e836314abe7a35bc9ec2ee0b76e13eae3719d38b46e5898928410c2517c3f844,1
2\mousehole_files\73006448.jpg,73006448.jpg,.jpg,image,12169,0.01,1417273410.0,0,UNLIKELY,False,,d1416622a2ded0562cffbed62a9a37db4f6edc7bd714cb9882647cc353a0ca3f,1
2\mousehole_files\73006455.jpg,73006455.jpg,.jpg,image,79729,0.08,1417273408.0,0,UNLIKELY,False,,ae0518e348c55b19f85be98257c861a143856f87a3a3ffcee29a8fc4f6348303,1
2\mousehole_files\73006463.jpg,73006463.jpg,.jpg,image,43083,0.04,1417273408.0,0,UNLIKELY,False,,6186968d32f5ce8d3b0fde5663215b9b178bb279549036affd1627d5aed7bdc5,1
2\mousehole_files\73006469.jpg,73006469.jpg,.jpg,image,54797,0.05,1417273410.0,0,UNLIKELY,False,,e127e3fba738943cdd70597e4ca3fe394aeb85a1e05812f3cbc331f2ab929e16,1
2\mousehole_files\73129929.jpg,73129929.jpg,.jpg,image,58274,0.06,1417273410.0,0,UNLIKELY,False,,d68720fbcd53999711d630b236343a705be84d0e3a3a75b10163a52a7255a03a,1
2\mousehole_files\73129954.jpg,73129954.jpg,.jpg,image,189596,0.18,1417273408.0,0,UNLIKELY,False,,f67b431d40c97ecc7dbbb3dffd3fb1ba15acd2f113e32d6004b0fb7b998ef67a,1
2\mousehole_files\73129954_002.jpg,73129954_002.jpg,.jpg,image,58705,0.06,1417273408.0,0,UNLIKELY,False,,b30bbeb69101d387d15d96a66a5ae86feb9446ae6dcc4a9569e7535bfd76fac0,1
2\mousehole_files\73129954_003.jpg,73129954_003.jpg,.jpg,image,274887,0.26,1417273412.0,0,UNLIKELY,False,,30eab1abdd4392925fd51b6a97c807472b790e661cafc642f58943f71d0b3398,1
2\mousehole_files\73130296.jpg,73130296.jpg,.jpg,image,35777,0.03,1417273408.0,0,UNLIKELY,False,,476f924fec196066fbfe760adcd0dc1dfe7c59547581dcb8d57302d6bcd6384f,1
2\mousehole_files\acrylic.css,acrylic.css,.css,other,46590,0.04,1417273410.0,0,UNLIKELY,False,,258823fb60255840ab1ba94d6b9b508bc740fff43498f682dce3d82eb4a65089,9
2\mousehole_files\back.png,back.png,.png,image,157,0.0,1417273408.0,0,UNLIKELY,False,,30994cd80b5d1fba096d79d498307080802ee138b52a9737e6ccdfcc1a47ce92,9
2\mousehole_files\commonutilcontrolsplaces_impl.js,commonutilcontrolsplaces_impl.js,.js,other,332417,0.32,1417273412.0,0,UNLIKELY,False,,263c335b67ab34c2fa8e849c34189b669be216471404a45cb75702ad949b2c9b,1
2\mousehole_files\css.css,css.css,.css,other,701,0.0,1417273408.0,0,UNLIKELY,False,,d3e81f7d2d3b075d6e140859141734f4b716b2f26dc5af3592d9a5679578c5b8,1
2\mousehole_files\details.png,details.png,.png,image,204,0.0,1417273410.0,0,UNLIKELY,False,,1fdceb5a10013dbe71d0146ad26faebf14abed4024838474f8ea84c5d5764bdd,9
2\mousehole_files\fullscreen.png,fullscreen.png,.png,image,260,0.0,1417273412.0,0,UNLIKELY,False,,dc816e5b35970beb38725b71cefc119d5f3169b530c12bea493a2648462c72b5,9
2\mousehole_files\ga.js,ga.js,.js,other,40937,0.04,1417273410.0,0,UNLIKELY,False,,653e7cf0591c3856565188ac0fe9b6baa746f318b2cd4f205ac4e08a76edf338,1
2\mousehole_files\jquery-history.js,jquery-history.js,.js,other,6672,0.01,1417273410.0,0,UNLIKELY,False,,da06129848488ba4a0a4e46284a0e47707ab3a130912d73c5b964bc2f7f4a225,9
2\mousehole_files\jquery.js,jquery.js,.js,other,85925,0.08,1417273412.0,0,UNLIKELY,False,,8f0a19ee8c606b35a10904951e0a27da1896eafe33c6e88cb7bcbe455f05a24a,9
2\mousehole_files\js,js,[none],other,4261,0.0,1417273412.0,0,UNLIKELY,False,,f168fbcc7b881ae3a7c19012dc9cfb361fe82f1552182f07780d721b7a4d852c,1
2\mousehole_files\left_arrow.png,left_arrow.png,.png,image,737,0.0,1417273408.0,0,UNLIKELY,False,,5112078a4a07678dd156284c17662f1a789803861a0253cbd729f443f5162187,18
2\mousehole_files\left_arrow_002.png,left_arrow_002.png,.png,image,737,0.0,1417273412.0,0,UNLIKELY,False,,5112078a4a07678dd156284c17662f1a789803861a0253cbd729f443f5162187,18
2\mousehole_files\list_mode.png,list_mode.png,.png,image,133,0.0,1417273408.0,0,UNLIKELY,False,,b39a1c2804fa10705e5307febde45b8f6eab595f3881907220479ae66395507b,9
2\mousehole_files\mainplacessearch.js,mainplacessearch.js,.js,other,57530,0.05,1417273410.0,0,UNLIKELY,False,,5c88daf7bfbceee3aa39b71525a6e09cc89d63b84ce23bbab20164a019f7029e,1
2\mousehole_files\next.png,next.png,.png,image,154,0.0,1417273412.0,0,UNLIKELY,False,,270763715e925f65081ab926b1b6711d48db3164f020e49ed9f4fcd6584cdcb4,9
2\mousehole_files\order.png,order.png,.png,image,198,0.0,1417273410.0,0,UNLIKELY,False,,ac0a4d0d394e4232353081e0916b4829c8ab79027dea916677d563db20d8c9cc,9
2\mousehole_files\original.png,original.png,.png,image,212,0.0,1417273412.0,0,UNLIKELY,False,,ff84ece113326a6d48ae4d698693b054de1b88cc80860c535f62d3044fde4777,9
2\mousehole_files\panoramio.js,panoramio.js,.js,other,546595,0.52,1417273412.0,0,UNLIKELY,False,,7ac84c2068090a07402236461b9becb706c656a2c84715eaa337b552c32f1009,9
2\mousehole_files\previous.png,previous.png,.png,image,154,0.0,1417273410.0,0,UNLIKELY,False,,c577d3712f660bf8df7a196039f5d47c5ef0875097ce6af7c0ea4d340c892a6d,9
2\mousehole_files\right_arrow.png,right_arrow.png,.png,image,730,0.0,1417273410.0,0,UNLIKELY,False,,1002899381b7da5fbe947a79562379dbc80f475d0d067d0ad6a1c5f63d535b54,18
2\mousehole_files\right_arrow_002.png,right_arrow_002.png,.png,image,730,0.0,1417273410.0,0,UNLIKELY,False,,1002899381b7da5fbe947a79562379dbc80f475d0d067d0ad6a1c5f63d535b54,18
2\mousehole_files\screen_interim.css,screen_interim.css,.css,other,160003,0.15,1417273410.0,0,UNLIKELY,False,,66c0cdd78f815e0e52a70f93819148838c51a06f46db8de47b9d40671c1f4900,9
2\mousehole_files\slide_pause.png,slide_pause.png,.png,image,167,0.0,1417273410.0,0,UNLIKELY,False,,bd3cea25970fd7d32de043dbdc533a74fb4a3c006eeebf73a127e7a246b37e9f,9
2\mousehole_files\slide_play.png,slide_play.png,.png,image,233,0.0,1417273410.0,0,UNLIKELY,False,,02f46cf17a587070b5e204bce581c8d8c12452b22b713985fe43750837946942,9
2\mousehole_files\slide_repeat.png,slide_repeat.png,.png,image,358,0.0,1417273410.0,0,UNLIKELY,False,,b219894cd4370d4d3c5c0a07e1ba54be29997749ffb40208cf109a7e14fde12b,9
2\mousehole_files\slide_to_start.png,slide_to_start.png,.png,image,238,0.0,1417273410.0,0,UNLIKELY,False,,525f697afc1b1e90dceac1f2ac0fc0d875ba67771e9bd8be0cfd30a2277420d6,9
2\mousehole_files\stats.js,stats.js,.js,other,6401,0.01,1417273408.0,0,UNLIKELY,False,,077da0c66688044fc0e6961760f5b64e047d914e58e542c43cc032acf3f9318d,1
2\mousehole_files\user_avatar.png,user_avatar.png,.png,image,1968,0.0,1417273410.0,0,UNLIKELY,False,,4766df86768cb96afec1f1aa871bb7a6453706146c979ac2ffbad77c87bb3404,9
2\mousehole_files\wapi.js,wapi.js,.js,other,123453,0.12,1417273410.0,0,UNLIKELY,False,,54b306738d090e5accf5d4bd805071a5d8601d50a76819350f17fa2a52e9d418,9
2\MYSTERY PIC 3_files\34121223.jpg,34121223.jpg,.jpg,image,289179,0.28,1423850858.0,0,UNLIKELY,False,,b773dfce8085daf2afa17c80ffc470e45dd94ca2dc8f0c881898738febeffbf1,1
2\MYSTERY PIC 3_files\34121223_002.jpg,34121223_002.jpg,.jpg,image,73355,0.07,1423850858.0,0,UNLIKELY,False,,71f09fc53efcc681c3c78a93fe49261f37bce716594b58b296ae0b97ccd5c687,1
2\MYSTERY PIC 3_files\34121435.jpg,34121435.jpg,.jpg,image,37004,0.04,1423850856.0,0,UNLIKELY,False,,a92e496b253f1ec0b82866e419f925a1b5c4d585c4d10e8881c2d2c8d3dd782a,1
2\MYSTERY PIC 3_files\34153687.jpg,34153687.jpg,.jpg,image,29952,0.03,1423850858.0,0,UNLIKELY,False,,028925a744dc7bac22c52be764dd52f029c7f044a6db7b54918e5b683e6fb9b5,1
2\MYSTERY PIC 3_files\34157920.jpg,34157920.jpg,.jpg,image,15031,0.01,1423850858.0,0,UNLIKELY,False,,39edb9050812533c71afd97472a2924ad973fc20c6c45162211897e34a0cf39e,1
2\MYSTERY PIC 3_files\35285905.jpg,35285905.jpg,.jpg,image,41231,0.04,1423850858.0,0,UNLIKELY,False,,c11d1147e10f2822fa751d16f0be2ee8ad9a44c38f654feef1fef4799fbfdcce,1
2\MYSTERY PIC 3_files\53286453.jpg,53286453.jpg,.jpg,image,12157,0.01,1423850858.0,0,UNLIKELY,False,,b668e6c419e578fb7e95f93ee06a8dcaefaeee50f4d5585c2763ed7cda1649c0,1
2\MYSTERY PIC 3_files\53286473.jpg,53286473.jpg,.jpg,image,85782,0.08,1423850858.0,0,UNLIKELY,False,,03f3b254909bd3a243ae0319ae09e36bab9a54a2d9a75f1e2bdeb500129fe9e9,1
2\MYSTERY PIC 3_files\53286590.jpg,53286590.jpg,.jpg,image,24487,0.02,1423850858.0,0,UNLIKELY,False,,eee700c7569609a300555c7808de68fbd89b2a66b705275844eba4373ea3a6cb,1
2\MYSTERY PIC 3_files\acrylic.css,acrylic.css,.css,other,46590,0.04,1423850856.0,0,UNLIKELY,False,,258823fb60255840ab1ba94d6b9b508bc740fff43498f682dce3d82eb4a65089,9
2\MYSTERY PIC 3_files\back.png,back.png,.png,image,157,0.0,1423850858.0,0,UNLIKELY,False,,30994cd80b5d1fba096d79d498307080802ee138b52a9737e6ccdfcc1a47ce92,9
2\MYSTERY PIC 3_files\commonutilcontrolsplaces_impl.js,commonutilcontrolsplaces_impl.js,.js,other,346104,0.33,1423850858.0,0,UNLIKELY,False,,5390a2ede14d0a08d3354ff7c4147db1b143880cb4247b87f5fd6f94a71be8a3,8
2\MYSTERY PIC 3_files\css.css,css.css,.css,other,983,0.0,1423850854.0,0,UNLIKELY,False,,cb790f3fa1ea976f8706efe315d1f1752d8bf24c1a621378a7346d7afdbf795d,8
2\MYSTERY PIC 3_files\details.png,details.png,.png,image,204,0.0,1423850858.0,0,UNLIKELY,False,,1fdceb5a10013dbe71d0146ad26faebf14abed4024838474f8ea84c5d5764bdd,9
2\MYSTERY PIC 3_files\fullscreen.png,fullscreen.png,.png,image,260,0.0,1423850858.0,0,UNLIKELY,False,,dc816e5b35970beb38725b71cefc119d5f3169b530c12bea493a2648462c72b5,9
2\MYSTERY PIC 3_files\ga.js,ga.js,.js,other,40916,0.04,1423850858.0,0,UNLIKELY,False,,54210e4001e71dc204bdd71ff0a24f5c5526d5a9d652053464af3f270593eb89,6
2\MYSTERY PIC 3_files\jquery-history.js,jquery-history.js,.js,other,6672,0.01,1423850856.0,0,UNLIKELY,False,,da06129848488ba4a0a4e46284a0e47707ab3a130912d73c5b964bc2f7f4a225,9
2\MYSTERY PIC 3_files\jquery.js,jquery.js,.js,other,85925,0.08,1423850856.0,0,UNLIKELY,False,,8f0a19ee8c606b35a10904951e0a27da1896eafe33c6e88cb7bcbe455f05a24a,9
2\MYSTERY PIC 3_files\js,js,[none],other,4446,0.0,1423850856.0,0,UNLIKELY,False,,6591ce2c27a9b9bcdbd4d7c1297a06f13a567621905f8275c7126a11263064a7,5
2\MYSTERY PIC 3_files\left_arrow.png,left_arrow.png,.png,image,737,0.0,1423850858.0,0,UNLIKELY,False,,5112078a4a07678dd156284c17662f1a789803861a0253cbd729f443f5162187,18
2\MYSTERY PIC 3_files\left_arrow_002.png,left_arrow_002.png,.png,image,737,0.0,1423850858.0,0,UNLIKELY,False,,5112078a4a07678dd156284c17662f1a789803861a0253cbd729f443f5162187,18
2\MYSTERY PIC 3_files\list_mode.png,list_mode.png,.png,image,133,0.0,1423850856.0,0,UNLIKELY,False,,b39a1c2804fa10705e5307febde45b8f6eab595f3881907220479ae66395507b,9
2\MYSTERY PIC 3_files\main.js,main.js,.js,other,55597,0.05,1423850858.0,0,UNLIKELY,False,,5903e0c66f740711466e4dd05da837b32138ee29b07f079c01d2e113ae4b8f90,8
2\MYSTERY PIC 3_files\next.png,next.png,.png,image,154,0.0,1423850858.0,0,UNLIKELY,False,,270763715e925f65081ab926b1b6711d48db3164f020e49ed9f4fcd6584cdcb4,9
2\MYSTERY PIC 3_files\order.png,order.png,.png,image,198,0.0,1423850858.0,0,UNLIKELY,False,,ac0a4d0d394e4232353081e0916b4829c8ab79027dea916677d563db20d8c9cc,9
2\MYSTERY PIC 3_files\original.png,original.png,.png,image,212,0.0,1423850858.0,0,UNLIKELY,False,,ff84ece113326a6d48ae4d698693b054de1b88cc80860c535f62d3044fde4777,9
2\MYSTERY PIC 3_files\panoramio.js,panoramio.js,.js,other,546595,0.52,1423850856.0,0,UNLIKELY,False,,7ac84c2068090a07402236461b9becb706c656a2c84715eaa337b552c32f1009,9
2\MYSTERY PIC 3_files\places.js,places.js,.js,other,1578,0.0,1423850856.0,0,UNLIKELY,False,,09b7f2464a5be3bcccc06383fa0bcb078028e0b248fe03f5adcb736d5c29986b,8
2\MYSTERY PIC 3_files\previous.png,previous.png,.png,image,154,0.0,1423850858.0,0,UNLIKELY,False,,c577d3712f660bf8df7a196039f5d47c5ef0875097ce6af7c0ea4d340c892a6d,9
2\MYSTERY PIC 3_files\right_arrow.png,right_arrow.png,.png,image,730,0.0,1423850858.0,0,UNLIKELY,False,,1002899381b7da5fbe947a79562379dbc80f475d0d067d0ad6a1c5f63d535b54,18
2\MYSTERY PIC 3_files\right_arrow_002.png,right_arrow_002.png,.png,image,730,0.0,1423850858.0,0,UNLIKELY,False,,1002899381b7da5fbe947a79562379dbc80f475d0d067d0ad6a1c5f63d535b54,18
2\MYSTERY PIC 3_files\screen_interim.css,screen_interim.css,.css,other,160003,0.15,1423850856.0,0,UNLIKELY,False,,66c0cdd78f815e0e52a70f93819148838c51a06f46db8de47b9d40671c1f4900,9
2\MYSTERY PIC 3_files\search.js,search.js,.js,other,441,0.0,1423850856.0,0,UNLIKELY,False,,d5b0a4084c7780c2294b5d53ffef43d7dd96fd991a0bdb84d1144c75f553209d,8
2\MYSTERY PIC 3_files\slide_pause.png,slide_pause.png,.png,image,167,0.0,1423850858.0,0,UNLIKELY,False,,bd3cea25970fd7d32de043dbdc533a74fb4a3c006eeebf73a127e7a246b37e9f,9
2\MYSTERY PIC 3_files\slide_play.png,slide_play.png,.png,image,233,0.0,1423850858.0,0,UNLIKELY,False,,02f46cf17a587070b5e204bce581c8d8c12452b22b713985fe43750837946942,9
2\MYSTERY PIC 3_files\slide_repeat.png,slide_repeat.png,.png,image,358,0.0,1423850858.0,0,UNLIKELY,False,,b219894cd4370d4d3c5c0a07e1ba54be29997749ffb40208cf109a7e14fde12b,9
2\MYSTERY PIC 3_files\slide_to_start.png,slide_to_start.png,.png,image,238,0.0,1423850858.0,0,UNLIKELY,False,,525f697afc1b1e90dceac1f2ac0fc0d875ba67771e9bd8be0cfd30a2277420d6,9
2\MYSTERY PIC 3_files\stats.js,stats.js,.js,other,6401,0.01,1423850858.0,0,UNLIKELY,False,,184ecc87e835c22a2833b62331dc6fbcb0a26d85d1f70847a6f5a7cadea2ba80,8
2\MYSTERY PIC 3_files\transparent.gif,transparent.gif,.gif,image,43,0.0,1423850858.0,0,UNLIKELY,False,,afe0dcfca292a0fae8bce08a48c14d3e59c9d82c6052ab6d48a22ecc6c48f277,1
2\MYSTERY PIC 3_files\user_avatar.png,user_avatar.png,.png,image,1968,0.0,1423850858.0,0,UNLIKELY,False,,4766df86768cb96afec1f1aa871bb7a6453706146c979ac2ffbad77c87bb3404,9
2\MYSTERY PIC 3_files\wapi.js,wapi.js,.js,other,123453,0.12,1423850854.0,0,UNLIKELY,False,,54b306738d090e5accf5d4bd805071a5d8601d50a76819350f17fa2a52e9d418,9
2\MYSTERY PIC IDENTIFY AND WIN_files\68540774.jpg,68540774.jpg,.jpg,image,75335,0.07,1423850600.0,0,UNLIKELY,False,,6341b384ae92b4c58af38cfd3943df79e73d515e2859695c6372a7e840fd5c9c,1
2\MYSTERY PIC IDENTIFY AND WIN_files\68540796.jpg,68540796.jpg,.jpg,image,41672,0.04,1423850600.0,0,UNLIKELY,False,,057a2b45b07d12eabf70ba66239e87c09587b7a9f212cce9fae5655cacb5e94b,1
2\MYSTERY PIC IDENTIFY AND WIN_files\68540945.jpg,68540945.jpg,.jpg,image,73045,0.07,1423850600.0,0,UNLIKELY,False,,7a64bfad16cb4a61af57279a55cf235bd138feeffc883bbaea478e87c01c2258,1
2\MYSTERY PIC IDENTIFY AND WIN_files\68540953.jpg,68540953.jpg,.jpg,image,75437,0.07,1423850600.0,0,UNLIKELY,False,,a70480f887c79ab6d442f6da451381e8843b3dbf750161587d06f0b837bf4a98,1
2\MYSTERY PIC IDENTIFY AND WIN_files\68540962.jpg,68540962.jpg,.jpg,image,60368,0.06,1423850600.0,0,UNLIKELY,False,,73b9454940a4b79c02d8245e657e357bc176cf4635b4ff6a9202665f226a3c14,1
2\MYSTERY PIC IDENTIFY AND WIN_files\68540971.jpg,68540971.jpg,.jpg,image,49374,0.05,1423850600.0,0,UNLIKELY,False,,92959e21ff4fb363a740e329e98ab34efb65995256c037b9b475affac459f7e7,1
2\MYSTERY PIC IDENTIFY AND WIN_files\68542710.jpg,68542710.jpg,.jpg,image,63057,0.06,1423850600.0,0,UNLIKELY,False,,0c61fa2b260ab27a103e59fecc335378ffc2e8b297ea26e4f9e2c6af9377947f,1
2\MYSTERY PIC IDENTIFY AND WIN_files\68844180.jpg,68844180.jpg,.jpg,image,195416,0.19,1423850598.0,0,UNLIKELY,False,,dc9a5560fd76d63abdffe7fa3ad0bd9c2b61548aa59f9c96b1fe7cb598424274,1
2\MYSTERY PIC IDENTIFY AND WIN_files\68844180_002.jpg,68844180_002.jpg,.jpg,image,58984,0.06,1423850600.0,0,UNLIKELY,False,,8fc60e8f6919353b306f0dcdfcd4aa4b8dcd29c8852cc7c623f17da605d0c858,1
2\MYSTERY PIC IDENTIFY AND WIN_files\68844608.jpg,68844608.jpg,.jpg,image,53593,0.05,1423850600.0,0,UNLIKELY,False,,f0a24adbd9fb0d6a7396c2d781938052c8e0f174a82ee05a0f6f53abdc6b42c4,1
2\MYSTERY PIC IDENTIFY AND WIN_files\68844613.jpg,68844613.jpg,.jpg,image,50448,0.05,1423850600.0,0,UNLIKELY,False,,a447b4c336b85ba7bb9b16d5c1e4e9cf3a5902d67e656a151428b8c728ac5db2,1
2\MYSTERY PIC IDENTIFY AND WIN_files\acrylic.css,acrylic.css,.css,other,46590,0.04,1423850598.0,0,UNLIKELY,False,,258823fb60255840ab1ba94d6b9b508bc740fff43498f682dce3d82eb4a65089,9
2\MYSTERY PIC IDENTIFY AND WIN_files\back.png,back.png,.png,image,157,0.0,1423850600.0,0,UNLIKELY,False,,30994cd80b5d1fba096d79d498307080802ee138b52a9737e6ccdfcc1a47ce92,9
2\MYSTERY PIC IDENTIFY AND WIN_files\commonutilcontrolsplaces_impl.js,commonutilcontrolsplaces_impl.js,.js,other,346104,0.33,1423850598.0,0,UNLIKELY,False,,5390a2ede14d0a08d3354ff7c4147db1b143880cb4247b87f5fd6f94a71be8a3,8
2\MYSTERY PIC IDENTIFY AND WIN_files\css.css,css.css,.css,other,983,0.0,1423850596.0,0,UNLIKELY,False,,cb790f3fa1ea976f8706efe315d1f1752d8bf24c1a621378a7346d7afdbf795d,8
2\MYSTERY PIC IDENTIFY AND WIN_files\details.png,details.png,.png,image,204,0.0,1423850600.0,0,UNLIKELY,False,,1fdceb5a10013dbe71d0146ad26faebf14abed4024838474f8ea84c5d5764bdd,9
2\MYSTERY PIC IDENTIFY AND WIN_files\fullscreen.png,fullscreen.png,.png,image,260,0.0,1423850600.0,0,UNLIKELY,False,,dc816e5b35970beb38725b71cefc119d5f3169b530c12bea493a2648462c72b5,9
2\MYSTERY PIC IDENTIFY AND WIN_files\ga.js,ga.js,.js,other,40916,0.04,1423850600.0,0,UNLIKELY,False,,54210e4001e71dc204bdd71ff0a24f5c5526d5a9d652053464af3f270593eb89,6
2\MYSTERY PIC IDENTIFY AND WIN_files\jquery-history.js,jquery-history.js,.js,other,6672,0.01,1423850598.0,0,UNLIKELY,False,,da06129848488ba4a0a4e46284a0e47707ab3a130912d73c5b964bc2f7f4a225,9
2\MYSTERY PIC IDENTIFY AND WIN_files\jquery.js,jquery.js,.js,other,85925,0.08,1423850598.0,0,UNLIKELY,False,,8f0a19ee8c606b35a10904951e0a27da1896eafe33c6e88cb7bcbe455f05a24a,9
2\MYSTERY PIC IDENTIFY AND WIN_files\js,js,[none],other,4446,0.0,1423850598.0,0,UNLIKELY,False,,6591ce2c27a9b9bcdbd4d7c1297a06f13a567621905f8275c7126a11263064a7,5
2\MYSTERY PIC IDENTIFY AND WIN_files\left_arrow.png,left_arrow.png,.png,image,737,0.0,1423850598.0,0,UNLIKELY,False,,5112078a4a07678dd156284c17662f1a789803861a0253cbd729f443f5162187,18
2\MYSTERY PIC IDENTIFY AND WIN_files\left_arrow_002.png,left_arrow_002.png,.png,image,737,0.0,1423850598.0,0,UNLIKELY,False,,5112078a4a07678dd156284c17662f1a789803861a0253cbd729f443f5162187,18
2\MYSTERY PIC IDENTIFY AND WIN_files\list_mode.png,list_mode.png,.png,image,133,0.0,1423850598.0,0,UNLIKELY,False,,b39a1c2804fa10705e5307febde45b8f6eab595f3881907220479ae66395507b,9
2\MYSTERY PIC IDENTIFY AND WIN_files\main.js,main.js,.js,other,55597,0.05,1423850600.0,0,UNLIKELY,False,,5903e0c66f740711466e4dd05da837b32138ee29b07f079c01d2e113ae4b8f90,8
2\MYSTERY PIC IDENTIFY AND WIN_files\next.png,next.png,.png,image,154,0.0,1423850600.0,0,UNLIKELY,False,,270763715e925f65081ab926b1b6711d48db3164f020e49ed9f4fcd6584cdcb4,9
2\MYSTERY PIC IDENTIFY AND WIN_files\order.png,order.png,.png,image,198,0.0,1423850600.0,0,UNLIKELY,False,,ac0a4d0d394e4232353081e0916b4829c8ab79027dea916677d563db20d8c9cc,9
2\MYSTERY PIC IDENTIFY AND WIN_files\original.png,original.png,.png,image,212,0.0,1423850600.0,0,UNLIKELY,False,,ff84ece113326a6d48ae4d698693b054de1b88cc80860c535f62d3044fde4777,9
2\MYSTERY PIC IDENTIFY AND WIN_files\panoramio.js,panoramio.js,.js,other,546595,0.52,1423850598.0,0,UNLIKELY,False,,7ac84c2068090a07402236461b9becb706c656a2c84715eaa337b552c32f1009,9
2\MYSTERY PIC IDENTIFY AND WIN_files\places.js,places.js,.js,other,1578,0.0,1423850598.0,0,UNLIKELY,False,,09b7f2464a5be3bcccc06383fa0bcb078028e0b248fe03f5adcb736d5c29986b,8
2\MYSTERY PIC IDENTIFY AND WIN_files\previous.png,previous.png,.png,image,154,0.0,1423850600.0,0,UNLIKELY,False,,c577d3712f660bf8df7a196039f5d47c5ef0875097ce6af7c0ea4d340c892a6d,9
2\MYSTERY PIC IDENTIFY AND WIN_files\right_arrow.png,right_arrow.png,.png,image,730,0.0,1423850598.0,0,UNLIKELY,False,,1002899381b7da5fbe947a79562379dbc80f475d0d067d0ad6a1c5f63d535b54,18
2\MYSTERY PIC IDENTIFY AND WIN_files\right_arrow_002.png,right_arrow_002.png,.png,image,730,0.0,1423850598.0,0,UNLIKELY,False,,1002899381b7da5fbe947a79562379dbc80f475d0d067d0ad6a1c5f63d535b54,18
2\MYSTERY PIC IDENTIFY AND WIN_files\screen_interim.css,screen_interim.css,.css,other,160003,0.15,1423850598.0,0,UNLIKELY,False,,66c0cdd78f815e0e52a70f93819148838c51a06f46db8de47b9d40671c1f4900,9
2\MYSTERY PIC IDENTIFY AND WIN_files\search.js,search.js,.js,other,441,0.0,1423850598.0,0,UNLIKELY,False,,d5b0a4084c7780c2294b5d53ffef43d7dd96fd991a0bdb84d1144c75f553209d,8
2\MYSTERY PIC IDENTIFY AND WIN_files\slide_pause.png,slide_pause.png,.png,image,167,0.0,1423850600.0,0,UNLIKELY,False,,bd3cea25970fd7d32de043dbdc533a74fb4a3c006eeebf73a127e7a246b37e9f,9
2\MYSTERY PIC IDENTIFY AND WIN_files\slide_play.png,slide_play.png,.png,image,233,0.0,1423850600.0,0,UNLIKELY,False,,02f46cf17a587070b5e204bce581c8d8c12452b22b713985fe43750837946942,9
2\MYSTERY PIC IDENTIFY AND WIN_files\slide_repeat.png,slide_repeat.png,.png,image,358,0.0,1423850600.0,0,UNLIKELY,False,,b219894cd4370d4d3c5c0a07e1ba54be29997749ffb40208cf109a7e14fde12b,9
2\MYSTERY PIC IDENTIFY AND WIN_files\slide_to_start.png,slide_to_start.png,.png,image,238,0.0,1423850600.0,0,UNLIKELY,False,,525f697afc1b1e90dceac1f2ac0fc0d875ba67771e9bd8be0cfd30a2277420d6,9
2\MYSTERY PIC IDENTIFY AND WIN_files\stats.js,stats.js,.js,other,6401,0.01,1423850598.0,0,UNLIKELY,False,,184ecc87e835c22a2833b62331dc6fbcb0a26d85d1f70847a6f5a7cadea2ba80,8
2\MYSTERY PIC IDENTIFY AND WIN_files\user_avatar.png,user_avatar.png,.png,image,1968,0.0,1423850600.0,0,UNLIKELY,False,,4766df86768cb96afec1f1aa871bb7a6453706146c979ac2ffbad77c87bb3404,9
2\MYSTERY PIC IDENTIFY AND WIN_files\wapi.js,wapi.js,.js,other,123453,0.12,1423850596.0,0,UNLIKELY,False,,54b306738d090e5accf5d4bd805071a5d8601d50a76819350f17fa2a52e9d418,9
2\There's plenty more books_files\76FF100Z.jpg,76FF100Z.jpg,.jpg,image,9218,0.01,1425061372.0,0,UNLIKELY,False,,cea8012c9613d118439610eb0eeeff9a41118b8ef02cf48b2b70c119f37b693c,1
2\There's plenty more books_files\addthis_widget.js,addthis_widget.js,.js,other,10816,0.01,1425061370.0,0,UNLIKELY,False,,aa734e5b63e0d573a1d7f3928be93ee489d6efd28446e757c6984c1fd0b27183,1
2\There's plenty more books_files\all.js,all.js,.js,other,161933,0.15,1425061368.0,0,UNLIKELY,False,,f80220ac4bd13943b4d4f91efb61c504166c6e23500809d03f1eda7511a35ff2,1
2\There's plenty more books_files\atgsvcs.js,atgsvcs.js,.js,other,70277,0.07,1425061370.0,0,UNLIKELY,False,,81ec9aa3b4bffb7860686bf384e7a70b6f052dbb05e5d91f490bf7d40ea2ed03,1
2\There's plenty more books_files\blank.gif,blank.gif,.gif,image,222,0.0,1425061370.0,0,UNLIKELY,False,,6616b40c4bc0bcc466c53f910bccb7bdbd0a22865d4e36d23421269ea7961780,1
2\There's plenty more books_files\BrightcoveExperiences.js,BrightcoveExperiences.js,.js,other,33153,0.03,1425061372.0,0,UNLIKELY,False,,1bdfffb767d72c7a691a695425a69bfe0d73dea61368fde4fd1f90babdee4f60,1
2\There's plenty more books_files\c7H.js,c7H.js,.js,other,81549,0.08,1425061368.0,0,UNLIKELY,False,,a29df79c679a7d9f1fec81510a70071d709abc8270a5f4ac3ad1ccb79bbe6559,1
2\There's plenty more books_files\cbgapi.loaded_0,cbgapi.loaded_0,.loaded_0,other,115129,0.11,1425061368.0,0,UNLIKELY,False,,2d2d61e78b22d55e9ddee754e086f7b0826c3706733191e6a4a871dfd5d0597c,1
2\There's plenty more books_files\cbgapi.loaded_1,cbgapi.loaded_1,.loaded_1,other,57553,0.05,1425061366.0,0,UNLIKELY,False,,ae2c833b922af263530ccaa079a9a23d4a43d66e54ccba92e585266145442c9f,1
2\There's plenty more books_files\cc_amex.gif,cc_amex.gif,.gif,image,731,0.0,1425061370.0,0,UNLIKELY,False,,7921fcbb6948d53cb1045f073d696f9c055c9f02fe0179eab7628936e8960d13,1
2\There's plenty more books_files\cc_disc.gif,cc_disc.gif,.gif,image,1105,0.0,1425061370.0,0,UNLIKELY,False,,80c6606e0beb3f37e1c8ebfe747e1c6a0c997219648ad4e5f213c8ba7b0620a0,1
2\There's plenty more books_files\cc_mc.gif,cc_mc.gif,.gif,image,895,0.0,1425061370.0,0,UNLIKELY,False,,34e8c84f6c4fe64da7bc40f5422919dc8c7d3edeb16f7874fad6cd7d2d8d2d52,1
2\There's plenty more books_files\cc_visa.png,cc_visa.png,.png,image,746,0.0,1425061370.0,0,UNLIKELY,False,,30e1951f0af74478c502323f604ed60ea3c65b325bed03bfa70924436a5358f1,1
2\There's plenty more books_files\closebox.png,closebox.png,.png,image,1910,0.0,1425061372.0,0,UNLIKELY,False,,b271f0f1080ed8ed4c8e884d846bf9d94a41d7c86f13145c66769f6b5a16adbb,1
2\There's plenty more books_files\comments.htm,comments.htm,.htm,other,104114,0.1,1425061374.0,0,UNLIKELY,False,,adbbcc0bfe9553054bbcb193295d9ae7539814f0d2029790e4d7aa0df924836e,1
2\There's plenty more books_files\comment_placeholder.gif,comment_placeholder.gif,.gif,image,3163,0.0,1425061372.0,0,UNLIKELY,False,,50f27c852f928fe30328749b1b983804f49b6c9353d87f4a98f33db1ce59b340,1
2\There's plenty more books_files\core.css,core.css,.css,other,17086,0.02,1425061372.0,0,UNLIKELY,False,,767bf10a346710b6d7f15e8bacdbb60c726a823e433f84b7d6a48bed38048cf6,1
2\There's plenty more books_files\core.js,core.js,.js,other,420487,0.4,1425061364.0,0,UNLIKELY,False,,fc5ab468e8170844a7667420d6d1b77dcd5d4949a063c0c047aeb1b84275467f,1
2\There's plenty more books_files\dis.htm,dis.htm,.htm,other,135,0.0,1425061374.0,0,UNLIKELY,False,,7571c1e2d71caf72f07f926031d64cf671098855bec2d0684dd02bf381567450,1
2\There's plenty more books_files\drop_close_btn.gif,drop_close_btn.gif,.gif,image,235,0.0,1425061370.0,0,UNLIKELY,False,,7b49fa1ec55c82bb0b972f8dbe7b38a9e11a6de8d8176de6bd429c360b4d2af8,1
2\There's plenty more books_files\event.js,event.js,.js,other,908,0.0,1425061364.0,0,UNLIKELY,False,,1ceaf5e9fffc0cdb4ef0a1c31442efcb84131e1f2f6f2568486a468463bf2a73,1
2\There's plenty more books_files\fastbutton.htm,fastbutton.htm,.htm,other,38936,0.04,1425061374.0,0,UNLIKELY,False,,b7366c4421999237b1810fee9d68b02f7223deffb4cf7d3619e64db970a107ed,1
2\There's plenty more books_files\frameimage.jpg,frameimage.jpg,.jpg,image,4733,0.0,1425061370.0,0,UNLIKELY,False,,c048ea91cec2abfe0615afdc9136f2c560c06389e03b2395158f5563bcff7a9f,1
2\There's plenty more books_files\frameimage_002.jpg,frameimage_002.jpg,.jpg,image,4214,0.0,1425061372.0,0,UNLIKELY,False,,4451c85dd69d48265ea64d15c4159b263e54661b2fdf304b343c5878ef2b7805,1
2\There's plenty more books_files\frameimage_003.jpg,frameimage_003.jpg,.jpg,image,3859,0.0,1425061372.0,0,UNLIKELY,False,,9f6361d1429ec9a3323a161009f9d843480a959b22f62ba6513a30c25e11e419,1
2\There's plenty more books_files\frameStudio.swf,frameStudio.swf,.swf,other,350093,0.33,1425061370.0,0,UNLIKELY,False,,4c92c42630360489788db32cbb461b6016bf4f5bfa4db08c08d0cc8458c9189c,1
2\There's plenty more books_files\ga.js,ga.js,.js,other,40916,0.04,1425061372.0,0,UNLIKELY,False,,54210e4001e71dc204bdd71ff0a24f5c5526d5a9d652053464af3f270593eb89,6
2\There's plenty more books_files\george-booth-there-s-plenty-more-books-inside-new-yorker-car.jpg,george-booth-there-s-plenty-more-books-inside-new-yorker-car.jpg,.jpg,image,57077,0.05,1425061370.0,0,UNLIKELY,False,,f0c457e4424b234843e1cf78a7e70e6b2914f87b78fbb2124448d9b6a4c99c25,1
2\There's plenty more books_files\global-apc-min.css,global-apc-min.css,.css,other,24463,0.02,1425061372.0,0,UNLIKELY,False,,e532951e6fce3d4201de4c4d30bda3340421ae0a4210ba680019d46c304358ad,1
2\There's plenty more books_files\global-apc-min.js,global-apc-min.js,.js,other,70847,0.07,1425061370.0,0,UNLIKELY,False,,033a0f8c94fbea9c592d80a53a5c805618fc204f89ac84d3c999c0283d66954a,1
2\There's plenty more books_files\gtm.js,gtm.js,.js,other,34302,0.03,1425061370.0,0,UNLIKELY,False,,4d4f22a007926cf4a9641f1b4db6e4b370bb559f930e48019ddc20e3485b608b,1
2\There's plenty more books_files\headerfooter.css,headerfooter.css,.css,other,1170,0.0,1425061364.0,0,UNLIKELY,False,,492e81bfd646f45d41174517dc437dc16763933c70220ca9c71a5903c20a1f4a,1
2\There's plenty more books_files\IT4G100Z.jpg,IT4G100Z.jpg,.jpg,image,13494,0.01,1425061368.0,0,UNLIKELY,False,,69418f7ddb3f1b57012d964db6a6fa38e44ec147e9a65ffc38c783e1686982f1,1
2\There's plenty more books_files\jquery-apc-min.js,jquery-apc-min.js,.js,other,179852,0.17,1425061364.0,0,UNLIKELY,False,,dcb5e14b2452cf7ab3f4129b8d106345cb009ed2019d9e57432fed25a7906b2f,1
2\There's plenty more books_files\LicenseCartoons-Button.jpg,LicenseCartoons-Button.jpg,.jpg,image,20558,0.02,1425061370.0,0,UNLIKELY,False,,eb0718beca2d490814b983223eefc91fbb6ecc944596f3a2a019724ea0044b49,1
2\There's plenty more books_files\loading.gif,loading.gif,.gif,image,3236,0.0,1425061372.0,0,UNLIKELY,False,,bd7f9be42afe7f5283e5d2d70f3a73825da312c5925641be75d750903839dfc5,1
2\There's plenty more books_files\logo_v2.png,logo_v2.png,.png,image,4704,0.0,1425061370.0,0,UNLIKELY,False,,19ce8afd75e70d924b1ce55a2b8f12cab0d44bdc0088d8f9835dc1f9dfaa9ebc,1
2\There's plenty more books_files\logo_v2_002.png,logo_v2_002.png,.png,image,5591,0.01,1425061370.0,0,UNLIKELY,False,,43449466c0be15856205dbc08498664d45c1aaf5f7141bd84b6b5641c83367ac,1
2\There's plenty more books_files\main_condenaststore.css,main_condenaststore.css,.css,other,15569,0.01,1425061368.0,0,UNLIKELY,False,,99f6bc9a075813be18d80b1ed15bcf9815fee6a4b0fb880ef8cba840d485d309,1
2\There's plenty more books_files\menu174.js,menu174.js,.js,other,61590,0.06,1425061368.0,0,UNLIKELY,False,,103d3c1398623f9310527f5c48cc599daa29d0258efb3ab74a415235c68389c2,1
2\There's plenty more books_files\pinit022.htm,pinit022.htm,.htm,other,3452,0.0,1425061372.0,0,UNLIKELY,False,,9544eb08f32028b9759cdf69a10500895f5c12dc02419df9cf6db3c842e07341,1
2\There's plenty more books_files\plusone.js,plusone.js,.js,other,36983,0.04,1425061372.0,0,UNLIKELY,False,,6ef7c4de6f391aac2bb6981840f0d2b99e8f10f259befb81c5fa2ec248a1abb6,1
2\There's plenty more books_files\postmessageRelay.htm,postmessageRelay.htm,.htm,other,569,0.0,1425061374.0,0,UNLIKELY,False,,dc53981014f12aa4ed5012843a44929539df4e153090afaa2ffe249c4274cb51,1
2\There's plenty more books_files\prod-frame-vid-thumb.jpg,prod-frame-vid-thumb.jpg,.jpg,image,2394,0.0,1425061370.0,0,UNLIKELY,False,,31ef9daf775eab90a398893cb74c1a61524d74d956b34487a70e94c9a8de4fe3,1
2\There's plenty more books_files\product-apc-min.css,product-apc-min.css,.css,other,48712,0.05,1425061370.0,0,UNLIKELY,False,,fbb375932db6ad233de78d59bc23c52b98fbe939f19094efbdc1a86136324dbe,1
2\There's plenty more books_files\productPageApplication.js,productPageApplication.js,.js,other,310138,0.3,1425061372.0,0,UNLIKELY,False,,ec75be1a2d0b812ee2270592d6e24c2b09bc88fed0c330f0219f96eb45107e4b,1
2\There's plenty more books_files\productv2-apc-min.css,productv2-apc-min.css,.css,other,17884,0.02,1425061370.0,0,UNLIKELY,False,,4af85cbdc687a6d59dbfeee704a942c38f3a14560738dc775becdc0535ee77c1,1
2\There's plenty more books_files\rFG58m7xAig.htm,rFG58m7xAig.htm,.htm,other,28349,0.03,1425061374.0,0,UNLIKELY,False,,1dbf6f115aea43ad64ea2b556577a9bdf37b353def111bd2b89a0c01b65f92ec,1
2\There's plenty more books_files\rFG58m7xAig_002.htm,rFG58m7xAig_002.htm,.htm,other,28370,0.03,1425061374.0,0,UNLIKELY,False,,88456b0509e2c39dc73bed1e1605290c95cccbe32d9e62b1f1810355e19f69ef,1
2\There's plenty more books_files\roomViewControls.css,roomViewControls.css,.css,other,3165,0.0,1425061372.0,0,UNLIKELY,False,,483eab4ea8bc9d261f8623cf21894a664b5947e1274a1e949686c564511a06fb,1
2\There's plenty more books_files\roomViewControls.js,roomViewControls.js,.js,other,14546,0.01,1425061370.0,0,UNLIKELY,False,,7464992ad2a2372587d1e87cf7a6595b9ddf7d540a0cc1f1450f7a84424558dd,1
2\There's plenty more books_files\sh200.htm,sh200.htm,.htm,other,58938,0.06,1425061374.0,0,UNLIKELY,False,,c45a635004948418af31399b480f4491c4d0534be4c60a49cf0b35aa0d54dc13,1
2\There's plenty more books_files\shipClock.png,shipClock.png,.png,image,606,0.0,1425061372.0,0,UNLIKELY,False,,df89e45e5a6ff09267d7400e68801d46746a0bbf3362494de3ae7a48d802e3eb,1
2\There's plenty more books_files\site.css,site.css,.css,other,2470,0.0,1425061364.0,0,UNLIKELY,False,,70b41631990b55ef24219c9d83d05970f0c25c25c2c00876864212d029f9b87c,1
2\There's plenty more books_files\site.js,site.js,.js,other,31646,0.03,1425061370.0,0,UNLIKELY,False,,a260e747e49e7ea0c784cf0e36a0984be5b3ed4f0ef616a2d2574ff123c29907,1
2\There's plenty more books_files\skinny20_CNC632v2.jpg,skinny20_CNC632v2.jpg,.jpg,image,18338,0.02,1425061370.0,0,UNLIKELY,False,,b4e258eaba2a5e4ce19be78d3466c77e5d22a87aaa0bc4e7c2c27c346d1c4bbc,1
2\There's plenty more books_files\widget020.css,widget020.css,.css,other,132931,0.13,1425061366.0,0,UNLIKELY,False,,9a8a590860ddb679d3c8236c65c62e358869221d56736835527dc51d6321e211,1
2\There's plenty more books_files\ZCAD100Z.jpg,ZCAD100Z.jpg,.jpg,image,7630,0.01,1425061370.0,0,UNLIKELY,False,,8c96dd1b91519231de2e549a3f9c818a1a81af73eb429f601acbeec23ea4c0cc,1
2\There's plenty more books_files\comments_data\10525706_1447782648841357_4913308158280935884_n.jpg,10525706_1447782648841357_4913308158280935884_n.jpg,.jpg,image,2022,0.0,1425061372.0,0,UNLIKELY,False,,bd96065cc14c3897c8746551117c4a6ef1139cbd7b8c7103e41f67e1b23290c0,1
2\There's plenty more books_files\comments_data\_NAT4PPUpcs.js,_NAT4PPUpcs.js,.js,other,733309,0.7,1425061366.0,0,UNLIKELY,False,,29d5e1a2add71120448c276ea47dabe3b42ae0cc1bddb19139782f79b07e803d,1
2\There's plenty more books_files\pinit022_data\addthis_widget.js,addthis_widget.js,.js,other,10816,0.01,1425061370.0,0,UNLIKELY,False,,50d9f93a8d23b843bc9aad5186aa679770df969e239b2649b5f43ad4d5ccab3f,1
2\There's plenty more books_files\pinit022_data\core201.js,core201.js,.js,other,218702,0.21,1425061364.0,0,UNLIKELY,False,,eb99ff745280796f49734ebfbdd34a980d2fc3fbd454bceb2930b5bfecff0c74,1
2\There's plenty more books_files\pinit022_data\count.json,count.json,.json,other,176,0.0,1425061370.0,0,UNLIKELY,False,,08941afb4403ef1dbc09bc7a534d6749d37ed7dace6fc1e36538858e59002f9c,1
2\There's plenty more books_files\pinit022_data\pinit022.css,pinit022.css,.css,other,1263,0.0,1425061370.0,0,UNLIKELY,False,,1b7368d192e9622737db38ffb778b529831059d82249e937440e227191f1097e,1
2\There's plenty more books_files\postmessageRelay_data\3800445178-postmessagerelay.js,3800445178-postmessagerelay.js,.js,other,8515,0.01,1425061368.0,0,UNLIKELY,False,,6f45c05361bcd8956043fc48ec248ba7f6d2e80100379ae530cbe0eab5567446,1
2\There's plenty more books_files\postmessageRelay_data\api.js,api.js,.js,other,12763,0.01,1425061366.0,0,UNLIKELY,False,,7639cad6d6a50fb6a4ce26f2d912552a377b9a5f99034fbeee57eda62e3624d3,1
2\There's plenty more books_files\postmessageRelay_data\corerpcshindig.js,corerpcshindig.js,.js,other,68179,0.07,1425061368.0,0,UNLIKELY,False,,25a0b4cc2caeb1e8fc26839684940be3261365a28aa00992e86093f8eb9e9747,3
2\There's plenty more books_files\sh200_data\300lo.json,300lo.json,.json,other,259,0.0,1425061366.0,0,UNLIKELY,False,,eb55c5af1e7256e1461264a747e7c0493ebdd9aaa87027fcd424326fc29162c7,1
2\Water Supply - parischaput@gmail.com - Gmail_files\a.htm,a.htm,.htm,other,125,0.0,1407413606.0,0,UNLIKELY,False,,938e66ef2d515a46a24051c7de83818bc05a11464f6e488262e4d6a1739fe3e2,4
2\Water Supply - parischaput@gmail.com - Gmail_files\a.png,a.png,.png,image,391685,0.37,1407413600.0,0,UNLIKELY,False,,231e4a2c998e92cc5b3aed26b7544687c19d2d6a0604bda3ccb90785d9ebddb7,1
2\Water Supply - parischaput@gmail.com - Gmail_files\AIbEiAIAAABECJWN0u6a8aL1_QEiC3ZjYXJkX3Bob3RvKig1NDMzMGY1_002.jpg,AIbEiAIAAABECJWN0u6a8aL1_QEiC3ZjYXJkX3Bob3RvKig1NDMzMGY1_002.jpg,.jpg,image,816,0.0,1407413598.0,0,UNLIKELY,False,,251f0d83ed62087df5833c876b6574faa508995f998a0c5242ee3f7f22737d83,2
2\Water Supply - parischaput@gmail.com - Gmail_files\a_002.htm,a_002.htm,.htm,other,125,0.0,1407413606.0,0,UNLIKELY,False,,938e66ef2d515a46a24051c7de83818bc05a11464f6e488262e4d6a1739fe3e2,4
2\Water Supply - parischaput@gmail.com - Gmail_files\a_003.htm,a_003.htm,.htm,other,235,0.0,1407413606.0,0,UNLIKELY,False,,f5aba6629facaa334ade4458550b8ff5657906bd1d0c1e3127606f3f179c81ae,1
2\Water Supply - parischaput@gmail.com - Gmail_files\canvas.htm,canvas.htm,.htm,other,199,0.0,1407413606.0,0,UNLIKELY,False,,d6f0da0cdd00bf57b2b4a8e29ad6af1574bb31a442a23e1af7ba55bd4d2c74e8,2
2\Water Supply - parischaput@gmail.com - Gmail_files\cbgapi.loaded_0,cbgapi.loaded_0,.loaded_0,other,183629,0.18,1407413598.0,0,UNLIKELY,False,,2c85279bec68ff76f6e33abf929167b78985f933891885b462a1ecf63bd3992e,1
2\Water Supply - parischaput@gmail.com - Gmail_files\cbgapi.loaded_1,cbgapi.loaded_1,.loaded_1,other,5052,0.0,1407413598.0,0,UNLIKELY,False,,318cffe48093ffcfb7d9fe39c05a62be01a318d4f10628a71d8c2369dee79aa2,1
2\Water Supply - parischaput@gmail.com - Gmail_files\cbgapi.loaded_2,cbgapi.loaded_2,.loaded_2,other,74768,0.07,1407413598.0,0,UNLIKELY,False,,e6c477908b51fb8635ac1ae51e9be1b00be7ed13a4ad4a7ad06cc2422adf97ea,1
2\Water Supply - parischaput@gmail.com - Gmail_files\cleardot.gif,cleardot.gif,.gif,image,43,0.0,1407413598.0,0,UNLIKELY,False,,b1442e85b03bdcaf66dc58c7abb98745dd2687d86350be9a298a1d9382ac849b,4
2\Water Supply - parischaput@gmail.com - Gmail_files\cleardot_002.gif,cleardot_002.gif,.gif,image,43,0.0,1407413598.0,0,UNLIKELY,False,,b1442e85b03bdcaf66dc58c7abb98745dd2687d86350be9a298a1d9382ac849b,4
2\Water Supply - parischaput@gmail.com - Gmail_files\coLuEDEWJG3dO7X-Xekp7fmsuz0qtHD_OLVC97qptM3s-1vGLXxtpBdT_002.jpg,coLuEDEWJG3dO7X-Xekp7fmsuz0qtHD_OLVC97qptM3s-1vGLXxtpBdT_002.jpg,.jpg,image,10345,0.01,1407413598.0,0,UNLIKELY,False,,bafb8036d7c72a8170a1c86982832df36dc7393cbf5ddbe5767c9f20a89ed021,1
2\Water Supply - parischaput@gmail.com - Gmail_files\frame.htm,frame.htm,.htm,other,25263,0.02,1407413606.0,0,UNLIKELY,False,,5d951618ab99f40d622615a9c20285ca9e3849b571c1ce2724ae8b81bb79b499,1
2\Water Supply - parischaput@gmail.com - Gmail_files\hovercard.htm,hovercard.htm,.htm,other,10582,0.01,1407413606.0,0,UNLIKELY,False,,c7fb4cabc7821c704a3930cbc27f67e74feca297351c61c531b7b33841fdf86d,1
2\Water Supply - parischaput@gmail.com - Gmail_files\icon_1_image_x16.png,icon_1_image_x16.png,.png,image,171,0.0,1407413598.0,0,UNLIKELY,False,,b941b0f5dcedb49a622f1a4454b8a7e693747766d9541f346d993371c2b1e286,2
2\Water Supply - parischaput@gmail.com - Gmail_files\icon_1_pdf_x16.png,icon_1_pdf_x16.png,.png,image,220,0.0,1407413598.0,0,UNLIKELY,False,,cab0d43c34c2ea806e51b70d4095a700d0c8da8c8e823a5563b796d99f3c37af,1
2\Water Supply - parischaput@gmail.com - Gmail_files\module,module,[none],other,183393,0.17,1407413600.0,0,UNLIKELY,False,,e3ec22525285e5df23bd215142c3c2d9bbf2bb104deb9bf619db2bef6a84c3cc,1
2\Water Supply - parischaput@gmail.com - Gmail_files\photo.jpg,photo.jpg,.jpg,image,3384,0.0,1407413598.0,0,UNLIKELY,False,,e29533a5a2ccfe16b035d67b80390b5cba042328aa853a3ee1c4172cdd0a73cb,1
2\Water Supply - parischaput@gmail.com - Gmail_files\postmessageRelay.htm,postmessageRelay.htm,.htm,other,593,0.0,1407413606.0,0,UNLIKELY,False,,92ef63f8f3390586b29d10dccf2e0e499832427afb3109a6ced4a326e26cdd8a,1
2\Water Supply - parischaput@gmail.com - Gmail_files\proxy.htm,proxy.htm,.htm,other,7516,0.01,1407413606.0,0,UNLIKELY,False,,28b6ff502d3566fc5b1c76b469334760d0b3fde349cf759994630b8fe6c4d174,2
2\Water Supply - parischaput@gmail.com - Gmail_files\proxy_002.htm,proxy_002.htm,.htm,other,7516,0.01,1407413606.0,0,UNLIKELY,False,,28b6ff502d3566fc5b1c76b469334760d0b3fde349cf759994630b8fe6c4d174,2
2\Water Supply - parischaput@gmail.com - Gmail_files\recentposts.htm,recentposts.htm,.htm,other,10706,0.01,1407413606.0,0,UNLIKELY,False,,591d3f984a6ef91878dc7015ee77771436d0ccbbc75ce113012164bb457d960b,1
2\Water Supply - parischaput@gmail.com - Gmail_files\rsAItRSTNnb4cgyQLIJWsVXpmCF9W3i2gQVA,rsAItRSTNnb4cgyQLIJWsVXpmCF9W3i2gQVA,[none],other,162736,0.16,1407413600.0,0,UNLIKELY,False,,ca4d8f00a7be389fe9bd5c48ca64490e0659d042851a0c9a3811be372fb0e799,1
2\Water Supply - parischaput@gmail.com - Gmail_files\rsAItRSTP4piMQCMtjYmnjsqasaKlH5vymFw.htm,rsAItRSTP4piMQCMtjYmnjsqasaKlH5vymFw.htm,.htm,other,1709767,1.63,1407413606.0,0,UNLIKELY,False,,1a1bfab842b73fb682933c099fa56d2db9e4025f1ccb90d758339047943fb149,1
2\Water Supply - parischaput@gmail.com - Gmail_files\y-eEJVZO0ZxtirXuMmRjVZzxAGAwJupv74ajiF4CXmb6sur6K2QwkLXr7GMu.png,y-eEJVZO0ZxtirXuMmRjVZzxAGAwJupv74ajiF4CXmb6sur6K2QwkLXr7GMu.png,.png,image,157,0.0,1407413598.0,0,UNLIKELY,False,,299e981a206b9780d3ceef024e79c8c1881bc78d458b8b6dc18e663e972458b6,1
2\Water Supply - parischaput@gmail.com - Gmail_files\a_data_003\dn.js,dn.js,.js,other,31249,0.03,1407413600.0,0,UNLIKELY,False,,48d964c9ee0b0e8c49a777dc282a4a77ba59284c95acfe61409b4258b6feec6c,1
2\Water Supply - parischaput@gmail.com - Gmail_files\frame_data\rsAItRSTMYkc_hp1bxmEt-3_zE9ujKP5wgKg.css,rsAItRSTMYkc_hp1bxmEt-3_zE9ujKP5wgKg.css,.css,other,37608,0.04,1407413598.0,0,UNLIKELY,False,,4af65c792c7c069e6ffaa319faa988166ed2a102cf287d204f02578e16c5e45b,1
2\Water Supply - parischaput@gmail.com - Gmail_files\frame_data\rsAItRSTPAl9CJYAU1Iw9xoBtn71D0VhQI4Q,rsAItRSTPAl9CJYAU1Iw9xoBtn71D0VhQI4Q,[none],other,83091,0.08,1407413600.0,0,UNLIKELY,False,,4c7b00374860639954dc085f592a0f05dd96c56af5a6ee241bc1b116e3639a9a,1
2\Water Supply - parischaput@gmail.com - Gmail_files\hovercard_data\rsAItRSTNCaqW9fk4TxeRPRcRnqpNvPv3vqA,rsAItRSTNCaqW9fk4TxeRPRcRnqpNvPv3vqA,[none],other,285293,0.27,1407413598.0,0,UNLIKELY,False,,c6493e01891b01762fa9242647c20cf4631be422390f2591ca4604180b83b5a9,1
2\Water Supply - parischaput@gmail.com - Gmail_files\hovercard_data\rsAItRSTPAl9CJYAU1Iw9xoBtn71D0VhQI4Q,rsAItRSTPAl9CJYAU1Iw9xoBtn71D0VhQI4Q,[none],other,98176,0.09,1407413600.0,0,UNLIKELY,False,,6482a174d72dea77d5e1cd567d5ba7dfbc38c295a35857ff1112ff49e7d2d661,1
2\Water Supply - parischaput@gmail.com - Gmail_files\hovercard_data\rsAItRSTPNdWEjMhALfH8kJptSbuRiVlWn_A.css,rsAItRSTPNdWEjMhALfH8kJptSbuRiVlWn_A.css,.css,other,34658,0.03,1407413598.0,0,UNLIKELY,False,,775bd474075af08e32ce3c5e076716958bd9291dcbd04e57e834a40ab9928f40,1
2\Water Supply - parischaput@gmail.com - Gmail_files\postmessageRelay_data\682094929-postmessagerelay.js,682094929-postmessagerelay.js,.js,other,6043,0.01,1407413598.0,0,UNLIKELY,False,,e4c7a01233a49dd8acea84dfa211b386c0d9a9a7bc5cd5730546f84cd7896d09,2
2\Water Supply - parischaput@gmail.com - Gmail_files\postmessageRelay_data\api.js,api.js,.js,other,12122,0.01,1407413598.0,0,UNLIKELY,False,,3e0c9f037f9a01b27e32491f1309b56f82e866d3a771c7b7cd8f58451509704a,1
2\Water Supply - parischaput@gmail.com - Gmail_files\postmessageRelay_data\corerpcshindig.js,corerpcshindig.js,.js,other,68179,0.07,1407413598.0,0,UNLIKELY,False,,25a0b4cc2caeb1e8fc26839684940be3261365a28aa00992e86093f8eb9e9747,3
2\Water Supply - parischaput@gmail.com - Gmail_files\proxy_data\cbgapi.loaded_0,cbgapi.loaded_0,.loaded_0,other,37873,0.04,1407413598.0,0,UNLIKELY,False,,e1bc644508e0829bcf92d02be0170463909edfccc136e5033908022c290a5f9b,1
2\Water Supply - parischaput@gmail.com - Gmail_files\recentposts_data\rsAItRSTMh9fuU6uz1R3kg8SRsCKR8cqKuew.css,rsAItRSTMh9fuU6uz1R3kg8SRsCKR8cqKuew.css,.css,other,22881,0.02,1407413600.0,0,UNLIKELY,False,,c6d0023e202d1dff75932451726cf4c640975280cb4190aa5896926b544eb8e1,1
2\Water Supply - parischaput@gmail.com - Gmail_files\recentposts_data\rsAItRSTOa4f1D-xhG5zCBawICi9Hg5E3M-g,rsAItRSTOa4f1D-xhG5zCBawICi9Hg5E3M-g,[none],other,307978,0.29,1407413598.0,0,UNLIKELY,False,,d35150e48f6c404d74d101f6524dd8dc35f9ff353b639f93cb3d98a44f150ba8,1
3\'Murika's high and tight.docx,'Murika's high and tight.docx,.docx,document,18125,0.02,1551025188.0,0,UNLIKELY,True,"Ah, here we go—'Murika's illiterate, high-and-tight bravest. ONLY uneducated goons in bunker coats imagine they alone have the cajones to clomp through flames while blowing every chance they're given to be the serenely confidant heroes they think they are. 'Murika's fascist nightmare kopoholics lead the planet by miles with their 2018 1,657-total for murders-by-kop (Europe's 42-nation total for police shootings in 2018? THREE!), and its military wackaloons who've managed to botch all 35 of their",00e8149648d58585d2d92842a2dbcef48fb09a27520f33728b8991042bed9417,1
3\(Disc_2)_01_-_Harbinger_(Live_Version).mp3,(Disc_2)_01_-_Harbinger_(Live_Version).mp3,.mp3,audio,8104969,7.73,1285377044.0,1,UNLIKELY,False,,eb3411f566e1f9b004c297caee2c99924c62f9668db0824171983ee9404655d9,1
3\(Disc_3)_12_-_Nobody_Does_It_Better.mp3,(Disc_3)_12_-_Nobody_Does_It_Better.mp3,.mp3,audio,7121184,6.79,1284704150.0,1,UNLIKELY,False,,9be6a7237db9639d3bb7c34c8adb8aac20db7c0aa2b224f3eff1c25c5564772a,1
3\...My Dreams.jpg,...My Dreams.jpg,.jpg,image,35918,0.03,1261262722.0,0,UNLIKELY,False,,ea132e5005a4d13ab16ed61f8af2e3053d80a9c29dec64e6b02b18d82c6697c0,1
3\01 THX_Movie_Intro.wma,01 THX_Movie_Intro.wma,.wma,audio,533585,0.51,1153874538.0,1,UNLIKELY,False,,89274efa751e93cd3cd52b5711bc8741dfdd2a2a17eacc5f116b946d2c9562cc,3
3\01_-_Children_Of_The_Sun.mp3,01_-_Children_Of_The_Sun.mp3,.mp3,audio,12513984,11.93,1275614010.0,1,UNLIKELY,False,,cf5851acd88a591df56f318d689f63c8e71ed55108d76b9685bd6f45d75a3d80,1
3\01_-_Perfect_Sleep_Therapy.mp3,01_-_Perfect_Sleep_Therapy.mp3,.mp3,audio,71347884,68.04,1281217936.0,1,UNLIKELY,False,,f8aa83585207ac4fc27c1c02006a25df51221d41b66a3c17d80ce36bcc852c35,1
3\01_-_Take_Me_Home_Country_Roads.mp3,01_-_Take_Me_Home_Country_Roads.mp3,.mp3,audio,5699605,5.44,1285378094.0,1,UNLIKELY,False,,c54945a92520598d3d044cfc68fb2e6c122d43d287b52388749a1a9d918930d1,1
3\02_-_Dont_Stop_Believin.mp3,02_-_Dont_Stop_Believin.mp3,.mp3,audio,7619839,7.27,1279869900.0,1,UNLIKELY,False,,14dc4f5d259074a474df4620afa37b1b03f6cf402052325f818aececa98ebfba,1
3\02_-_Elegiac_Melodies_Op__34_(arr__for_brass_band)_Elegiac_Melodies_Op__34_No__2_The_Last_Spring_(ar.mp3,02_-_Elegiac_Melodies_Op__34_(arr__for_brass_band)_Elegiac_Melodies_Op__34_No__2_The_Last_Spring_(ar.mp3,.mp3,audio,7588917,7.24,1279217894.0,1,UNLIKELY,False,,a65d5f0adb2e45424b2d0c6592f9b120134c35bcc4bceebc79cd26c48977216f,1
3\02_-_Put_It_Off_Until_Tomrrow.mp3,02_-_Put_It_Off_Until_Tomrrow.mp3,.mp3,audio,4808688,4.59,1275760482.0,1,UNLIKELY,False,,a5c8951aca86cee1e067b07adf4968beef9d520471d6afa59b879a92015b88b8,1
3\02_-_The_Healing_Heart.mp3,02_-_The_Healing_Heart.mp3,.mp3,audio,45911409,43.78,1281219852.0,1,UNLIKELY,False,,8d162334fa5838e5f82c1bc930c433a24e99dc959d4ec7dbe8da12db4f24e132,1
3\03_-_Akash_Bani.mp3,03_-_Akash_Bani.mp3,.mp3,audio,8969233,8.55,1276927228.0,1,UNLIKELY,False,,2ee5ba9e310de6d223b66270f575db6f38c2cb3d015424a36f5084e4482101e3,1
3\03_-_Alive_And_Well.mp3,03_-_Alive_And_Well.mp3,.mp3,audio,6274482,5.98,1275590618.0,1,UNLIKELY,False,,26809aaee27a7c60faaad9e06ce51ae2e338339297011eb7cd1a49a6c66d7119,1
3\03_-_Cant_Wait_All_Night.mp3,03_-_Cant_Wait_All_Night.mp3,.mp3,audio,7292444,6.95,1376229244.0,1,UNLIKELY,False,,b3e60c298f5e2b3bd90976772be8315c72dc2a4b7f9a41fe348d600aa421cda6,1
3\03_-_Heart_From_A_Stone.mp3,03_-_Heart_From_A_Stone.mp3,.mp3,audio,6673206,6.36,1376229250.0,1,UNLIKELY,False,,aa185386192e915001ea4f5e3b3f051395cf5823bd984342d524dd1fd28a810e,1
3\03_-_Help_Me_Make_It_Through_The_Night.mp3,03_-_Help_Me_Make_It_Through_The_Night.mp3,.mp3,audio,4942552,4.71,1376229254.0,1,UNLIKELY,False,,12ca8761fc3366bb7507c7c982fb4a321e66779da2bfa7ab6f04612d960b1403,1
3\03_-_Take_Me_Home_Country_Roads.mp3,03_-_Take_Me_Home_Country_Roads.mp3,.mp3,audio,6688834,6.38,1284532632.0,1,UNLIKELY,False,,046bb9dbf948b95a7525c45c75bacc1a711d287ed9494be6dded8bea66ec5d89,1
3\03_-_Till_I_Can_Make_It_On_My_Own.mp3,03_-_Till_I_Can_Make_It_On_My_Own.mp3,.mp3,audio,5316267,5.07,1376229266.0,1,UNLIKELY,False,,378bcdef54ea590da0d616da56b11bb8f61390809da00d00662e701f2db26f8e,1
3\04_-_Healing_and_Relaxing_Power_of_Stress_Relief_By_Meditation_Music.mp3,04_-_Healing_and_Relaxing_Power_of_Stress_Relief_By_Meditation_Music.mp3,.mp3,audio,9995512,9.53,1281219976.0,1,UNLIKELY,False,,ee2f7e198c9106f8fb1511a7a9b99e4ca4556350c231470cebf56baf2bfcff67,1
3\04_-_Inner_Peace.mp3,04_-_Inner_Peace.mp3,.mp3,audio,21531914,20.53,1281215868.0,1,UNLIKELY,False,,a3dcb982da87cbff8b30338c709f5fb2ed24bd6cc19d818ed540ffa79dac7a3b,1
3\04_-_Joy_To_The_World.mp3,04_-_Joy_To_The_World.mp3,.mp3,audio,7049772,6.72,1284705628.0,1,UNLIKELY,False,,7b440d308a903e8551b9cb34f8222ed8adc59ccfa3abe95cf32e2ea443f294e6,1
3\05_-_Alive_and_Well.mp3,05_-_Alive_and_Well.mp3,.mp3,audio,6110380,5.83,1275760484.0,1,UNLIKELY,False,,636faa7bc69b0f2ff0859123d0d7b37976f5bb5e46b44541e52429068bf98265,1
3\05_-_Break_It_To_Me_Gently.mp3,05_-_Break_It_To_Me_Gently.mp3,.mp3,audio,7042423,6.72,1275760486.0,1,UNLIKELY,False,,b3940b7a97a9defd998019bc20902ca59505e80131af92eabaae8923d6e81cef,1
3\05_-_Right_Here_In_Your_Arms.mp3,05_-_Right_Here_In_Your_Arms.mp3,.mp3,audio,5090899,4.86,1376229280.0,1,UNLIKELY,False,,592771c791ff1ee9bc7950d0811c0a17352357261ceda6ce7fd9cedd0643d8ec,1
3\05_-_Sittin_On_The_Front_Porch_Swing.mp3,05_-_Sittin_On_The_Front_Porch_Swing.mp3,.mp3,audio,4563538,4.35,1275603132.0,1,UNLIKELY,False,,24138372ed6ed7792674b57555eb3e2a1773f2ed32f76389784b32075610a51b,1
3\06 Girls in Their Summer Clothes.mp3,06 Girls in Their Summer Clothes.mp3,.mp3,audio,10442392,9.96,1223523782.0,1,UNLIKELY,False,,00c2d3bc52d351c48af9d025f84dadd4542560c8b34329dbc0aa2de929a2bf81,2
3\06_-_This_Time_I_Almost_Made_It_(Previously_Released_Material).mp3,06_-_This_Time_I_Almost_Made_It_(Previously_Released_Material).mp3,.mp3,audio,4137827,3.95,1376229292.0,1,UNLIKELY,False,,7d5fc70c5a236c634de048f427026305bb27b299f02c89f64b697b406109c646,1
3\07_-_Hurt.mp3,07_-_Hurt.mp3,.mp3,audio,5677620,5.41,1376229308.0,1,UNLIKELY,False,,2e70ada46d0d2b9c76697347326562eee34d1b56107fe17ee56a4e70ee0e363d,1
3\07_-_I_Forgot_More_Than_Youll_Ever_Know.mp3,07_-_I_Forgot_More_Than_Youll_Ever_Know.mp3,.mp3,audio,4019135,3.83,1275603418.0,1,UNLIKELY,False,,40f977e7501156e28305e85b340fde01bbc0bb4b027def493229e80dfbf60c72,1
3\07_-_Magic_(Sound_Therapy_Healing_Album_Version).mp3,07_-_Magic_(Sound_Therapy_Healing_Album_Version).mp3,.mp3,audio,12543411,11.96,1281219726.0,1,UNLIKELY,False,,55aedb3303dce4fc0de359eedf1432b197a4579bb10857548db4525d38f966b4,1
3\07_-_On_The_Turning_Away_(Live).mp3,07_-_On_The_Turning_Away_(Live).mp3,.mp3,audio,14326522,13.66,1277885904.0,1,UNLIKELY,False,,fe28cea5850c0da54dca401dc8a79ce71a17cf6306aaa84259b7a5dcdb69f5df,1
3\08_-_Fairy_Tales.mp3,08_-_Fairy_Tales.mp3,.mp3,audio,3908379,3.73,1275591008.0,1,UNLIKELY,False,,93d7420a89c489c2b814fe21fc8a7a6c2184b4c36c69365da35f7d702d6fce45,1
3\09 A Spark in the Night.mp3,09 A Spark in the Night.mp3,.mp3,audio,18711916,17.85,1224381642.0,1,UNLIKELY,False,,8a336f1ed19cff6af055889bc4e05a38edf1bec2dc63115055a76f6f3a3d9ae8,3
3\09_-_East_Of_Edens_Gate.mp3,09_-_East_Of_Edens_Gate.mp3,.mp3,audio,12010666,11.45,1275614200.0,1,UNLIKELY,False,,96ffd0d0d1bab590edfc9023e01bce61543decdd92223ac48056b32430e80c2c,1
3\09_-_Prophecy_(Album_Version).mp3,09_-_Prophecy_(Album_Version).mp3,.mp3,audio,5728439,5.46,1285376224.0,1,UNLIKELY,False,,5d31f6e044aa04069f4d108dfcb101d5778616fd043a44da1b50b4b9de94b4e7,1
3\10 City of New Orleans.mp3,10 City of New Orleans.mp3,.mp3,audio,9463244,9.02,1247352088.0,1,UNLIKELY,False,,7b9e4c6118596fb5ff92d43e1a5108ca266287e6e0f6d08028818bdaedc3c8cb,1
3\10_-_Let_Her_Fly.mp3,10_-_Let_Her_Fly.mp3,.mp3,audio,5584486,5.33,1275590480.0,1,UNLIKELY,False,,06bce1c0bea14693284d2ad4fc58d9fbb1aabc8360e16cef56930b1693c47c5a,1
3\10_-_MSG.mp3,10_-_MSG.mp3,.mp3,audio,8089388,7.71,1284144140.0,1,UNLIKELY,False,,20748b1cd2f6a2328a3a02b947e9569e4aca3e9feab1c85518da9c567657a079,1
3\10_-_One_Stone_At_A_Time.mp3,10_-_One_Stone_At_A_Time.mp3,.mp3,audio,5165214,4.93,1275591474.0,1,UNLIKELY,False,,7655c75249350e371fca13cafc13b75dc1b89317c7d7624b50553dde6bcc9553,1
3\10_-_What_Do_They_Know.mp3,10_-_What_Do_They_Know.mp3,.mp3,audio,6009940,5.73,1275760494.0,1,UNLIKELY,False,,d44b219ead04e6a7a72feb81ae35bb4580343742fe7b028d411399a6fd5c78dc,1
3\11_-_Hymn.mp3,11_-_Hymn.mp3,.mp3,audio,9841826,9.39,1276907992.0,1,UNLIKELY,False,,071e7bf765e7543c086ac7c9d6c407875978a55997febb1f0139287109b63291,1
3\12 10 Track 10.mp3,12 10 Track 10.mp3,.mp3,audio,9304432,8.87,1251323338.0,1,UNLIKELY,False,,fab442185b352740f340bf3af9bca709f2c291813caf87f7a2c46fbddb22fc70,1
3\12_-_Prayer_of_Thanksgiving.mp3,12_-_Prayer_of_Thanksgiving.mp3,.mp3,audio,6602174,6.3,1258245336.0,1,UNLIKELY,False,,7f214f268117b44695851c03dcb63c3b11eb76e842d0682ef559bcc77ba278f7,1
3\12_-_You_Make_Me_Want_To_Make_You_Mine.mp3,12_-_You_Make_Me_Want_To_Make_You_Mine.mp3,.mp3,audio,7340152,7.0,1275602428.0,1,UNLIKELY,False,,0664cd9e92ed857f87cee4237753df0b4ea51d51be88620cc64153e244642306,1
3\13 - Memory.mp3,13 - Memory.mp3,.mp3,audio,6925175,6.6,1376229326.0,1,UNLIKELY,False,,11ed80a3073f8680a2030b455f261b0ffc647abc37f3f46b7cc536f0b830ed0e,2
3\13 12 Track 12.mp3,13 12 Track 12.mp3,.mp3,audio,8841940,8.43,1251323334.0,1,UNLIKELY,False,,2c3b74862e2290879d79b710bbdd8e3626c642836364bff43990e6af1d5fd140,1
3\13_-_Another_Lonely_Song.mp3,13_-_Another_Lonely_Song.mp3,.mp3,audio,4901484,4.67,1376229664.0,1,UNLIKELY,False,,a4ec0459a35213c517adbafbe8ae4c101f977d37eae87be4652582eeb905141d,1
3\14937789.jpg,14937789.jpg,.jpg,image,1514128,1.44,1292799180.0,0,UNLIKELY,False,,bac7a94a5e89bd2da488a7be11684195b37b8851378e1494995afdeb024fdab9,1
3\14937886.jpg,14937886.jpg,.jpg,image,854623,0.82,1292799140.0,0,UNLIKELY,False,,cc69edcaa83e7c9ca5fbb4b3869938cfd6d14c5d244371b56b530f5586370ae7,1
3\14_-_Silent_Night.mp3,14_-_Silent_Night.mp3,.mp3,audio,5259285,5.02,1258231938.0,1,UNLIKELY,False,,38d5065c86ea94a293c29f68009c60ca8796fb8fbff315ccd4d8b9966b82b29f,1
3\15 Here I Go Again.mp3,15 Here I Go Again.mp3,.mp3,audio,10895488,10.39,1196868706.0,1,UNLIKELY,False,,e77085156ca770cfd5c575ce8d54b5ac512028098354c1539f30701f1e6d6cd2,2
3\161467-bigthumbnail.jpg,161467-bigthumbnail.jpg,.jpg,image,36218,0.03,1349607678.0,0,UNLIKELY,False,,efd1af7ec85ef50b235548a0793a3e1fc1611dd3dc4d94b3e47ba87092421929,1
3\18_-_Only_A_Lonely_Heart_Knows.mp3,18_-_Only_A_Lonely_Heart_Knows.mp3,.mp3,audio,7389999,7.05,1376229670.0,1,UNLIKELY,False,,8ff78cb8b008f83af211301383d954a8a32e9daa942925e0011be86f18e4be28,1
3\2000 Buick Blackhawk.jpg,2000 Buick Blackhawk.jpg,.jpg,image,175831,0.17,1282285860.0,0,UNLIKELY,False,,9fc7fed2e2e7b86fdfad5cef154e1ae738f7b85d8ed2febd307998b7ca9fe7f7,1
3\2007-RU-lublyanka0001.jpg,2007-RU-lublyanka0001.jpg,.jpg,image,409823,0.39,1392803588.0,0,UNLIKELY,False,,0689548b4a893c943d83c0e23bce21271a84906ae517c052147843387f2b8395,1
3\2010 storm Dakotas.jpg,2010 storm Dakotas.jpg,.jpg,image,61308,0.06,1293651100.0,0,UNLIKELY,False,,c2d0e135a544994ff8452ee46f599cd6b98f1ae29ca30632bf5a7bb7d194207d,1
3\20th century limited.jpg,20th century limited.jpg,.jpg,image,103311,0.1,1259998052.0,0,UNLIKELY,False,,f615c29f071564e3146abbbaf0b6d58cce6a78abc2f0471b94718442b95493ef,1
3\20th century.jpg,20th century.jpg,.jpg,image,34640,0.03,1263747016.0,0,UNLIKELY,False,,44bd57959f8ca8ca8d8f856971b0262d7b71bb97edb645991edb2c6bb5a8ca61,1
3\20_-_The_Lord_Of_The_Dance.mp3,20_-_The_Lord_Of_The_Dance.mp3,.mp3,audio,8009739,7.64,1283029524.0,1,UNLIKELY,False,,b72a3ce1cfea42e7f9b8c68732a677aaacf078e4d7c516b1719db63337246756,1
3\247402125_53689dfc2e_o.jpg,247402125_53689dfc2e_o.jpg,.jpg,image,3752624,3.58,1285096128.0,0,UNLIKELY,False,,9ec42d673dcf970910be0356c688d406227b730018393a09d5a6f0b51a9fa49b,1
3\2747118355_174d3c0e2e_b.jpg,2747118355_174d3c0e2e_b.jpg,.jpg,image,375048,0.36,1294483684.0,0,UNLIKELY,False,,9773e7ccd018121f4b945253be1960706a33bab894a98cf91157cca8a599e694,1
3\311456132Qzqkwm_fs.jpg,311456132Qzqkwm_fs.jpg,.jpg,image,698725,0.67,1285097532.0,0,UNLIKELY,False,,578ad2883845a174469610aea1b07f3025918bf2b8b0892f12b495b300699e0e,1
3\31839128BpAIkkKPCQ_fs.jpg,31839128BpAIkkKPCQ_fs.jpg,.jpg,image,98555,0.09,1292355062.0,0,UNLIKELY,False,,85e41e7e55aca8a088429d3e85edaaf12112f3009b0153ed0b756aa99d4e9b32,1
3\3664222469_262c14e7cb_o.jpg,3664222469_262c14e7cb_o.jpg,.jpg,image,125235,0.12,1285098306.0,0,UNLIKELY,False,,afd7db4396291b2bebf35a435b196fcdfa60fbf1f411fee0355b2a9122578985,1
3\3971504559_8ff4619da0.jpg,3971504559_8ff4619da0.jpg,.jpg,image,252274,0.24,1285096360.0,0,UNLIKELY,False,,2551fc789b218e681842c2ef2ac9eb1669077c4a4e77c518fff08a5b3d259d98,1
3\3d_dark_moon.jpg,3d_dark_moon.jpg,.jpg,image,53166,0.05,1288642702.0,0,UNLIKELY,False,,a21af852e43add49004bc21c9820aa2a51a8974fb60c2cbff7dc93b642bfa612,1
3\400px-USA_Antelope-Canyon.jpg,400px-USA_Antelope-Canyon.jpg,.jpg,image,18285,0.02,1284669788.0,0,UNLIKELY,False,,07e9735fa5d75461101f06960371c6e4c53bb6a2b29363506a806b59ab4af41e,1
3\479846406_b3b5c68d35.jpg,479846406_b3b5c68d35.jpg,.jpg,image,150322,0.14,1284973152.0,0,UNLIKELY,False,,d99ab55c1586660e16cdf2de6feb25a76cfc9e7936e17dc1d3bb150051d8307b,1
3\736705-4de92093-602e-4022-8fe2-ba8df19d9186l.jpg,736705-4de92093-602e-4022-8fe2-ba8df19d9186l.jpg,.jpg,image,362020,0.35,1292354862.0,0,UNLIKELY,False,,778cd70c0e9439e5c65dad5f092a7492dda82a54dff1f8cf152b9f221a1f2c96,2
"3\75 BELOW Verkhoyanie, Kolyma.jpg","75 BELOW Verkhoyanie, Kolyma.jpg",.jpg,image,44540,0.04,1283151100.0,0,UNLIKELY,False,,80207c8f2591023aebd15c9b4457afb171a0854b7cca87f3f587c399f53bc143,1
3\A BRIGHT STAR IN CEPHEUS - Copy.mp3,A BRIGHT STAR IN CEPHEUS - Copy.mp3,.mp3,audio,6640882,6.33,1264659444.0,1,UNLIKELY,False,,ef2d7ee9e667cd39de5a688b65db8555a18b10ee68d447ff8aa3d874e641cab9,2
3\A BRIGHT STAR IN CEPHEUS.mp3,A BRIGHT STAR IN CEPHEUS.mp3,.mp3,audio,6640882,6.33,1264659444.0,1,UNLIKELY,False,,ef2d7ee9e667cd39de5a688b65db8555a18b10ee68d447ff8aa3d874e641cab9,2
3\A Perfect Life.doc,A Perfect Life.doc,.doc,document,1031168,0.98,1275783004.0,0,UNLIKELY,False,,a417f2cbe47b7a8591ca5bfb5f18736116a73eb106ae62c391a36a9e62e1c223,2
3\ADIEMUS LIVE.mp3,ADIEMUS LIVE.mp3,.mp3,audio,7650856,7.3,1264029532.0,1,UNLIKELY,False,,88da0bc4badb7429cbb767ebb35ab70baee5ee81c6f2c4c5a4f3572555972f47,1
3\ADIEMUS.mp3,ADIEMUS.mp3,.mp3,audio,9955785,9.49,1264029422.0,1,UNLIKELY,False,,2905acd523222bc53870ed069d94f42bbba05d24769c8644903f96b6eca8e40e,1
3\American Hoboes Leeds.doc,American Hoboes Leeds.doc,.doc,document,299520,0.29,1264984458.0,0,UNLIKELY,False,,d17ca8fb75c82a13d114f8fcbe0be0bc018d751e2dbd21fc550480ff9fc935c4,2
3\Anarchist flag.png,Anarchist flag.png,.png,image,3842,0.0,1281480774.0,0,UNLIKELY,False,,980c8818ad26af2db31be570d7ded5663b9f9477a230bc152471d588f310a845,1
3\antelope-slot-canyon-by-b-e-butler.jpg,antelope-slot-canyon-by-b-e-butler.jpg,.jpg,image,42971,0.04,1284669126.0,0,UNLIKELY,False,,e2f59669c58f31204a407c0d63523fb0accb2b86bf59e0680601ea9a9dede5e4,1
3\antelope_canyon7.jpg,antelope_canyon7.jpg,.jpg,image,283912,0.27,1284669208.0,0,UNLIKELY,False,,0b89752ca0170bf944670ef8dcfbba8f652d8800ae4e6dc9e44eeb711a0fd53a,1
3\antermoiaVajolet.jpg,antermoiaVajolet.jpg,.jpg,image,129556,0.12,1271666250.0,0,UNLIKELY,False,,14838c4447d1b8af821ded2bc40b0612d836098c4774da3cfc7ce84ba041df9a,1
3\APA Citations.doc,APA Citations.doc,.doc,document,89088,0.08,1276487440.0,0,UNLIKELY,False,,d084263b75f9df57bfbba0aa0fe4deac44801f17e391cc955046428b2725690b,1
3\Arc_de_Triomphe_Paris_France_B-450296s.jpg,Arc_de_Triomphe_Paris_France_B-450296s.jpg,.jpg,image,150597,0.14,1286480254.0,0,UNLIKELY,False,,004886ec26bb311108ca8d0708f472bd6160ba3907835ddf829d8df2f806c1b1,1
3\Asheville.jpg,Asheville.jpg,.jpg,image,30153,0.03,1277860070.0,0,UNLIKELY,False,,0e9991e18ec21536e5d11aec60fb48f2171216f7420920634746641bd4a2cb94,1
3\at-the-diner.jpg,at-the-diner.jpg,.jpg,image,116917,0.11,1284973204.0,0,UNLIKELY,False,,e45a15abf9654be84470250578fd00bb03ce430fea5a0b14fe5af18314abdaa3,1
3\Barnhouse Hometown.jpg,Barnhouse Hometown.jpg,.jpg,image,105533,0.1,1267030820.0,0,UNLIKELY,False,,75e8dc805e9f7d79dcb614da25a825b5033f371d1af1638e564d1c086e0372fc,1
3\barnhouse.gif,barnhouse.gif,.gif,image,2258295,2.15,1267030682.0,0,UNLIKELY,False,,599a1605e7f9c41d5df8a8fcf40ab008b991a249e896ab3942507f99376c1e8f,1
3\bates_motel.jpg,bates_motel.jpg,.jpg,image,27339,0.03,1270964402.0,0,UNLIKELY,False,,4bd74ffb6d47bd45631287538577287bc8295d526739b0ec2ed964fe8eafb5ed,1
3\Beach.pdf,Beach.pdf,.pdf,document,18405,0.02,1270156508.0,0,UNLIKELY,False,,1995ddc55d44eb37c2f22138ce920372654466263cf909e10f960bbaeb6ec5f8,1
3\Beach.ppt,Beach.ppt,.ppt,other,259584,0.25,1270154190.0,0,UNLIKELY,False,,3a596b3cb73a3ea62178ecba19f92345f1dd619b1f9347a2ef2fbdb3de739f14,1
3\Because You Loved Me.mp3,Because You Loved Me.mp3,.mp3,audio,8722172,8.32,1311062136.0,1,UNLIKELY,False,,356c66038d0186a8acb74d775f5232f4d84e25f871fb8c5cb8e30cca0136ee2f,1
3\Belgium.jpg,Belgium.jpg,.jpg,image,230655,0.22,1264550086.0,0,UNLIKELY,False,,a5369704c5bc7ead6846d8b7f8cca5c70bf3008b725774cbe6df49b71fba1d79,1
3\Beowulf.jpg,Beowulf.jpg,.jpg,image,280511,0.27,1294105006.0,0,UNLIKELY,False,,c1e229dbe23954bdecac88a0be4ef0bd4ebfb04ec39fbf06376b467b59633519,1
3\BookPromotioneBook.pdf,BookPromotioneBook.pdf,.pdf,document,804727,0.77,1276546080.0,123,HIGH,True,"Brian Jud Proven Tips for Publishing Success Get Your Word’s Worth Get Your Word’s Worth 555 Tips for Improving Your Book Promotion Are you getting the most bang from your promotional buck? There are some publishers who think publicity is the only promotional tool for selling books. In fact, it is only one of many, and in some cases it is the least effective. There are literally thousands of ways you can promote your titles, effectively, efficiently and economically. The tips in this booklet wil",c6baf2272a643f894ae7f9ddd5b016f958dda84fd00ef533689d82069ff4c6e2,1
3\Brandenburg 5.mp3,Brandenburg 5.mp3,.mp3,audio,17993460,17.16,1265310768.0,1,UNLIKELY,False,,4d034476a758da6fb433f958ffd5b5cb8b523633cb3bc815b51adacaf497e49d,1
3\Brazilian Roots.mp3,Brazilian Roots.mp3,.mp3,audio,15275700,14.57,1270251798.0,1,UNLIKELY,False,,55e400295d4ee3aff172350bebb2fbd793bfae42189806f348b54c289304328c,1
3\BRITISH PBY.jpg,BRITISH PBY.jpg,.jpg,image,165481,0.16,1264139330.0,0,UNLIKELY,False,,67a055ff461be5ff1c496e9812b4feaae84e0293692826c875d9eb1a6ca3af6b,1
3\broken section.doc,broken section.doc,.doc,document,205824,0.2,1285965692.0,0,UNLIKELY,False,,42766a313db9714bd46511eeacd437bf1e7e4a17b9680f3ffcbefd99e918e870,1
3\Butugichag-admin.jpg,Butugichag-admin.jpg,.jpg,image,226204,0.22,1288940604.0,0,UNLIKELY,False,,900dfae73815ca5d9bacff05d1783a42729d1a154ea86d4dcca65bac9044465f,1
3\Caliente.mp3,Caliente.mp3,.mp3,audio,5716450,5.45,1271100286.0,1,UNLIKELY,False,,86ee896dbce33334abbbbeeeb95c328e17c86d93c940365622716d24caa27b1e,1
3\Camaro-2010-3.jpg,Camaro-2010-3.jpg,.jpg,image,284218,0.27,1270509190.0,0,UNLIKELY,False,,9611b62a6278897c1cc00751f3304aa2058d220b3a7e1908c43734a593bc9bbb,1
3\CANTILENA.mp3,CANTILENA.mp3,.mp3,audio,6334153,6.04,1264030044.0,1,UNLIKELY,False,,24a1130f4d052ce13d8cef9cbcd320322a9b365c9916430897862a5400838120,1
3\Carcassonne.jpg,Carcassonne.jpg,.jpg,image,63950,0.06,1275096134.0,0,UNLIKELY,False,,2377ae5640d11d9ceaeb9c40d9f70cc1b0f7a6935387a90c4766e41d3eae5a5d,1
3\CARPATHIANS.jpg,CARPATHIANS.jpg,.jpg,image,39742,0.04,1264629446.0,0,UNLIKELY,False,,01c50281204f241baae6b44ada5c579a28957b9d3f213d55b4e7ce07b4f3d311,1
3\CCREGISTRY BACKUP.reg,CCREGISTRY BACKUP.reg,.reg,other,102770,0.1,1292459652.0,0,UNLIKELY,False,,fe0a777d37e9afa78d1cfd65942edbe1ae2c8dea6d0c44b5dfee5975dccfed2d,1
3\Chicago.jpg,Chicago.jpg,.jpg,image,44586,0.04,1268035760.0,0,UNLIKELY,False,,8c1e21c68dc4c12a9d70fb1f28601adc185303c1721627a26d257cb211c826d7,1
3\Christmas Leave.jpg,Christmas Leave.jpg,.jpg,image,72069,0.07,1261158312.0,0,UNLIKELY,False,,a18faa0221da6448907d2528c75c3e3244717a8703cd68b0b33210b687731dc6,1
3\Cinderella Never Left.jpg,Cinderella Never Left.jpg,.jpg,image,53464,0.05,1274116852.0,0,UNLIKELY,False,,f979469ad3ff965d2b5121052d401d42362470964fe41bcfe077b478594b4657,1
3\CLOUDS.mp3,CLOUDS.mp3,.mp3,audio,31368644,29.92,1281295490.0,1,UNLIKELY,False,,da669dbf60e3cb65fc240c716bc5b60d730841cbef899a5525b0a11ff991deec,1
3\CODIS HANDBOOK.pdf,CODIS HANDBOOK.pdf,.pdf,document,2770303,2.64,1289809306.0,42,HIGH,True,"  Handbook of Forensic Services (revsed 2007) Editor Km Waggoner Editorial Assistant Kathryn H. Suchma Graphic Design Sandra D. Hollday An FBI Laboratory Publcaton Federal Bureau of Investgaton Quantco, Vrgna ISBN 978-0-16-079376-9  Table of Contents Introducton. . . . . . . . . . . . . . . . . . . . . 1 Submttng Evdence. . . . . . . . . . . . . . 7 Evdence Examnatons. . . . . . . . . . . 13 Crme Scene Safety. . . . . . . . . . . . . 147 Crme Scene Search. . . . . . . ",4fc85bea7314233e8fb141f78ba336d791cc30d22991866156f335caf8f71352,1
3\Coke WWII.doc,Coke WWII.doc,.doc,document,58880,0.06,1349607184.0,0,UNLIKELY,False,,f4d569816d649b8a3bf113601a193959b6d932b7990cb734dcf58cfefd9b1065,1
3\COMICS.doc,COMICS.doc,.doc,document,28160,0.03,1283536654.0,0,UNLIKELY,False,,cecd6beb58013869eb68e4c0e397749ae1296663f3203ff94c1afb0d1b4ea40e,1
3\cooltext473873116.png,cooltext473873116.png,.png,image,13049,0.01,1287734824.0,0,UNLIKELY,False,,b834e66f5e309f270aec4fb7e4a3270908071e5ef0e6918be1f8e7b33ab28540,1
3\cooltext474065455 - Copy.png,cooltext474065455 - Copy.png,.png,image,5171,0.0,1289763148.0,0,UNLIKELY,False,,54abf32e8037470d6d3f4aad9890b55306c5a558215013c4f82b05b8e458f249,2
3\cooltext474065455.png,cooltext474065455.png,.png,image,5171,0.0,1289763148.0,0,UNLIKELY,False,,54abf32e8037470d6d3f4aad9890b55306c5a558215013c4f82b05b8e458f249,2
3\cooltext478602741.png,cooltext478602741.png,.png,image,10921,0.01,1289766282.0,0,UNLIKELY,False,,57c127ddd1ff70549f403ff81b19d9241314cb13abdf230c8393d1ebd0e461be,1
3\cooltext479299564.png,cooltext479299564.png,.png,image,64443,0.06,1289932166.0,0,UNLIKELY,False,,d806eeec49f70ff5a911c06618d725eccef4cd64137364c5e6eaf55afda3cfd3,1
3\COSMOS.mp3,COSMOS.mp3,.mp3,audio,10849826,10.35,1281933284.0,1,UNLIKELY,False,,d445186741f5332cf9875987f648f961505da4c6d70c3af7cf26488410aa6f69,2
3\crickets.mp3,crickets.mp3,.mp3,audio,233161,0.22,1206738666.0,1,UNLIKELY,False,,59be6f487f7c7230e15db461de5901ce2e31ebe420c4d0e1f5afaa616c819a3a,2
3\crop-circles.jpg,crop-circles.jpg,.jpg,image,527862,0.5,1286852138.0,0,UNLIKELY,False,,0f8b29e6c45cc27c671bfb3a2fe12d88cffd129ce7b54689d9fb5acf0196ba80,1
3\Cuckoos Nest.mp3,Cuckoos Nest.mp3,.mp3,audio,6302669,6.01,1267813310.0,1,UNLIKELY,False,,6da26c813d5d53787e89a3fcfb40c4323cd012ef7601fff9dca4be798f373c7c,1
"3\DeKalb-Peachtree, Chamblee, GA.jpg","DeKalb-Peachtree, Chamblee, GA.jpg",.jpg,image,137288,0.13,1277098942.0,0,UNLIKELY,False,,31b6461d797c7083cce56e033ea3cd0fbbaf7448246153820ba856b136685085,1
3\DENIS CHAPUT.jpg,DENIS CHAPUT.jpg,.jpg,image,57007,0.05,1275204074.0,0,UNLIKELY,False,,634bf22e1d0f2fed6cefcaca86d1f8bb5646dd01fb11c7db8ceb33f4a931afe1,1
3\DENIS CHAPUT.pptx,DENIS CHAPUT.pptx,.pptx,other,139505,0.13,1277248972.0,0,UNLIKELY,False,,3f693e6ad0af19b1d8b4d85680c506c9bcfea20466d72f6b3bd02649a232002a,1
3\DENIS SHIELD.jpg,DENIS SHIELD.jpg,.jpg,image,79117,0.08,1510166738.0,0,UNLIKELY,False,,545a58a91992cc3537d46a48e95ab25d413d3c240864ca9e1461fb9a28a2a5bc,1
3\Descartes.doc,Descartes.doc,.doc,document,47616,0.05,1280094642.0,0,UNLIKELY,False,,d0b5cb634bc24f13ef674d79b4e07b1fd4853ac4b20f5b0bc9ecaa24cfeb6eb9,1
3\DESIDERATA.doc,DESIDERATA.doc,.doc,document,34816,0.03,1279648726.0,0,UNLIKELY,False,,223317eb71dd21adaf1f880f2916b58697e2c747bd23403120a36dd94408d874,1
3\DIATOMS.jpg,DIATOMS.jpg,.jpg,image,717253,0.68,1278727302.0,0,UNLIKELY,False,,73f6480e2520d8f5659e39947f0027d025b294935bfb3d05e0d2f65e52cd5ba0,1
3\DOGS 014.pdf,DOGS 014.pdf,.pdf,document,308657,0.29,1265058456.0,0,UNLIKELY,False,,6a99a44374c5b83a94f4d0a495084c1c236458262aa363141f97fe1eb8203322,1
3\Doors-of-the-Valley.jpg,Doors-of-the-Valley.jpg,.jpg,image,554970,0.53,1284669050.0,0,UNLIKELY,False,,c9fcbf310c9adf76bd5c5d5b82cda465f49f218115c6e65a8d9340a56bebb232,1
3\DRAGON FLY LOGO.png,DRAGON FLY LOGO.png,.png,image,14630,0.01,1392805718.0,0,UNLIKELY,False,,2ea8ef99373a650ae7621636afa3eda11f23dd2f2c44f30b30165dbbeec9382f,1
3\dragon fly.jpg,dragon fly.jpg,.jpg,image,21773,0.02,1280533260.0,0,UNLIKELY,False,,53c0a8550030238c39911249b6fb00a68366195778f0ac1c0b81d16d6f994723,1
3\Dream Homes.doc,Dream Homes.doc,.doc,document,205312,0.2,1284225520.0,0,UNLIKELY,False,,3fc1bcece6d7b35042887e1912dc49a3c085ee4fab9534b03580825c1ab96115,1
3\Driving Home.jpg,Driving Home.jpg,.jpg,image,34753,0.03,1281073712.0,0,UNLIKELY,False,,6aedf6832dae3a74825d5c5000e1acc5808b347f4c141d41390c47448377a5a9,1
3\drooker-Bannerman.jpg,drooker-Bannerman.jpg,.jpg,image,103829,0.1,1283583914.0,0,UNLIKELY,False,,1de616dc7a81ff8f80b3dd1f7d483d1b34511480426bf6cb3f5d1f533d469027,1
3\DSC02569.jpg,DSC02569.jpg,.jpg,image,141995,0.14,1264627622.0,0,UNLIKELY,False,,7c4701360d4fe2704950b44636630e947b14b758e64ae87fba7c41546210dddf,1
3\Durmitor silver expanded.pdf,Durmitor silver expanded.pdf,.pdf,document,42207,0.04,1271613888.0,0,UNLIKELY,False,,3c32e4f4454dc7e2e674d5e4900487d428437e7540589ae3f883855da26e8362,2
3\Durmitor silver.pdf,Durmitor silver.pdf,.pdf,document,42207,0.04,1271611916.0,0,UNLIKELY,False,,3c32e4f4454dc7e2e674d5e4900487d428437e7540589ae3f883855da26e8362,2
3\elaine page.mp3,elaine page.mp3,.mp3,audio,10120878,9.65,1273166544.0,1,UNLIKELY,False,,d6e8a7cf5f50c8939e5ccbc570818466dfd323c3141370fe8322a40f713164a0,1
3\EMMA 14.jpg,EMMA 14.jpg,.jpg,image,259327,0.25,1269793982.0,0,UNLIKELY,False,,0fbd443fd4da8a714d0d0de6540bf799a31fe111301538fbad76820109b81a76,1
3\England WWII.jpg,England WWII.jpg,.jpg,image,15924,0.02,1261187382.0,0,UNLIKELY,False,,b66f1d2ce55af617df880411673f1610ed97d08013084044f550b96781108445,1
3\FIELD.ppt,FIELD.ppt,.ppt,other,3172352,3.03,1279911082.0,0,UNLIKELY,False,,a98e61fef2f26de49d516a2fc9264338503326a8c5c38aa5ab0a277ca5065815,1
3\Fisher53Ford.jpg,Fisher53Ford.jpg,.jpg,image,30013,0.03,1288127238.0,0,UNLIKELY,False,,5f448cc678c9d968bc952fcf103247d9f440ccc2a019906737c8114707c5756c,1
3\Forever.mp3,Forever.mp3,.mp3,audio,8500228,8.11,1268720196.0,1,UNLIKELY,False,,155dbf6d6f4a9b4bd39031c8eb3172ad298227ba76f6e47a75e3d2878d28744a,1
3\French City of New Orleans.mp3,French City of New Orleans.mp3,.mp3,audio,7590736,7.24,1273041236.0,1,UNLIKELY,False,,472a3e43556e9be19eb62238fe562dd08bb6155f077d0ef3cdb17336014683aa,1
3\Frost Ripton.jpg,Frost Ripton.jpg,.jpg,image,66850,0.06,1262630040.0,0,UNLIKELY,False,,b32cda82ca7b11282e5f43f612fbcc92179827692844a24bbe1acb6f0b84d596,1
3\George's commandments.doc,George's commandments.doc,.doc,document,36352,0.03,1278822850.0,0,UNLIKELY,False,,8b033f1777da730138b716f9d798378630c84aa1d6d35312b3e869f88a059b38,1
3\george-carlin.jpg,george-carlin.jpg,.jpg,image,20663,0.02,1269841016.0,0,UNLIKELY,False,,d75be54f4b0f0308feb7c78340b58dcd0ef30104dc70d031a684c8d0e52d92b9,1
3\george_carlin_5401.jpg,george_carlin_5401.jpg,.jpg,image,80266,0.08,1269840714.0,0,UNLIKELY,False,,d704bc913650f12580928da6f99a8ab2a656db7046f9bc55ee56678a5d2b6289,1
3\Ghost Train.jpg,Ghost Train.jpg,.jpg,image,125643,0.12,1281065086.0,0,UNLIKELY,False,,77037ab14952fea634132343412214ceed5122206be5e9050f1733ded7984a12,1
3\GRUB DOMINIONS MS..doc,GRUB DOMINIONS MS..doc,.doc,document,1037312,0.99,1426016692.0,0,UNLIKELY,False,,dbf84e3db491f3259dd223a11a37d66da1b857f940cfa26735a9c1765eadd9fe,1
3\GRUB DOMINIONS QUERY 3.10.15.doc,GRUB DOMINIONS QUERY 3.10.15.doc,.doc,document,54784,0.05,1426016480.0,0,UNLIKELY,False,,455837984fecbb687b4a8e028bd88e4d934db4073538aeb4a6e08d5a523d0976,1
3\Hagen's bust of Beethoven.jpg,Hagen's bust of Beethoven.jpg,.jpg,image,33493,0.03,1275364640.0,0,UNLIKELY,False,,2a1ebb2d4d97dd527808761d79ebd0d690a330b74fd1e7672474c4b88a9844c4,1
3\HAUNTED_HOUSE_by_illugraphy.jpg,HAUNTED_HOUSE_by_illugraphy.jpg,.jpg,image,442061,0.42,1287084974.0,0,UNLIKELY,False,,dca0ae8aa675fbcb4bf89f05ab3e24a31856b2b469db3ef1bb1ee25e5b5c4c42,1
3\hurryupandwait_1.jpg,hurryupandwait_1.jpg,.jpg,image,68129,0.06,1283870074.0,0,UNLIKELY,False,,acec57cbc3398b3ae9b324d5a8761ba350d5c4a9f7d53216e39d8e6b5103e22c,1
3\I DON'T KNOW.mp3,I DON'T KNOW.mp3,.mp3,audio,3871215,3.69,1264029836.0,1,UNLIKELY,False,,2cc7114f16fdeb92e0fa1a5ae013651329d280f3d704e013b20951f22226b999,1
3\I Dreamed A Dream  Original Cast  Patty LuPon.mp3,I Dreamed A Dream  Original Cast  Patty LuPon.mp3,.mp3,audio,8293375,7.91,1272699148.0,1,UNLIKELY,False,,9dd0355eb49a3d984cc8a89d91c4afc3ceb32906ea7e2ba1f6fdd3a305f437b6,1
3\image14.jpg,image14.jpg,.jpg,image,44456,0.04,1292465510.0,0,UNLIKELY,False,,f1cbbab1d7caa80632b66c99184594420af58fe9b412b8761b554adff114cc22,1
3\IMG_6070.JPG,IMG_6070.JPG,.jpg,image,2211734,2.11,1294541072.0,0,UNLIKELY,False,,6c2e04ded030c8a78756ea5260eebb25b40e3c70e303ee98f91c9039945f2a27,1
3\Inspired by the Orient Express.doc,Inspired by the Orient Express.doc,.doc,document,43520,0.04,1282638578.0,0,UNLIKELY,False,,ca5a374fc3dcbbbf132786a340c92288ae055005719ec412ad5006d964f5bca7,1
3\Is That All There Is.mp3,Is That All There Is.mp3,.mp3,audio,7234135,6.9,1269801816.0,1,UNLIKELY,False,,135f73852112acc26f95798de1295105172b3427c5da3a67fe0ee11ec6884448,1
3\iwwsticker.jpg,iwwsticker.jpg,.jpg,image,31859,0.03,1262988980.0,0,UNLIKELY,False,,929d792c49e97c3d3ba5b549a379beea245611844ce47d1a58003ab84978ca00,2
3\Julianna.zip,Julianna.zip,.zip,other,452970,0.43,1267979712.0,0,UNLIKELY,False,,557a4346b39984bf2c7d4b5d64b585545627c422d1380e17581395db98061aa8,1
3\karlstad-381_hb.jpg,karlstad-381_hb.jpg,.jpg,image,102194,0.1,1285096938.0,0,UNLIKELY,False,,218b62c280c9c8bd76be679e0dcf9bcced9d6245e441e4a786bbf72ed6cfb74c,1
3\kitchen.jpg,kitchen.jpg,.jpg,image,37018,0.04,1274162446.0,0,UNLIKELY,False,,822a56111e0d7f02447efe16836b393c2fb4537607f1870f8508a684eaa13bbe,1
3\L'Amore Sei Tu--Katherine Jenkins.mp3,L'Amore Sei Tu--Katherine Jenkins.mp3,.mp3,audio,8435398,8.04,1270252124.0,1,UNLIKELY,False,,7bea0a622f35e07ab60c64bb386216bae32abdffd736227310cd48644ea3d46f,1
3\l-d5049m61fe88cf.jpg,l-d5049m61fe88cf.jpg,.jpg,image,106051,0.1,1293759218.0,0,UNLIKELY,False,,ef4e1268e2b89a5e5c1b89ce5d8ede4ebae9f941ddbc67cb9dd078d14b1d8284,1
3\LA LUNA.mp3,LA LUNA.mp3,.mp3,audio,8771029,8.36,1278128834.0,1,UNLIKELY,False,,10956b8e952741c75551b66083805fff3c26a1bcbd09d2dd9f01a1da329bf615,1
3\La vie en rose.mp3,La vie en rose.mp3,.mp3,audio,4739578,4.52,1270248266.0,1,UNLIKELY,False,,d200106bcaf80e09e5f05c2d9f45b17c631ebc63cd187ccdfe92f4c962a5a5fb,1
3\LABEL.jpg,LABEL.jpg,.jpg,image,3347,0.0,1275195954.0,0,UNLIKELY,False,,53205f18f95dd799e2c10591e8a76fc0f13880e29c7ec756d8f3c0c0a97aa107,1
3\Lagoon Nebula.jpg,Lagoon Nebula.jpg,.jpg,image,146290,0.14,1294459236.0,0,UNLIKELY,False,,96653f1659f3f9fa400e84523e9eeac3424e4fcac79c898e58f033db69822593,1
3\LASCIA CHIO PIANGA.mp3,LASCIA CHIO PIANGA.mp3,.mp3,audio,6194790,5.91,1282414562.0,1,UNLIKELY,False,,4c632b915b41f67c6dc02e4c9ef7d7faa840b7c8cb5933b9b6330af2f8ef8c1d,1
3\Literacy Rates 2003.doc,Literacy Rates 2003.doc,.doc,document,40448,0.04,1281764060.0,0,UNLIKELY,False,,78df1d493cf3092971c0b99d3f0a80ee86c7037e0f9a6124dfff8f56e3e896dc,1
3\Lord Of The Dance.mp3,Lord Of The Dance.mp3,.mp3,audio,7253065,6.92,1267814608.0,1,UNLIKELY,False,,e2d493284c5dc24e4ab40959708cf65cc5a642542b06abb58e76cbd9d9b8d938,1
3\Louise & Jon Churchill.doc,Louise & Jon Churchill.doc,.doc,document,29696,0.03,1271481844.0,0,UNLIKELY,False,,321616dcbc77b1c71c7677a8817d9712d364c9ba87c2401ef6b50f71be3303d1,1
3\Love Never Dies  London Cast.mp3,Love Never Dies  London Cast.mp3,.mp3,audio,12004270,11.45,1272700098.0,1,UNLIKELY,False,,37f0720f53dffcea77c9c2ecd8f4d8114a93dc5b9d01575c84aaa42742e8162a,1
3\low_resP117_'Industrial_Cathedral'_1998_charcoal_on_paper_131_x_131_cm - Copy.jpg,low_resP117_'Industrial_Cathedral'_1998_charcoal_on_paper_131_x_131_cm - Copy.jpg,.jpg,image,80110,0.08,1285097002.0,0,UNLIKELY,False,,5dbb1a42dbe192f033b8c27f81069aad7f1dde60a3efec789852caa3fee93bf3,2
3\low_resP117_'Industrial_Cathedral'_1998_charcoal_on_paper_131_x_131_cm.jpg,low_resP117_'Industrial_Cathedral'_1998_charcoal_on_paper_131_x_131_cm.jpg,.jpg,image,80110,0.08,1285097002.0,0,UNLIKELY,False,,5dbb1a42dbe192f033b8c27f81069aad7f1dde60a3efec789852caa3fee93bf3,2
3\mailing.doc,mailing.doc,.doc,document,31232,0.03,1272701566.0,0,UNLIKELY,False,,1604adb5ffb2ae93d37e086e457969fd55abb0ceaff3c45f7830bc8d0f845f7e,1
3\MAIN MOONLIGHT AND MELONS.doc,MAIN MOONLIGHT AND MELONS.doc,.doc,document,833024,0.79,1416697116.0,0,UNLIKELY,False,,0707ff114a30f87f83582a3618dad7036d847681ba30b4748ceedd3f0dd17e6a,1
3\mecca shit.bmp,mecca shit.bmp,.bmp,image,2473014,2.36,1294089930.0,0,UNLIKELY,False,,9e73d5ede98cf2e023e756418f446dc1832aa108b29c2a6e0550dffe4573959f,1
3\MEMORY.mp3,MEMORY.mp3,.mp3,audio,6925175,6.6,1273166348.0,1,UNLIKELY,False,,11ed80a3073f8680a2030b455f261b0ffc647abc37f3f46b7cc536f0b830ed0e,2
3\Metro Map (expands).pdf,Metro Map (expands).pdf,.pdf,document,664013,0.63,1284353456.0,6,LOW,True,Bois de Vincennes Bois de Boulogne Forêt de Meudon Forêt d'Armainvilliers Forêt de Sénart Forêt de Fontainebleau Forêt de Rambouillet Forêt de Rambouillet Forêt de Marly Forêt de Saint-Germain Forêt de Montmorency Forêt de Ferrières Cergy Pontoise Saint-Quentin en-Yvelines Versailles Aéroport d’Orly Évry Sénart Melun Marne la-Vallée Aéroport Charles de Gaulle LA MARNE LA MARNE LA MARNE L ’YONNE LA SEINE L ’OISE L ’OISE LA SEINE LA SEINE LA SEINE LA SEINE LA SEINE LA SEINE Mantes la-Jolie 1 A B,326b3dac4e14083aefcc1f27e710bd4a29769912f4676183a8d49384a16028ee,1
3\Metropolitan Club.jpg,Metropolitan Club.jpg,.jpg,image,169758,0.16,1264861314.0,0,UNLIKELY,False,,11eaf1e23af20aa17c59b6597640f86ca6552d62f8ea9f50c785e60eb1785ded,1
3\Military code phonetics.doc,Military code phonetics.doc,.doc,document,29696,0.03,1272250652.0,0,UNLIKELY,False,,40246ad62715068720dd5a13a471d8e81a90c2bc0a472075e914f99f2822cdb9,1
3\mld104983_hal09_mshaloween2_142r_xl.jpeg,mld104983_hal09_mshaloween2_142r_xl.jpeg,.jpeg,image,41375,0.04,1288996800.0,0,UNLIKELY,False,,20555540dc3e3d9c01880049b749e3c8820a478aac1b7e1e3bb7d61e9121afb5,1
3\Molly Mar Of Rome.mp3,Molly Mar Of Rome.mp3,.mp3,audio,10601816,10.11,1283528734.0,1,UNLIKELY,False,,ceb0354d60df0dad05f9ed30ee98c0898b00bc8d37392eff410710a291c88004,1
3\Musica Celestis.mp3,Musica Celestis.mp3,.mp3,audio,21346348,20.36,1269394672.0,1,UNLIKELY,False,,44bbfb86ff933de56e71a40c312423ba751bf3faceff7a06e9933f48b4a5f16d,1
3\Nancy I ADDRESS.doc,Nancy I ADDRESS.doc,.doc,document,22016,0.02,1265568692.0,0,UNLIKELY,False,,54c78cbec656794555ddbf3569c6fbb114de74f8a26a231fb48ed1a34229b4ee,1
3\Near Perfect Life.pdf,Near Perfect Life.pdf,.pdf,document,79378,0.08,1275280382.0,0,UNLIKELY,True, ,9261ea2a940ee9d6d348739bf6af397434f31eb2c5dfbc8e9e86377bc4d06eef,1
3\New Yorker legal docs.txt,New Yorker legal docs.txt,.txt,document,9673,0.01,1297389450.0,3,LOW,True,Case 2:09-cv-03987-DSF-MAN Document 231 Filed 06/23/10 Page 1 of 28 Page ID#:9049 Case 2:09-cv-03987-DSF-MAN Document 231 Filed 06/23/10 Page 2 of 28 Page ID#:9050 Case 2:09-cv-03987-DSF-MAN Document 231 Filed 06/23/10 Page 3 of 28 Page ID#:9051 Case 2:09-cv-03987-DSF-MAN Document 231 Filed 06/23/10 Page 4 of 28 Page ID#:9052 Case 2:09-cv-03987-DSF-MAN Document 231 Filed 06/23/10 Page 5 of 28 Page ID#:9053 Case 2:09-cv-03987-DSF-MAN Document 231 Filed 06/23/10 Page 6 of 28 Pa,b8a7388aa51fdb273d79c1cd97fdb4816e7988541735d4304248d6bdefd75efb,1
3\nicksfix017.jpg,nicksfix017.jpg,.jpg,image,66888,0.06,1293034726.0,0,UNLIKELY,False,,5654b95578c04ed9c3b1bbe8abe05b0f90d82d926e77b641190c2669e13c5f30,1
3\nitehawks - Copy.jpg,nitehawks - Copy.jpg,.jpg,image,126619,0.12,1284972948.0,0,UNLIKELY,False,,26358ce57eb725f211570949d0866d901db9d63568bab42fec808259b7fd8d2c,2
3\nitehawks.jpg,nitehawks.jpg,.jpg,image,126619,0.12,1284972948.0,0,UNLIKELY,False,,26358ce57eb725f211570949d0866d901db9d63568bab42fec808259b7fd8d2c,2
3\NO WAY OUT.docx,NO WAY OUT.docx,.docx,document,22756,0.02,1286938538.0,7,POSSIBLE,True,"NO WAY OUT Jillian Gary 10/12/10 “You never listen to me!” I screamed down the stairs. My mother didn’t answer me. She didn’t care what I had to say. I wasn’t the happiest person, but my friend Ella made me happy. I go to counseling Mondays and Thursdays. Ella, on the other hand, is my best friend. There are many secrets my parents don’t know. Ella knew most of my secrets. Her parents didn’t know that she went to an abandoned farmhouse to take pictures for her scrapbook. THE NEXT ",64e604fbd2cd0cee81ba19c193e497e0517c06ab0ec54bd9699745f3e7b35627,1
3\NuclearBomb.jpg,NuclearBomb.jpg,.jpg,image,6350,0.01,1284749738.0,0,UNLIKELY,False,,faac0e569ebd569333b3452dc7204bec8063aa9377fa2da4f8d28ec4d27ef751,1
3\OFFICE OF STRATEGIC SERVICES.doc,OFFICE OF STRATEGIC SERVICES.doc,.doc,document,22016,0.02,1261233858.0,0,UNLIKELY,False,,4222f31a9e1e538676873f5701efbedb14e3634cc05a7b3b7800c7e3f7db9fb9,2
3\Olbermann.doc,Olbermann.doc,.doc,document,27136,0.03,1279774514.0,0,UNLIKELY,False,,7e5e9d48be88fdee9e2f651fb89dc8ebda9706bc2a4793466af8f854627bfbeb,1
3\OLD DOGS.pdf,OLD DOGS.pdf,.pdf,document,21033,0.02,1264811570.0,5,LOW,True,"They can be eccentric, slow afoot, even grouchy. But dogs live out their final days, says The Washington Post Not long before his death, Harry and I headed out for a walk that proved eventful. He was nearly 13, old for a big dog. Walks were no longer the slap-happy Iditarods of his youth, frenzies of purposeless pulling in which we would cast madly off in all directions, fighting for command. Nor were they the exuberant archaeological expeditions of his middle years, when every other tree o",4f1e50659b3e75701c9b530a4ab4eded8a1d458f34e6a7e3c764cc95e525296d,1
3\OZZIE.mp3,OZZIE.mp3,.mp3,audio,10849826,10.35,1281933284.0,1,UNLIKELY,False,,d445186741f5332cf9875987f648f961505da4c6d70c3af7cf26488410aa6f69,2
3\peake_regular.zip,peake_regular.zip,.zip,other,18478,0.02,1279997662.0,0,UNLIKELY,False,,fd623d090c453a886fe8f7261b23ac1c793fc237556c700ccd8918d19a59e7ba,1
3\Perfect Life.doc,Perfect Life.doc,.doc,document,1030656,0.98,1375226266.0,0,UNLIKELY,False,,0a27406647ae71c31acdff092961af907e9177596781d0fa360ee088197b3922,1
3\Phillips.jpg,Phillips.jpg,.jpg,image,43948,0.04,1274115826.0,0,UNLIKELY,False,,4c690fc04d160a75b6b85d8aaf36cf4b29276118856b05dc7e3ee02a5db182dd,1
3\Picture1.jpg,Picture1.jpg,.jpg,image,16638,0.02,1284669734.0,0,UNLIKELY,False,,05b1c14b84262f7f4b8547a62a776ebfbd4739e3468ccb848e9f259c5176dab8,1
3\Pink canyon.ppt,Pink canyon.ppt,.ppt,other,1735680,1.66,1284930430.0,0,UNLIKELY,False,,3dc005da96262083dc71b32b57409f57f6e27887a10b5553c0f2697d4cf63906,1
3\polar_express original.jpg,polar_express original.jpg,.jpg,image,37400,0.04,1260060876.0,0,UNLIKELY,False,,4a77547e36d408a709ae3e2a8d47a625dfa585655be518780786a8815db26ebc,1
3\Pooch & Home.jpg,Pooch & Home.jpg,.jpg,image,59246,0.06,1261158476.0,0,UNLIKELY,False,,11539f043564dcf1c3bc614adbe1c95600085c480d41ce5892d454ac17f66289,1
3\Psycho house.jpg,Psycho house.jpg,.jpg,image,249743,0.24,1276897064.0,0,UNLIKELY,False,,3d84ec713cb27fed0e4bdd8fd0cce3a15a8755ac5770957becef7be40f39f606,1
3\RAF.htm,RAF.htm,.htm,other,42878,0.04,1271021794.0,0,UNLIKELY,False,,495e3e1ccdd836f4121b649dbc7cb9c747ffee57e4f9fbfef971f8ff852f5c0c,1
3\Railroad lingo.doc,Railroad lingo.doc,.doc,document,133120,0.13,1283236012.0,0,UNLIKELY,False,,0438b93ae3eae428b8950ecd24022238782358251cfb6b03822dadd82022485f,1
3\Redlin contentment.jpg,Redlin contentment.jpg,.jpg,image,52263,0.05,1258650708.0,0,UNLIKELY,False,,62e0e0efe977f57b64dac45f5170a56e4f4fdb2ce84556b73b83e89f0cbaf8c4,1
3\Rio Party.mp3,Rio Party.mp3,.mp3,audio,8591213,8.19,1270250788.0,1,UNLIKELY,False,,d2dd2e2b982afbaa60c34b897f4db4d383a13e3221c1ce42ccca30d855ebddfa,1
3\Rubens' son Nicholas.jpg,Rubens' son Nicholas.jpg,.jpg,image,163646,0.16,1279253214.0,0,UNLIKELY,False,,3210ec25bfce404e47e5503bf22d0b17a273584c33637db5b891e9b486588576,1
3\ruby French.doc,ruby French.doc,.doc,document,22016,0.02,1262805040.0,0,UNLIKELY,False,,429a094bb1edb2d1e440ed9162c6928c66ae2bf1af5f024c6fd836678f68ab62,1
3\Ruby.doc,Ruby.doc,.doc,document,26112,0.02,1262804824.0,0,UNLIKELY,False,,3fe90f5223adb4f8ef3d455d23ea36753618cc7f819987b15044ba92e5b5b8d9,1
3\Russian Fantasy.mp3,Russian Fantasy.mp3,.mp3,audio,14789460,14.1,1268970522.0,1,UNLIKELY,False,,e6dc54ff040c6228088689c9201ed228bfebd7e149fe9617b59e2a515699c02b,1
3\SCREAM BORDER PATROL HDQTRS.doc,SCREAM BORDER PATROL HDQTRS.doc,.doc,document,55296,0.05,1282010048.0,0,UNLIKELY,False,,f5f921b13b4c837fff3d78bcd7a288ff73f59e31dbc8bc2f882351e5086f1af0,2
3\SCREAM CHAPUT EARLY PAGES.doc,SCREAM CHAPUT EARLY PAGES.doc,.doc,document,180224,0.17,1290036318.0,0,UNLIKELY,False,,f2ddd20343b06aa857bd1e8b83a79d72e91e2b3ad52545f0098a9d71cd56d78d,1
3\SCREAM CHAPUT.doc,SCREAM CHAPUT.doc,.doc,document,185856,0.18,1289324560.0,0,UNLIKELY,False,,96a8451e146390ae65d37e498d210c540d33754bdc503822e499d43e6e344c0d,1
3\SCREAM LETTER.doc,SCREAM LETTER.doc,.doc,document,67072,0.06,1287705790.0,0,UNLIKELY,False,,b75f4c95f2a14662865ea37839f5a71e80900e3f67528f713096651b437a7e38,1
3\SCREAM OUTLINE & NOTES.doc,SCREAM OUTLINE & NOTES.doc,.doc,document,48128,0.05,1292007796.0,3,LOW,False,,704d6a39dd890803058fc187af7a37151ffbfc56bfbc55fa204308a0849e19e3,1
3\SCREAM PRIMO.doc,SCREAM PRIMO.doc,.doc,document,1327616,1.27,1288308976.0,0,UNLIKELY,False,,1306fa460bbd017eade2ad44166ee8762c322f65d52c046218762b6811c47bf1,1
3\SCREAM QUERY.doc,SCREAM QUERY.doc,.doc,document,34816,0.03,1294361036.0,0,UNLIKELY,False,,f1625d4d85402f2d7b587b8ef4fe2a89a2cd19ee7aff27e95a91cf1b6cb41e27,1
3\SCREAM QUERY.pdf,SCREAM QUERY.pdf,.pdf,document,54216,0.05,1288506906.0,23,HIGH,True,"I NEED A NEW AGENT QUERY SCREAM (Working Title) 120,000 wds Mystery/Thriller/Literary A novel the Vermont Chamber of Commerce will dislike. Northern Vermont, early ’8:s, not cutesy rural but rusty rural, a camouflaged killer silently savors his work, federal agents and bog trotters blunder along the border, poverty, loneliness, Montreal, effortless mayhem, fast boats, side arms, snow, and love among the ruins. A novel I believed I would never write—serial killer. Until",01172eda5226a4ef32212510af61ccf00aa05b48610c232157508c1b2418c46b,2
3\SCREAM REQUESTED MS..doc,SCREAM REQUESTED MS..doc,.doc,document,1319424,1.26,1289324180.0,0,UNLIKELY,False,,7d4ccee3aef6e52ad2102c99bd23c76bc4f3201bc43be5ceb040dd9837edc03d,1
3\SCREAM REQUESTED MS..pdf,SCREAM REQUESTED MS..pdf,.pdf,document,1791618,1.71,1288642416.0,11,POSSIBLE,True,"1 CHAPUT WEDNESDAY ― SHORT FALLS, NEW HAMPSHIRE ― 4:13 P.M. Elaine Gilson scribbled her family‘s supper menu, then paused. She allowed her mind to wander briefly. She had shut off the coffee maker. The stove was off but warm—a tuna- pea-wiggle casserole hot in the oven—a molded JELL-O salad in the fridge, a dozen defrosted dinner rolls in their Grand Union bag on the counter. Lights were off. Doors locked. Elaine Gilson tucked her short blond hair behind her ears, then seemingly s",78f6863f3948d4a2ce28d19489d74b1511a49bb0195d97df9e9ef22d5ea6ab8c,1
3\SCREAM TITLES.doc,SCREAM TITLES.doc,.doc,document,27648,0.03,1288675104.0,0,UNLIKELY,False,,63663e4d0abd9b1c617dce3b15967535ce253af6632c7a1a2a69f30285997f31,2
3\Short Silk.doc,Short Silk.doc,.doc,document,38400,0.04,1271787828.0,0,UNLIKELY,False,,4c02303eb321c1ccf94f2468a332dadb6e79b4dca610d96704111676ae418a15,2
3\Shostakovich.mp3,Shostakovich.mp3,.mp3,audio,12461081,11.88,1265309264.0,1,UNLIKELY,False,,040923eb4fcbd1c20582aaab73ba0cde1aed86dcb92035d31fdc61e2ac3467a2,1
3\SILK HE SHE WAR.doc,SILK HE SHE WAR.doc,.doc,document,39424,0.04,1294628168.0,0,UNLIKELY,False,,706affa92fd01ac3edfa1afc2f1378dfe5743fa2629985129ee378a41352ede4,1
3\SILK QUERY BIG ONE.doc,SILK QUERY BIG ONE.doc,.doc,document,36352,0.03,1294367358.0,0,UNLIKELY,False,,da21b5fa4e25de97fbd1df9e2c71c033b37c2e3cf982a935afc878f118a57afd,1
3\SILK QUERY HE SHE WAR.doc,SILK QUERY HE SHE WAR.doc,.doc,document,53760,0.05,1295424446.0,0,UNLIKELY,False,,a124d06e3b563570888c01a3954c7bb996bc0663524668491eef4914fd5dff15,1
3\Skorzeny 1.doc,Skorzeny 1.doc,.doc,document,60928,0.06,1275937464.0,0,UNLIKELY,False,,624a2c7f5549fda4a0f9749c8dac755412b9cf0ca1e561c4587fafc0d5dae42f,1
3\Slicing Time title page.doc,Slicing Time title page.doc,.doc,document,29184,0.03,1269993772.0,0,UNLIKELY,False,,a4b5d0d7dc5f58b0b07bb52f75d15a14783231f9f8c46793cde2cf463b71dbb0,2
3\slide_15362_214993_large.jpg,slide_15362_214993_large.jpg,.jpg,image,79084,0.08,1294962798.0,0,UNLIKELY,False,,afae67d60d23cb8b7b18093bde0ff547fb5467d3b3b901c8d1a4ce619079f873,1
3\snow_at_pond_2.jpg,snow_at_pond_2.jpg,.jpg,image,278917,0.27,1292352010.0,0,UNLIKELY,False,,2ff211e4c658bc4415f7bcb11d1355e9a18229cbb9155e56cf5a5e3057b31953,1
3\snow_mountain_night_1920x1200.jpg,snow_mountain_night_1920x1200.jpg,.jpg,image,1453795,1.39,1292356852.0,0,UNLIKELY,False,,a0850788be0452a6db668c7dd746de329274f4970c22f59f2138c2f84247877f,1
3\Sorrelli & David.doc,Sorrelli & David.doc,.doc,document,34816,0.03,1283883148.0,0,UNLIKELY,False,,d731c38cb6712251a6a872593812dab5002d55f51f4db14bccc974eaa962bae2,1
3\SP1090075_76_68_69_70_71_72%20copy.jpg,SP1090075_76_68_69_70_71_72%20copy.jpg,.jpg,image,90611,0.09,1285098390.0,0,UNLIKELY,False,,a0a1a096d719b960a06e5c6293876d196df7b9f472b5116be4e9ef11dd6bcd78,1
3\Spice Up Your Life.mp3,Spice Up Your Life.mp3,.mp3,audio,9685117,9.24,1270324196.0,1,UNLIKELY,False,,4a0cbf68a56254923ee30819fd9c5b757ee35769ad9aa2a67cc63e5f29d7f6c3,1
3\STEADMAN.doc,STEADMAN.doc,.doc,document,1037312,0.99,1457032686.0,0,UNLIKELY,False,,16c282194ece8395333a3bb4660d5929e52a489a0a7706478c605151a44e416e,1
3\Sun Canyon.jpg,Sun Canyon.jpg,.jpg,image,170872,0.16,1284951388.0,0,UNLIKELY,False,,45090ca99f31dacea5cec4096ffa44860fdc62132650213a17f9f7385a8fe25f,1
3\Swans.jpg,Swans.jpg,.jpg,image,72073,0.07,1274136444.0,0,UNLIKELY,False,,c69c66fd15d6f97631b93e928f93455f1680dde21611648b973ac7420b3e811f,1
3\TEMPLE.doc,TEMPLE.doc,.doc,document,568832,0.54,1272566386.0,0,UNLIKELY,False,,708706d0438f164daa10ae4879feca378b17a25dc9133d69eaff13691b8d7f06,1
3\Terezin.htm,Terezin.htm,.htm,other,2412,0.0,1273821526.0,0,UNLIKELY,False,,d5fac01fa6a7adcd0ffe849eb993039a2da0c96ee50d51ced06d20384e7058ef,1
3\terry-redlin-truck cottage.jpg,terry-redlin-truck cottage.jpg,.jpg,image,49502,0.05,1258661840.0,0,UNLIKELY,False,,406f49e49ca001e3e919990aa057515810e1e9f88ff538f53abc77ea374722c0,1
3\That's Life.mp3,That's Life.mp3,.mp3,audio,5791544,5.52,1268640486.0,1,UNLIKELY,False,,73d1ba3c88c4686b375fcd65ce03f0c4c44a7c7a10ecfe988aee2d13343ff319,1
3\The Ford Interior.jpg,The Ford Interior.jpg,.jpg,image,42580,0.04,1288127306.0,0,UNLIKELY,False,,9c60caa813f90b9a4a9319f943b78701fc198e12971317e218701f4b91c58c35,1
3\The Ford.jpg,The Ford.jpg,.jpg,image,435042,0.41,1288127420.0,0,UNLIKELY,False,,5bb7f9d3746bc0b552f41220e25c8377b9c1519961d36b10ba908183f3e09ffa,1
3\THE GENTLE LIGHT THAT WAKES ME.mp3,THE GENTLE LIGHT THAT WAKES ME.mp3,.mp3,audio,10680372,10.19,1264659174.0,1,UNLIKELY,False,,fda96d745f866bc881d2583df2d413fbf8adc088ff2d6aaba596a54630695bcc,1
3\The Light of That City.mp3,The Light of That City.mp3,.mp3,audio,11613940,11.08,1268640744.0,1,UNLIKELY,False,,448a90a75b46f0a792502db7a1eb0f3c06daa20ad28c4146ce01a9e13c662919,1
3\The New Yorker 9.6.10.jpg,The New Yorker 9.6.10.jpg,.jpg,image,2017800,1.92,1283976118.0,0,UNLIKELY,False,,a4a0d5ff02fc1d78a1608145475a115ddd6d64aa7d669ed3fcf4b6ca68da0880,1
3\The Path.jpg,The Path.jpg,.jpg,image,352254,0.34,1274053728.0,0,UNLIKELY,False,,613f70e7fa341c4fc4ef6439fd6e7d484b81b5c633fa531e31a2304c91db9c38,1
3\The Path.pptx,The Path.pptx,.pptx,other,577953,0.55,1273883884.0,0,UNLIKELY,False,,0a585e5d1d1a4b20e70b387124d773601fe3c9c044dee5496f94a8fedf0c3bf6,1
3\THE WEARY KIND.mp3,THE WEARY KIND.mp3,.mp3,audio,6514380,6.21,1263432688.0,1,UNLIKELY,False,,af932b12dcbd917de9ac83f78957f548cfdddbfbff0cfd854c847c10bc3bd977,1
3\The World.jpg,The World.jpg,.jpg,image,30130,0.03,1281049068.0,0,UNLIKELY,False,,6974473a4c5717be4741d29a7c1ff256a6b1525819b9122ae6ed146890546d9f,1
3\thomas-e-harvey_niteclub.zip,thomas-e-harvey_niteclub.zip,.zip,other,30097,0.03,1279997460.0,0,UNLIKELY,False,,b4f04cb98946ae47fb7431f1d0195ec24e7934484a334d623bc5b55366ac89dc,1
3\train sound.wav,train sound.wav,.wav,audio,259262,0.25,1283235402.0,1,UNLIKELY,False,,dcb281e0c170784fce1114aaf5319286321d05c417892c684c11cc1d0f56e51a,1
3\Tumbleweedbook.pdf,Tumbleweedbook.pdf,.pdf,document,866794,0.83,1318463838.0,12,POSSIBLE,True,Contents Introduction Confessions of a Claustrophile A Good Home Making Space Portfolio of Houses: Endnotes Biography Endorsements 4 6 24 64 120 122 124 130 138 146 150 156 160 164 166 168 170 172 174 176 178 180 182 186 188 190 195 196 197 New Popomo XS-House Ep,5e5b9aaf6dbea1ecc7c2a6569cd346995c86538fd550140dddd59b2cf087f42a,1
3\TumbleweedHouses.pdf,TumbleweedHouses.pdf,.pdf,document,3270678,3.12,1318466690.0,10,POSSIBLE,True,"CATALOG HOUSES-TO-GO With wheels, traditional proportioning and ar- chetypal form, these little structures are like my house (in fact, that is my house in the photo). They are all designed to be portable and can, es- sentially, be sited anywhere you can park a travel trailer.* They range from about 50 to 130 square feet. Purchase yours ready-made or buy the plans to build it yourself. COT TAGES This category is reserved for all of my stationary designs of more than 120 square feet. Most i",e940eb37dae1510d0d338b7847c984ac4d190be75c7089f771ae5b74dbc70c9a,1
3\Turin%20Horse.jpg,Turin%20Horse.jpg,.jpg,image,69718,0.07,1286503916.0,0,UNLIKELY,False,,12c230ec03d5f824ce81a37b9467577d9090cc6d8fa538d85d12e8832fc408f5,1
3\unnamed.jpg,unnamed.jpg,.jpg,image,5295,0.01,1295136408.0,0,UNLIKELY,False,,8f8e4adbcc1bbb2190a85f1f685a967018628fdd3d73e11cd1280262fb0f7560,1
3\untitled.bmp,untitled.bmp,.bmp,image,921654,0.88,1294079744.0,0,UNLIKELY,False,,dc53bf2ecb8e5af362380478fff3a5187ec626bb7727db789990bccc4ab7845a,1
3\userkey.psw,userkey.psw,.psw,other,1536,0.0,1380321062.0,0,UNLIKELY,False,,4a571c957c7edaa1efd939cdfba8f7f22adf8f45474a0734b0bdea92d262501e,1
3\valley.ppt,valley.ppt,.ppt,other,259072,0.25,1271706058.0,0,UNLIKELY,False,,4ad6bdf9b98d5935ccb3049101a93a18fbec18fd280bdddbf47706362013a3ab,2
3\Vangelis.mp3,Vangelis.mp3,.mp3,audio,7292809,6.95,1281237976.0,1,UNLIKELY,False,,be2367db05eef77f55915357f34667f7304eeb9e57f850df814bc874884fd977,1
3\VeniceSimplonVictoriaExpress.jpg,VeniceSimplonVictoriaExpress.jpg,.jpg,image,35003,0.03,1205736848.0,0,UNLIKELY,False,,fac575b2cf1da94cc85e029207e6e80dc9a7a7615439bda43ec66ceddb93ef09,2
3\Vermont.jpg,Vermont.jpg,.jpg,image,99970,0.1,1288728132.0,0,UNLIKELY,False,,9e5b61562b6782db4306c27dbf2c96f7394b41fe1af1b0bfee30dd3e40ec60fb,1
3\VERMONTTownship.jpg,VERMONTTownship.jpg,.jpg,image,26180,0.02,1218592652.0,0,UNLIKELY,False,,e657451e176e01759efb0ec697563e2ceb312d4dfc3392f0ec1a78cfada621cc,2
3\Versailles.jpg,Versailles.jpg,.jpg,image,44707,0.04,1167883634.0,0,UNLIKELY,False,,b56d002758b4c6dde4fac543c00ee5c0cc2171698121b458afea5da8a1c130fb,2
3\vintage_pullman.jpg,vintage_pullman.jpg,.jpg,image,31682,0.03,1205740366.0,0,UNLIKELY,False,,2b572ae8a399b9399f400500940a1dce5f807dd266f8474417674f4f54d5ca3c,2
3\vsoe_cab24.jpg,vsoe_cab24.jpg,.jpg,image,22084,0.02,1205739962.0,0,UNLIKELY,False,,7fa9df3603ab632ce5ea6eddd6b8e63c2d896a6b5589f3b335e2c36f2091586a,2
3\vtang.jpg,vtang.jpg,.jpg,image,289121,0.28,1262626938.0,0,UNLIKELY,False,,8bf372b112a428cca69128e479c8c0aa57aa493559a961f8d11578e182bc6dd4,2
3\Walls-1_Warsaw.png,Walls-1_Warsaw.png,.png,image,215552,0.21,1271627286.0,0,UNLIKELY,False,,ce4cc4d06fda688f1a217bb8b2622aa472d1d1e6e1011fa85fa67d6f1c675b9e,1
3\WARREN.doc,WARREN.doc,.doc,document,34304,0.03,1281731220.0,0,UNLIKELY,False,,06c8ac86e35e77d0a1cda66b49171167671a17df088dfa829cf8e208e8c68df7,1
3\WOBBLY PIN.jpg,WOBBLY PIN.jpg,.jpg,image,45667,0.04,1183528542.0,0,UNLIKELY,False,,fdac51b6f896d6092d14a3687bc016f2ba2d5202c46a348310990085b399bf1c,3
3\wonderful_christmas720.jpg,wonderful_christmas720.jpg,.jpg,image,35418,0.03,1287725526.0,0,UNLIKELY,False,,30d4ace935869c34f57c45b81766e1ef2d99051701fdf7caef72c11ae315d246,3
3\workers4a.jpg,workers4a.jpg,.jpg,image,16485,0.02,1209625380.0,0,UNLIKELY,False,,0077b205f8195b9afedd0416f164a9eedabe2b2d8525f560b907fa1226280de7,3
3\ws.jpg,ws.jpg,.jpg,image,74329,0.07,1215730348.0,0,UNLIKELY,False,,00eeceae4ded75d78660f0fe0b6196b7744fc9f2d4ae3f365c5b7641b19105d9,3
3\ZARA.gif,ZARA.gif,.gif,image,2904,0.0,1188167268.0,0,UNLIKELY,False,,1cb37f65581728d583bac67a3d447fdffb09230a71919e1a25ad8d6e04abf4bf,3
3\ZuZu.mp3,ZuZu.mp3,.mp3,audio,6107317,5.82,1270329476.0,1,UNLIKELY,False,,67bff8657a88f7d9584f058b9773a247554b24f519e5a8db0472a19b193b2391,1
3\Adiemus\desktop.ini,desktop.ini,.ini,other,395,0.0,1266706814.0,0,UNLIKELY,False,,b62ca1f5d4a2d1cba5e4e1eedd01aa807d808efc5baf63a544c83aecdba75e0f,1
3\Adiemus\The Journey- The Best of Adiemus\01 Adiemus.wma,01 Adiemus.wma,.wma,audio,5848897,5.58,1266706544.0,1,UNLIKELY,False,,3e94221d075d4f2ec5732db224823355fdee00afe0f1107d99ddbc56dfaa82bf,1
3\Adiemus\The Journey- The Best of Adiemus\02 Cantus Inaequalis.wma,02 Cantus Inaequalis.wma,.wma,audio,4766237,4.55,1266706562.0,1,UNLIKELY,False,,83e6a7003cb8520aeb192ad9ea1a5488d39c8d742c4214380c7675686677bd60,1
3\Adiemus\The Journey- The Best of Adiemus\03 Kayama [Radio Edit].wma,03 Kayama [Radio Edit].wma,.wma,audio,5857897,5.59,1266706584.0,1,UNLIKELY,False,,a2685941990bd774975dff09281f9a69e56a08555b81feb640f101d3024c80f4,1
3\Adiemus\The Journey- The Best of Adiemus\04 In Caelum Fero [Radio Edit].wma,04 In Caelum Fero [Radio Edit].wma,.wma,audio,6851237,6.53,1266706608.0,1,UNLIKELY,False,,1bd1e8936d096eb6f53804442438adf1eeb3bc9fae13e2b0579ee925a9dc7c9a,1
3\Adiemus\The Journey- The Best of Adiemus\06 Cantilena.wma,06 Cantilena.wma,.wma,audio,4981041,4.75,1266706636.0,1,UNLIKELY,False,,fa5072e05f6bebd18893cd2118371a687d005a7a49742dd9231209e6cc62002f,1
3\Adiemus\The Journey- The Best of Adiemus\07 Cantus-Song of the Trinity [Edit].wma,07 Cantus-Song of the Trinity [Edit].wma,.wma,audio,3996713,3.81,1266706636.0,1,UNLIKELY,False,,e6da6e212b8a60857fc9cb96dad46289f9524b2e897082da549c129a5128f246,1
3\Adiemus\The Journey- The Best of Adiemus\08 Cantus-Song of the Plains [Edit].wma,08 Cantus-Song of the Plains [Edit].wma,.wma,audio,5813155,5.54,1266706666.0,1,UNLIKELY,False,,8d9c432675681f2ab0591016b38fa82768f382bc13ea9f1e5c14d2dab4872b83,1
3\Adiemus\The Journey- The Best of Adiemus\09 Elegia.wma,09 Elegia.wma,.wma,audio,6027855,5.75,1266706682.0,1,UNLIKELY,False,,a2315f7e738e5e6b3138bf0570a3a394abe67f2470e83d68bce3ca8ca06e3150,1
3\Adiemus\The Journey- The Best of Adiemus\10 Chorale VI+Cantus-Song of Aeolus.wma,10 Chorale VI+Cantus-Song of Aeolus.wma,.wma,audio,8390179,8.0,1266706712.0,1,UNLIKELY,False,,bea09010695227c6a5676977c545d745d43f5029b1cfeeef6a301663e0dbaac6,1
3\Adiemus\The Journey- The Best of Adiemus\11 Chorale I (Za Ma Ba).wma,11 Chorale I (Za Ma Ba).wma,.wma,audio,2735019,2.61,1266706712.0,1,UNLIKELY,False,,7f00f1e29e0625aeeec5f21c17b6343dd01b7f9373d72da50816904e30aa4495,1
3\Adiemus\The Journey- The Best of Adiemus\12 Cantus-Song of Tears.wma,12 Cantus-Song of Tears.wma,.wma,audio,5723651,5.46,1266706726.0,1,UNLIKELY,False,,a040fbf5768d5fe5fa0cbcc7f58c4dd05ff50503cc3e4f09fb54888dd51dc409,1
3\Adiemus\The Journey- The Best of Adiemus\13 Rain Dance [Edit].wma,13 Rain Dance [Edit].wma,.wma,audio,5670019,5.41,1266706740.0,1,UNLIKELY,False,,6d288a13d261d3fdd62ee6171d2f11b91f18100e6fc998214cb5f1fa094d0e08,1
3\Adiemus\The Journey- The Best of Adiemus\14 Ein Wiener Walzer (A Viennese Waltz).wma,14 Ein Wiener Walzer (A Viennese Waltz).wma,.wma,audio,7289645,6.95,1266706756.0,1,UNLIKELY,False,,19311fbff2bddf8f9b787fef2db8cb490af8b51ce922a81ba44b2cefb31628c8,1
3\Adiemus\The Journey- The Best of Adiemus\15 Corrente (Courante).wma,15 Corrente (Courante).wma,.wma,audio,7370143,7.03,1266706774.0,1,UNLIKELY,False,,58b865151ad375f3547533e7ad65301ee93509c35c5d65bccb01320647283df6,1
3\Adiemus\The Journey- The Best of Adiemus\16 Zarabanda (Saraband).wma,16 Zarabanda (Saraband).wma,.wma,audio,6734837,6.42,1266706788.0,1,UNLIKELY,False,,6a2fece2fc3875ad51d31ea4d347f5ded6ceb73ce94930625ea86a9906a5e36b,1
3\Adiemus\The Journey- The Best of Adiemus\17 La La Koora (Ländler).wma,17 La La Koora (Ländler).wma,.wma,audio,4900499,4.67,1266706790.0,1,UNLIKELY,False,,aa2c363e70e6079be962816c1e06afbda2e83cb4ce337a8b9fd02eabf4ca6468,1
3\Adiemus\The Journey- The Best of Adiemus\18 Beyond the Century.wma,18 Beyond the Century.wma,.wma,audio,7146475,6.82,1266706814.0,1,UNLIKELY,False,,09bb325b05b398e13e3fe5b2e12ddb76af7f36759059ec817fd9a16e7c7d07e4,1
3\Adiemus\The Journey- The Best of Adiemus\19 Adiemus [1999 New Version].wma,19 Adiemus [1999 New Version].wma,.wma,audio,5687965,5.42,1266706814.0,1,UNLIKELY,False,,f651541fb00e825aace6cd5c5e65eadf6699261e4e537954e0e2721c2780edc5,1
3\Adiemus\The Journey- The Best of Adiemus\AlbumArtSmall.jpg,AlbumArtSmall.jpg,.jpg,image,2199,0.0,1266628278.0,0,UNLIKELY,False,,b5c2a52ea786815f66c84c466fe5e44c068f96bb22f876a8a943c92cdf10f8fa,2
3\Adiemus\The Journey- The Best of Adiemus\AlbumArt_{EFB0F770-D4A3-4856-A0B2-ACD6707F5B4C}_Large.jpg,AlbumArt_{EFB0F770-D4A3-4856-A0B2-ACD6707F5B4C}_Large.jpg,.jpg,image,7770,0.01,1266628278.0,0,UNLIKELY,False,,159c3ba29adfc99360415288ee54691e611984d6d7cc73efe75145bd8daf07d1,2
3\Adiemus\The Journey- The Best of Adiemus\AlbumArt_{EFB0F770-D4A3-4856-A0B2-ACD6707F5B4C}_Small.jpg,AlbumArt_{EFB0F770-D4A3-4856-A0B2-ACD6707F5B4C}_Small.jpg,.jpg,image,2199,0.0,1266628278.0,0,UNLIKELY,False,,b5c2a52ea786815f66c84c466fe5e44c068f96bb22f876a8a943c92cdf10f8fa,2
3\Adiemus\The Journey- The Best of Adiemus\desktop.ini,desktop.ini,.ini,other,394,0.0,1266706814.0,0,UNLIKELY,False,,1c16697508d873f81b2225bb1283fc7d062834fca7548384a733f803100d5ccc,1
3\Adiemus\The Journey- The Best of Adiemus\Folder.jpg,Folder.jpg,.jpg,image,7770,0.01,1266628278.0,0,UNLIKELY,False,,159c3ba29adfc99360415288ee54691e611984d6d7cc73efe75145bd8daf07d1,2
3\Adiemus\The Journey- The Best of Adiemus\RUBY.wma,RUBY.wma,.wma,audio,3969811,3.79,1266706608.0,1,UNLIKELY,False,,8bb8187289bbd7c9e7361ae56355dabbf55e3e67d90a65a191a1b75634150462,1
3\Adiemus\The Journey- The Best of Adiemus\Thumbs.db,Thumbs.db,.db,other,99840,0.1,1277278148.0,0,UNLIKELY,False,,2fc068d9973987312c5d2dfedf34639c42e38969510827f898b53243d9b07669,1
3\at home\DOGS 006.jpg,DOGS 006.jpg,.jpg,image,867466,0.83,1213913860.0,0,UNLIKELY,False,,a0fb5b26306121d77e0f3027d5104306a12c279b710ec21fa953662fb6f93268,2
3\at home\DOGS 007.jpg,DOGS 007.jpg,.jpg,image,868602,0.83,1213913860.0,0,UNLIKELY,False,,0334339775d4a0264008ed4c73d3989b47fae94093b2ef8a1777dca6772f705a,3
3\at home\DOGS 008.jpg,DOGS 008.jpg,.jpg,image,890264,0.85,1213913862.0,0,UNLIKELY,False,,4a442a04c210ea2241a8a78670823bd4a4c713f14640d7aabc06c57c34c89adc,3
3\at home\DOGS 010.jpg,DOGS 010.jpg,.jpg,image,875610,0.84,1213913864.0,0,UNLIKELY,False,,7e90d80a4c841c812b68df0620c0fdb5b5d575cba49bb9f53de508c73590bab0,3
3\at home\DOGS 011.jpg,DOGS 011.jpg,.jpg,image,866133,0.83,1213913866.0,0,UNLIKELY,False,,3559dc887f281e4c296c1a1fc610f3777e46f36687af2c7b73e6446ff20b3fa5,3
3\at home\DOGS 012.jpg,DOGS 012.jpg,.jpg,image,743035,0.71,1213915524.0,0,UNLIKELY,False,,c9fc86f09526453aea19846fff7b052ad075721295d9d3349fb527317d2acaeb,2
3\at home\DOGS 013.jpg,DOGS 013.jpg,.jpg,image,872429,0.83,1213913868.0,0,UNLIKELY,False,,fdf924a42045acae598055b75029206ad11bf580342cfe04be3f7c73a3856204,3
3\at home\DOGS 014.jpg,DOGS 014.jpg,.jpg,image,296682,0.28,1265044940.0,0,UNLIKELY,False,,b2a0ac53d1ebdfe66e303980a5f3192b7c2f46f43f363b84dcf2e86dc6013d0c,1
3\Danish\Danes1.jpg,Danes1.jpg,.jpg,image,32422,0.03,1275167974.0,0,UNLIKELY,False,,5b006cec4d1a7399c3c1c15777a866684e496ec4559da7e30b11d43fba91f54f,1
3\Danish\danes10.jpg,danes10.jpg,.jpg,image,30951,0.03,1275167976.0,0,UNLIKELY,False,,4630c573cf448aefced64a454c6ed63194ad1f606f5ea3528e9865957df4b285,1
3\Danish\danes11.jpg,danes11.jpg,.jpg,image,31424,0.03,1275167976.0,0,UNLIKELY,False,,71d96d703f66e3e9213310b8fb91ec27c98881220d8ee23c4cda79a7f9c1bf04,1
3\Danish\danes12.jpg,danes12.jpg,.jpg,image,30609,0.03,1275167976.0,0,UNLIKELY,False,,64c4aa4b289cab252a1792bed9c48c0dcf9c4f5693509423bbfac11069f0348e,1
3\Danish\danes2.jpg,danes2.jpg,.jpg,image,71412,0.07,1275167976.0,0,UNLIKELY,False,,02be6c7d06bde37c86c6b8e7e1106d784c589390687436b964eb33ac0535487f,1
3\Danish\danes3.jpg,danes3.jpg,.jpg,image,31072,0.03,1275167976.0,0,UNLIKELY,False,,89214abbaacde065a55dd7c630cdc61c269e3639010d5068b0d505d11e41b68d,1
3\Danish\danes4.jpg,danes4.jpg,.jpg,image,28752,0.03,1275167974.0,0,UNLIKELY,False,,f7f579bfa99ea3d382c14c03e35112e873b247d66735c8a2601576164b7a4c71,1
3\Danish\danes5.jpg,danes5.jpg,.jpg,image,11586,0.01,1275167974.0,0,UNLIKELY,False,,5b10e3bbc231f536d61716acf45a48837aa70c7d7efcc6083bdfe0c5cd552217,1
3\Danish\danes6.jpg,danes6.jpg,.jpg,image,26880,0.03,1275167974.0,0,UNLIKELY,False,,4760032698608b7a5fa2b0dd8703082bc6de12450cb6cbca42645a57483bd0f3,1
3\Danish\danes7.jpg,danes7.jpg,.jpg,image,33827,0.03,1275167976.0,0,UNLIKELY,False,,9885c463a66fcdab5c8099ed1ebf6337c64588c64591a1137dd917f53b2d93f7,1
3\Danish\danes8.jpg,danes8.jpg,.jpg,image,23457,0.02,1275167974.0,0,UNLIKELY,False,,3dff7726365df48f2a715d2bbb5e9a04a53e862b55a488b45194b5bb985e3de8,1
3\Danish\danes9.jpg,danes9.jpg,.jpg,image,34511,0.03,1275167976.0,0,UNLIKELY,False,,46d77ec9e45e32425f4423b4e3c49aaed7b14beee137e61a680239189bd24e9d,1
3\Danish\Thumbs.db,Thumbs.db,.db,other,216064,0.21,1294702322.0,0,UNLIKELY,False,,d143049730bab025a6992dadfbec4c558678203bb8108a22a87a9a08b91baa69,1
3\Gary Stadler & Singh Kaur\desktop.ini,desktop.ini,.ini,other,371,0.0,1207483180.0,0,UNLIKELY,False,,c28efbcceafba9d011fcd37aa673fa81cf59d26c2041e40c3d968956949466db,2
3\Gary Stadler & Singh Kaur\Thumbs.db,Thumbs.db,.db,other,5632,0.01,1223526614.0,0,UNLIKELY,False,,99bb7cec2d3112f8b8fad70b346d67e4b75083bbee54d23f62b57944cf558d8e,2
3\Gary Stadler & Singh Kaur\Fairy Night Songs\01 Nightsong.mp3,01 Nightsong.mp3,.mp3,audio,7424188,7.08,1207483152.0,1,UNLIKELY,False,,479ea8bccfd69a524da94cb646ff69494b3170a67ba6c3809012348a85fd9fcc,2
3\Gary Stadler & Singh Kaur\Fairy Night Songs\02 Fairy Ring.mp3,02 Fairy Ring.mp3,.mp3,audio,18350692,17.5,1207483152.0,1,UNLIKELY,False,,362de1459615f986562d0adce0880c6cb5a33fe30f23ee15d24e7b342e7a4eeb,2
3\Gary Stadler & Singh Kaur\Fairy Night Songs\03 In the Hollows of Trees.mp3,03 In the Hollows of Trees.mp3,.mp3,audio,6816580,6.5,1207483152.0,1,UNLIKELY,False,,1b76dc04bcfa7d955b16e8795cee424085f835b9c3f7231c765af37543750e60,2
3\Gary Stadler & Singh Kaur\Fairy Night Songs\04 Fly Away.mp3,04 Fly Away.mp3,.mp3,audio,13471036,12.85,1207483154.0,1,UNLIKELY,False,,5535a8515c979e3f94d659487676befaae56d1ef2779e04607c973dce5f74f98,2
3\Gary Stadler & Singh Kaur\Fairy Night Songs\05 Darkness.mp3,05 Darkness.mp3,.mp3,audio,17024812,16.24,1207483154.0,1,UNLIKELY,False,,743e02589d339a5351d9ba6c2b86426c5823b2c8fec4a7dd1a41d6ac61a62be0,2
3\Gary Stadler & Singh Kaur\Fairy Night Songs\06 Midnight Myst.mp3,06 Midnight Myst.mp3,.mp3,audio,13116076,12.51,1207483154.0,1,UNLIKELY,False,,421e76ff044490a908274f99713ccd66f0e8b9daede936fab6ccb8acd0fd44f5,2
3\Gary Stadler & Singh Kaur\Fairy Night Songs\07 Laura's Hill.mp3,07 Laura's Hill.mp3,.mp3,audio,10262824,9.79,1207483156.0,1,UNLIKELY,False,,664d4388d8753c88f1f019f14f38c7df81e9b295d0d46cd0ab378c13cea5ec04,2
3\Gary Stadler & Singh Kaur\Fairy Night Songs\08 Lullaby.mp3,08 Lullaby.mp3,.mp3,audio,10229416,9.76,1207483156.0,1,UNLIKELY,False,,b2ddf98d6badc50a5944435a95ad0ba9a9f2f1fc39aa5d3b6a082edc7fb11fc0,2
3\Gary Stadler & Singh Kaur\Fairy Night Songs\09 A Spark in the Night.mp3,09 A Spark in the Night.mp3,.mp3,audio,18711916,17.85,1224381642.0,1,UNLIKELY,False,,8a336f1ed19cff6af055889bc4e05a38edf1bec2dc63115055a76f6f3a3d9ae8,3
3\Gary Stadler & Singh Kaur\Fairy Night Songs\AlbumArtSmall.jpg,AlbumArtSmall.jpg,.jpg,image,2451,0.0,1207481512.0,0,UNLIKELY,False,,ccd88dc11e88fe45a0810551812f4e1206478ab1bb4a98f5b80a161714d4b1f8,4
3\Gary Stadler & Singh Kaur\Fairy Night Songs\AlbumArt_{E126C102-C85E-48E1-B87A-FCA22DE21191}_Large.jpg,AlbumArt_{E126C102-C85E-48E1-B87A-FCA22DE21191}_Large.jpg,.jpg,image,10092,0.01,1207481514.0,0,UNLIKELY,False,,22065c2f507e1eca765a662f6515fbb5be5c696140a551b8ac7f0c9f7430e307,4
3\Gary Stadler & Singh Kaur\Fairy Night Songs\AlbumArt_{E126C102-C85E-48E1-B87A-FCA22DE21191}_Small.jpg,AlbumArt_{E126C102-C85E-48E1-B87A-FCA22DE21191}_Small.jpg,.jpg,image,2451,0.0,1207481512.0,0,UNLIKELY,False,,ccd88dc11e88fe45a0810551812f4e1206478ab1bb4a98f5b80a161714d4b1f8,4
3\Gary Stadler & Singh Kaur\Fairy Night Songs\desktop.ini,desktop.ini,.ini,other,370,0.0,1207483180.0,0,UNLIKELY,False,,8af796638dbe287000d46b9a8a578bea0f675116a2e4a14d10736ff548ce0f7b,2
3\Gary Stadler & Singh Kaur\Fairy Night Songs\Folder.jpg,Folder.jpg,.jpg,image,10092,0.01,1207481514.0,0,UNLIKELY,False,,22065c2f507e1eca765a662f6515fbb5be5c696140a551b8ac7f0c9f7430e307,4
3\Gary Stadler & Singh Kaur\Fairy Night Songs\Thumbs.db,Thumbs.db,.db,other,7680,0.01,1208332420.0,0,UNLIKELY,False,,7382846f1f7686e1aeaa9397fff4d7174543789e021d934e491495c4396374ec,2
3\Gary Stadler & Singh Kaur\Favorites\3D Home Design Software and Landscape Design - Punch Software.url,3D Home Design Software and Landscape Design - Punch Software.url,.url,other,152,0.0,1138092608.0,0,UNLIKELY,False,,4355ca06884fc59ef601182ac4655a89a3a5c42b1880133088eae9e94c42c054,1
3\Gary Stadler & Singh Kaur\Favorites\9-11 Radio Transmissions of WTC 2 Firefighters.url,9-11 Radio Transmissions of WTC 2 Firefighters.url,.url,other,257,0.0,1157644064.0,0,UNLIKELY,False,,598ad3be7d9364dd414ff139b70beffb68f26e28d5baa310ae04c11384a1139e,1
3\Gary Stadler & Singh Kaur\Favorites\9-11 Research.url,9-11 Research.url,.url,other,215,0.0,1212135630.0,0,UNLIKELY,False,,dff809b7bd4b2055fff762d6b88c316a45fe8a4c523b9dfc22f333527bc5f834,1
3\Gary Stadler & Singh Kaur\Favorites\9-11 Review.url,9-11 Review.url,.url,other,237,0.0,1188094926.0,0,UNLIKELY,False,,6e8d1a20cb25a88ac3ace23c52d952cdb27abf60bd2b2079409c231b327f3d11,1
3\Gary Stadler & Singh Kaur\Favorites\Above Top Secret.url,Above Top Secret.url,.url,other,264,0.0,1191307500.0,0,UNLIKELY,False,,a51b50c875f2f555eae90edbb83cffb7d75238be9eb4715c7c579f552571dbe9,1
3\Gary Stadler & Singh Kaur\Favorites\Aeronautical Charts.url,Aeronautical Charts.url,.url,other,174,0.0,1143767976.0,0,UNLIKELY,False,,19d75078019b3a1fc4a169651fb62c09d5137eb68616557aec9c1a467cedde6b,1
3\Gary Stadler & Singh Kaur\Favorites\AIR RAGE.url,AIR RAGE.url,.url,other,122,0.0,1182661158.0,0,UNLIKELY,False,,935f5c653dd97f9c90edb633a30975391d2f3cd4babd86575899b6bf8e9301f6,1
3\Gary Stadler & Singh Kaur\Favorites\AirDisaster.Com Cockpit Voice Recorders Transcripts.url,AirDisaster.Com Cockpit Voice Recorders Transcripts.url,.url,other,324,0.0,1190564296.0,0,UNLIKELY,False,,9c4df8c5654ced064be76ae19e918333ec82fcd30febd394701bed731976f3d4,1
3\Gary Stadler & Singh Kaur\Favorites\AIRLINERS.url,AIRLINERS.url,.url,other,196,0.0,1135390876.0,0,UNLIKELY,False,,3c9a5e6f3919c3eb9331ad33b1c1eba9e51afc6d6a40d306a31ae3f7386ffedc,1
3\Gary Stadler & Singh Kaur\Favorites\AirSafe.url,AirSafe.url,.url,other,122,0.0,1166037440.0,0,UNLIKELY,False,,52fe61c25ffda4ba4a99dab2dc121646a98d67dd87dcff30f394593683c98c8a,1
"3\Gary Stadler & Singh Kaur\Favorites\Airstream, Inc  Home.url","Airstream, Inc  Home.url",.url,other,180,0.0,1221532420.0,0,UNLIKELY,False,,76930ed507719c25222c1ce52aced962608098d9a2692dc58f3362ca852177f4,1
3\Gary Stadler & Singh Kaur\Favorites\Alex Jones.url,Alex Jones.url,.url,other,124,0.0,1143544702.0,0,UNLIKELY,False,,470e05329b29be6ccf3a5293c4fbcec50b6b2108d4d5f3398f9ca7ea30d150d9,1
3\Gary Stadler & Singh Kaur\Favorites\Allison Williams sex tape - Hot Goo.url,Allison Williams sex tape - Hot Goo.url,.url,other,547,0.0,1249244412.0,0,UNLIKELY,False,,fdb0b456a06bd060f72ef029bdd4b7894bd76fa190e07df9a0a6e0a7fc51f5c8,1
3\Gary Stadler & Singh Kaur\Favorites\American Racing Speed Cone Wheel Polisher -- American Racing Online Store.url,American Racing Speed Cone Wheel Polisher -- American Racing Online Store.url,.url,other,616,0.0,1158389414.0,0,UNLIKELY,False,,661e6bc3077c9a9a7e4ed03298f762641c1c5e31d7fd99fd78fc83b20c8a9e28,1
3\Gary Stadler & Singh Kaur\Favorites\Amnesty International .url,Amnesty International .url,.url,other,272,0.0,1211352532.0,0,UNLIKELY,False,,9747e26e6b947f7db47a99860d305fa4064fbbbfa9e2ae77e9caca4487241af5,1
3\Gary Stadler & Singh Kaur\Favorites\Amtrak.url,Amtrak.url,.url,other,446,0.0,1207088906.0,0,UNLIKELY,False,,1925e0b069e5669375eeeb057db3b7b1425ddd302210db310a4b64aaf93d392e,1
3\Gary Stadler & Singh Kaur\Favorites\ask the pilot - the column.url,ask the pilot - the column.url,.url,other,215,0.0,1216448288.0,0,UNLIKELY,False,,facf47fb9a04a2370132facf8f40d45e7aa69d5a4933b2c2fa730f34da6fb6a3,1
3\Gary Stadler & Singh Kaur\Favorites\Audacity Free Audio Editor and Recorder.url,Audacity Free Audio Editor and Recorder.url,.url,other,207,0.0,1139745438.0,2,UNLIKELY,False,,092e2898ecff02424234bf1968bbbf1e41f5f571a5fa324b1777b0398d4aec4c,1
3\Gary Stadler & Singh Kaur\Favorites\avalon-yale law library.url,avalon-yale law library.url,.url,other,194,0.0,1249543356.0,0,UNLIKELY,False,,3933d0daf172d3be1aa2e4045f2148308342a6c1fc092bf9ae66d7344707927b,1
3\Gary Stadler & Singh Kaur\Favorites\Aviator's 100% Silk Scarf from US Wings.url,Aviator's 100% Silk Scarf from US Wings.url,.url,other,148,0.0,1170949190.0,0,UNLIKELY,False,,9eaf8d14971aaf406f9c2203e98280e454f3a03fa077ec98f5dd84053d380fde,1
3\Gary Stadler & Singh Kaur\Favorites\Axis History Factbook Home.url,Axis History Factbook Home.url,.url,other,192,0.0,1158828380.0,0,UNLIKELY,False,,ef8d5303efb490097987b435705e770783d3fb589363cf45859bd4afe591febc,1
3\Gary Stadler & Singh Kaur\Favorites\Baghdad Burning.url,Baghdad Burning.url,.url,other,247,0.0,1161296624.0,0,UNLIKELY,False,,e3217bbe794947b1bffa6cb716e1f189d3329fa9792e1b53640d5b2446a07c56,1
3\Gary Stadler & Singh Kaur\Favorites\Bang's Adentures.url,Bang's Adentures.url,.url,other,249,0.0,1133494048.0,0,UNLIKELY,False,,85a3bb592c9b13f8d131bb58be322ca78bf3ff7b3e1eed19be1ac4883f12bfae,1
3\Gary Stadler & Singh Kaur\Favorites\Barnstable Probate and Family Court Division of the Massachusetts Court System - Other General Information.url,Barnstable Probate and Family Court Division of the Massachusetts Court System - Other General Information.url,.url,other,301,0.0,1222772250.0,0,UNLIKELY,False,,d3f3779d56b6870fec45497f0d319efb343970c90934936a7d581599d3d39481,1
3\Gary Stadler & Singh Kaur\Favorites\Beachhouse.com Member Login.url,Beachhouse.com Member Login.url,.url,other,262,0.0,1163696092.0,0,UNLIKELY,False,,684b1148e70445f7fece6ec8670e9cb0066392d48b282c31a5fb1fb6d32a3e93,1
3\Gary Stadler & Singh Kaur\Favorites\Best Page.url,Best Page.url,.url,other,192,0.0,1149305656.0,0,UNLIKELY,False,,594f7a22425dbeaa7d5b67547bc88c6ff222a239abd68c7ed37693c1bf73b6df,1
3\Gary Stadler & Singh Kaur\Favorites\BIG-BANG Cannon.url,BIG-BANG Cannon.url,.url,other,170,0.0,1136269430.0,0,UNLIKELY,False,,091ab48afd5669ff8175208bc56b7fc68a718bf0332c60652ac416a97ebb78cc,1
3\Gary Stadler & Singh Kaur\Favorites\Bigfoot Field Researchers Organization.url,Bigfoot Field Researchers Organization.url,.url,other,234,0.0,1213432810.0,0,UNLIKELY,False,,cc736a8c4a8aeeca3022a9f324dc1235af95fd9f83ff606ca6a6f24865b3d983,1
"3\Gary Stadler & Singh Kaur\Favorites\Black Bart Underwood, Highwayman.url","Black Bart Underwood, Highwayman.url",.url,other,257,0.0,1186443358.0,0,UNLIKELY,False,,c1d1f97737d49a169810bdcf5ee3025f544fd172cede99259e9a9d1f474294b2,1
3\Gary Stadler & Singh Kaur\Favorites\BLACK FLIGHT JACKET.url,BLACK FLIGHT JACKET.url,.url,other,243,0.0,1248410650.0,0,UNLIKELY,False,,12f557829ecd79d58d46837613917e01e4b99dcaa8b20fc355fefd172afff05c,1
3\Gary Stadler & Singh Kaur\Favorites\BlackHawk.url,BlackHawk.url,.url,other,118,0.0,1141353440.0,0,UNLIKELY,False,,64bcdca8392af8102c536245d0fda6efb04737796c4d6648ab35cef9b20e583c,1
3\Gary Stadler & Singh Kaur\Favorites\Blackwater USA.url,Blackwater USA.url,.url,other,452,0.0,1208414590.0,0,UNLIKELY,False,,e2178eecf8c6f1c06a1e24a8361e95c3fc4ed4cb347799fc717dccfa96696895,1
3\Gary Stadler & Singh Kaur\Favorites\Blue Velvet.url,Blue Velvet.url,.url,other,405,0.0,1145960214.0,0,UNLIKELY,False,,8609a40083c1203c6f281f8e3f821833a492fd0967624b23d82778784251c6e1,1
3\Gary Stadler & Singh Kaur\Favorites\Body Pollution - How to maintain your health and vitality through internal cleansing..url,Body Pollution - How to maintain your health and vitality through internal cleansing..url,.url,other,294,0.0,1145845382.0,0,UNLIKELY,False,,2e3ddabb064bc62bd02cc931026ea3178d85f3d6b78d95b84d93b5743580af2a,1
3\Gary Stadler & Singh Kaur\Favorites\BTV RADAR.url,BTV RADAR.url,.url,other,364,0.0,1218394970.0,0,UNLIKELY,False,,08cfb2e33679839e5618ad04bb39507d87935e23d74eeb75482b5b73c9bd46f9,1
3\Gary Stadler & Singh Kaur\Favorites\Burlington NWS.url,Burlington NWS.url,.url,other,267,0.0,1226087998.0,0,UNLIKELY,False,,d57659255aebd87f68a7a4d904cd9cd6bd2009f4e99d50b1aac025f3128e82da,1
3\Gary Stadler & Singh Kaur\Favorites\Butterfly World.url,Butterfly World.url,.url,other,156,0.0,1146996860.0,0,UNLIKELY,False,,6d3d6ea6f9571e36d46551df40e4e37807f33f41ab3d6938fc2aa61c657edf7a,1
3\Gary Stadler & Singh Kaur\Favorites\C2c.url,C2c.url,.url,other,634,0.0,1224135580.0,0,UNLIKELY,False,,9d36405cc7c933766525c14fd2fd21ddeb8fe038b81b00510b30bcba1500bc0b,1
3\Gary Stadler & Singh Kaur\Favorites\Cabela's -- Store.url,Cabela's -- Store.url,.url,other,330,0.0,1169233720.0,0,UNLIKELY,False,,6b46344e281e93ed57aa9aeafade66cf8be2df4fcc4682447d453527e06ef498,1
3\Gary Stadler & Singh Kaur\Favorites\Canon PowerShot.url,Canon PowerShot.url,.url,other,369,0.0,1169616918.0,0,UNLIKELY,False,,0328267a1c5fe8a9280be821bd7da846fa8319359282a53812632549c5612e71,1
3\Gary Stadler & Singh Kaur\Favorites\CAR STUFF.url,CAR STUFF.url,.url,other,392,0.0,1171218080.0,0,UNLIKELY,False,,fd28d85ec2b474f43ec68c7221c1393a0f8257aa21de78062cc3bd87768f3ed4,1
3\Gary Stadler & Singh Kaur\Favorites\Cato Unbound » Blog Archive » The Future of the American Workforce in the Global Creative Economy.url,Cato Unbound » Blog Archive » The Future of the American Workforce in the Global Creative Economy.url,.url,other,322,0.0,1153595834.0,0,UNLIKELY,False,,3377aafbf9370d6ae05951bed3e0ae24f7bfdddb5fd2c52df22c5f27a4ec492b,1
3\Gary Stadler & Singh Kaur\Favorites\Celebflix.url,Celebflix.url,.url,other,188,0.0,1185258790.0,0,UNLIKELY,False,,0383d5ddb34652a0827c80e18895c1789a3f8e2241178a22feb8418b1c04cfb5,1
3\Gary Stadler & Singh Kaur\Favorites\CFGL.url,CFGL.url,.url,other,244,0.0,1222716704.0,0,UNLIKELY,False,,6e865a35e1b1d50881a0075bc8a0a985f8814e63cd314e5c7c7715a0abf23525,1
3\Gary Stadler & Singh Kaur\Favorites\Cheney's Role In 911 Put On Center Stage By British MP.url,Cheney's Role In 911 Put On Center Stage By British MP.url,.url,other,188,0.0,1208260954.0,0,UNLIKELY,False,,92859026725ae8ca2114c688b140d204640c9f9a789fc1381c0d467153e06410,1
"3\Gary Stadler & Singh Kaur\Favorites\Chronic fatigue syndrome & fibromyalgia symptom, pain recovery and treatment, expert medical specialist's research, syndrom, sy.url","Chronic fatigue syndrome & fibromyalgia symptom, pain recovery and treatment, expert medical specialist's research, syndrom, sy.url",.url,other,730,0.0,1147149964.0,0,UNLIKELY,False,,a456ff1f4c16eda02dc0096250f493be35eee3a9f5e66891f2eabf5e279cc03e,1
3\Gary Stadler & Singh Kaur\Favorites\Church Sign Generator - Make Your Sign.url,Church Sign Generator - Make Your Sign.url,.url,other,238,0.0,1180889520.0,0,UNLIKELY,False,,dd91c4c926ebf9c320e21926fd4e3be68864ae20cb4ef0007d5d5da8fb002cc2,1
3\Gary Stadler & Singh Kaur\Favorites\CIA - The World Factbook.url,CIA - The World Factbook.url,.url,other,271,0.0,1184030724.0,0,UNLIKELY,False,,bce22e15a210d982c224c5f1de680c0c46b8ffce78ef7bb43ff626ebaf42af8e,1
3\Gary Stadler & Singh Kaur\Favorites\Clicquot Product Details.url,Clicquot Product Details.url,.url,other,252,0.0,1193195758.0,0,UNLIKELY,False,,bc25afb3ce8ea1385a0e6b9fa077755e597dd939017000d97debd87e232185f5,1
3\Gary Stadler & Singh Kaur\Favorites\Columbia River Knives Wild Weasel Razor-Sharp Knife 1000A.url,Columbia River Knives Wild Weasel Razor-Sharp Knife 1000A.url,.url,other,368,0.0,1158115614.0,0,UNLIKELY,False,,655a8f9de7ab1a2b2fed593ff8cfccedecddb6f641090e59075eee28c8f0c10b,1
"3\Gary Stadler & Singh Kaur\Favorites\Conestoga Log Cabins - Cabin Accessories and more - Lebanon, PA.url","Conestoga Log Cabins - Cabin Accessories and more - Lebanon, PA.url",.url,other,276,0.0,1211184894.0,0,UNLIKELY,False,,630eebd94eae287d3839567e9e7d6811ae4b52f1c0840bd467ec038cd479e931,1
3\Gary Stadler & Singh Kaur\Favorites\Consumerist.url,Consumerist.url,.url,other,377,0.0,1173552380.0,0,UNLIKELY,False,,d74184a61a4e860c90560c2bc9445c9dd7da8358fa5a860e4f87ae35d88c58a2,1
3\Gary Stadler & Singh Kaur\Favorites\Conversion Calculators.url,Conversion Calculators.url,.url,other,234,0.0,1249199930.0,0,UNLIKELY,False,,646f193a65acbffab2564df4a901e7cc50309c6c091f2c810925f82d12a1897d,1
3\Gary Stadler & Singh Kaur\Favorites\craigslist - community classifieds.url,craigslist - community classifieds.url,.url,other,286,0.0,1196786912.0,0,UNLIKELY,False,,699d7906f95ce608cb803426f4668d7475573877f0eea582f6568e53f3f43abb,1
3\Gary Stadler & Singh Kaur\Favorites\CROP CIRCLES SECRETS.url,CROP CIRCLES SECRETS.url,.url,other,186,0.0,1156141130.0,0,UNLIKELY,False,,73bd69a68e63aa654053a54f94e46fa4d30f03f90744acc48a78cd17e89f8718,1
3\Gary Stadler & Singh Kaur\Favorites\Cryptomundo.url,Cryptomundo.url,.url,other,186,0.0,1147324738.0,0,UNLIKELY,False,,890db3ebf06789529af1980a09b8839fba008695e508ee5f488fbbdbba9b3e60,1
3\Gary Stadler & Singh Kaur\Favorites\Database Records Access.url,Database Records Access.url,.url,other,246,0.0,1208843338.0,0,UNLIKELY,False,,99210405c31dfa586a2ec9e1548f36c705a46a3be01efae7bbb84118530fa99d,1
3\Gary Stadler & Singh Kaur\Favorites\David Rumsey Historical Map Collection.url,David Rumsey Historical Map Collection.url,.url,other,211,0.0,1204086808.0,0,UNLIKELY,False,,32359c23dadddb965d804de9489cbdb92181162e897aa5f83f2f11557dd793dc,1
3\Gary Stadler & Singh Kaur\Favorites\Dead On Arrival.url,Dead On Arrival.url,.url,other,154,0.0,1166505092.0,0,UNLIKELY,False,,6c67ca3c0b44128e3359aa3937605e8e80a3cf771925139bc3505ab91791d1b5,1
3\Gary Stadler & Singh Kaur\Favorites\deadwood derby.url,deadwood derby.url,.url,other,226,0.0,1133374266.0,0,UNLIKELY,False,,75ea6df7c79242f8e04705099ff915cc10ddce4a3d98c392821835a284d14e49,1
3\Gary Stadler & Singh Kaur\Favorites\Denim Scrubs from tsuniforms.com.url,Denim Scrubs from tsuniforms.com.url,.url,other,209,0.0,1154194932.0,0,UNLIKELY,False,,8a6c79bb1c973dce8008e1bce91676c9f4bbeb725f1df2532498d60a28dd017c,1
3\Gary Stadler & Singh Kaur\Favorites\Desktop.ini,Desktop.ini,.ini,other,122,0.0,1270175724.0,0,UNLIKELY,False,,df6e1089c40792e65f7d7fa7be72cc259e806e97a4705e3606b44a70d15a1f25,1
3\Gary Stadler & Singh Kaur\Favorites\Di.url,Di.url,.url,other,186,0.0,1221604942.0,0,UNLIKELY,False,,4cf7c7277d17c17d240bb0cc552827435a6ad77ff5e7348055e270c5de7274d1,1
3\Gary Stadler & Singh Kaur\Favorites\dictionary.url,dictionary.url,.url,other,264,0.0,1249358750.0,0,UNLIKELY,False,,3fcde336a7b91cbb55ad6958a243f07108a3dd1e02c73fb1e1577de77029bc4e,1
3\Gary Stadler & Singh Kaur\Favorites\Distance Calculator.url,Distance Calculator.url,.url,other,422,0.0,1185055026.0,0,UNLIKELY,False,,a58e0fc2e5a3ff2459579ed28aa9ccd033464df9274fb835f0d4d18e7be58b9b,1
3\Gary Stadler & Singh Kaur\Favorites\Doing Battle.url,Doing Battle.url,.url,other,355,0.0,1140414330.0,0,UNLIKELY,False,,30192f8c7bb50368690655fcaf7228bc7174d10023c0881fdebbc6e04ad12c5a,1
3\Gary Stadler & Singh Kaur\Favorites\Don't Know Much About.url,Don't Know Much About.url,.url,other,164,0.0,1130482830.0,0,UNLIKELY,False,,444e894dab89fd1b3d6c0978f7ff1b6a01dd79b1a68649a0dfa936dc5f7acee4,1
3\Gary Stadler & Singh Kaur\Favorites\Dremel.com Featured Story - Jim Pridham.url,Dremel.com Featured Story - Jim Pridham.url,.url,other,230,0.0,1145473592.0,4,LOW,False,,28e9015463f1a0ed4011aca0c90837f08ccc2f5721620aaacfdd559f6005ac2d,1
3\Gary Stadler & Singh Kaur\Favorites\DRUDGE REPORT 2006®.url,DRUDGE REPORT 2006®.url,.url,other,152,0.0,1136308300.0,0,UNLIKELY,False,,28620ab5dd900dfd821d2fdf59afee8c4feb95618732dc118791ef6bd1036184,1
3\Gary Stadler & Singh Kaur\Favorites\DrugDigest.url,DrugDigest.url,.url,other,266,0.0,1223741720.0,0,UNLIKELY,False,,3e02fb4a6ca837494d4189da4b4e07645977f21d921dbca1a1ecd5a66a8c8353,1
3\Gary Stadler & Singh Kaur\Favorites\EAGLES.url,EAGLES.url,.url,other,162,0.0,1144890870.0,0,UNLIKELY,False,,b46ffb93dcfe76647633a5fb6667d9c4ea2b9d472eca73d3b0405192ffb1abb5,1
3\Gary Stadler & Singh Kaur\Favorites\Earthfiles.url,Earthfiles.url,.url,other,128,0.0,1149141172.0,0,UNLIKELY,False,,3e406204caeb52402019aa6df9e846ff018c96c1e112e76ee1d86e6f8aaa007f,1
3\Gary Stadler & Singh Kaur\Favorites\Encyclopedia Mythica Origin of the names of the days.url,Encyclopedia Mythica Origin of the names of the days.url,.url,other,277,0.0,1209364388.0,0,UNLIKELY,False,,6c45ae48cebd95bc54ca71069b5d060abbc48b97c214a19903b8d866eea71136,1
3\Gary Stadler & Singh Kaur\Favorites\Expedia maps.url,Expedia maps.url,.url,other,226,0.0,1163254038.0,0,UNLIKELY,False,,98ba859d4df81dbf09c13cd85a2bb124b7ef347e5a466f2e3ef13ea45fac8a65,1
3\Gary Stadler & Singh Kaur\Favorites\FAA.url,FAA.url,.url,other,231,0.0,1249199978.0,0,UNLIKELY,False,,1c5e0c1858b0fa0c1cbeae90d57f82f4a65604b28b4ba04968d14b8a0fb4be7d,1
3\Gary Stadler & Singh Kaur\Favorites\Facts and Figures The Norse Way.url,Facts and Figures The Norse Way.url,.url,other,196,0.0,1207209518.0,0,UNLIKELY,False,,6c9cdb7de06ec5433e92e99a39c478a4eef4b09bc6a4d6e29c53751a5b73368c,1
3\Gary Stadler & Singh Kaur\Favorites\FIREHOUSE.url,FIREHOUSE.url,.url,other,249,0.0,1192687514.0,0,UNLIKELY,False,,2490615e725a76542612367c4d5ba3c991c333a1ce291e7075fbc4c6eb048e16,1
3\Gary Stadler & Singh Kaur\Favorites\FIREWORKS ALLIANCE.url,FIREWORKS ALLIANCE.url,.url,other,276,0.0,1188096900.0,0,UNLIKELY,False,,1d892d49382fdbc2a4cfcb8aabf38b43a908e7293e12412a6214c7eb5286273d,1
3\Gary Stadler & Singh Kaur\Favorites\fiveislandslobster.url,fiveislandslobster.url,.url,other,850,0.0,1186968764.0,0,UNLIKELY,False,,e82771aa0a217f3de2ff6ffaff80d32c1ba0ac750774dc70d4e3ada0a15ec4e8,1
3\Gary Stadler & Singh Kaur\Favorites\FLIGHT INTERNATIONAL.url,FLIGHT INTERNATIONAL.url,.url,other,166,0.0,1174332418.0,0,UNLIKELY,False,,9bddb818e39c7554278ad635aec386fcba9f8d286ca7fb68f22c17df2634fd11,1
3\Gary Stadler & Singh Kaur\Favorites\Flight Tracker.url,Flight Tracker.url,.url,other,182,0.0,1142244294.0,0,UNLIKELY,False,,e2ac394be4aeba69646ba6cf3f893cafe80c09bf7943fad2d9dfb23c5e5499f7,1
3\Gary Stadler & Singh Kaur\Favorites\FlightAware.url,FlightAware.url,.url,other,352,0.0,1171898852.0,0,UNLIKELY,False,,98f666d0bce2986c9e295dd5f86ab70e44fca275cb8f7ceb596215f5dca830f0,1
3\Gary Stadler & Singh Kaur\Favorites\FlightCollection.url,FlightCollection.url,.url,other,255,0.0,1201289548.0,0,UNLIKELY,False,,df43532383bc4bf9b080ff655027e4ae07841d5e8d88e85baa79938e46177068,1
3\Gary Stadler & Singh Kaur\Favorites\Flightview.url,Flightview.url,.url,other,174,0.0,1139457608.0,0,UNLIKELY,False,,d653811ee381baff9c16acb55809c26ba06f636a6e3c77616a8aaafae057fc9b,1
3\Gary Stadler & Singh Kaur\Favorites\FLIGHTWISE.url,FLIGHTWISE.url,.url,other,211,0.0,1249534114.0,0,UNLIKELY,False,,21be97f0cdb60a0caf5a4882644d18b1e3dc1894aca51029491928926bf4647f,1
3\Gary Stadler & Singh Kaur\Favorites\Fly With Me.url,Fly With Me.url,.url,other,270,0.0,1202014770.0,0,UNLIKELY,False,,17b963dfc201258f22847781b7ed216c70b8901be7dc408d6d7a768f36405b88,1
3\Gary Stadler & Singh Kaur\Favorites\foia.url,foia.url,.url,other,148,0.0,1181713476.0,0,UNLIKELY,False,,d47997f3acdac4055f864f6a747e1769193cb135fc072146a0d8df40cc70d7db,1
3\Gary Stadler & Singh Kaur\Favorites\Formula Boats  Cruisers  40 Performance Cruiser  Gallery.url,Formula Boats  Cruisers  40 Performance Cruiser  Gallery.url,.url,other,249,0.0,1141378892.0,0,UNLIKELY,False,,bc3a9f660c56a2e7b9999dd04730ad37834fea96884c47d83cbee71d40c78248,1
3\Gary Stadler & Singh Kaur\Favorites\FORTOGDEN.url,FORTOGDEN.url,.url,other,3069,0.0,1209276438.0,0,UNLIKELY,False,,de70bf36f9ac11834fe567c172b7d0a0ae6cb7e3a25d8fdea9c2603a19cde1d1,1
"3\Gary Stadler & Singh Kaur\Favorites\Garden Sheds - Cabana Village storage shed, pool house and garden shed kits.url","Garden Sheds - Cabana Village storage shed, pool house and garden shed kits.url",.url,other,134,0.0,1164643226.0,0,UNLIKELY,False,,c8b5f70a4c56e95f97b3a57ce88f4e1de46fd490296319080422328a2bfd8892,1
3\Gary Stadler & Singh Kaur\Favorites\gas regulators.url,gas regulators.url,.url,other,202,0.0,1224012828.0,0,UNLIKELY,False,,97408a78297ce753b0008465191d6a06712a850725317593324780ddf158e65a,1
3\Gary Stadler & Singh Kaur\Favorites\General William Sherman in Georgia.url,General William Sherman in Georgia.url,.url,other,202,0.0,1212305192.0,0,UNLIKELY,False,,98b652602cec16d2f5ed25ebefd740971b1ab6dbff2f2fd85c9937179f82cdc6,1
3\Gary Stadler & Singh Kaur\Favorites\Geo-Eye.url,Geo-Eye.url,.url,other,177,0.0,1181707116.0,0,UNLIKELY,False,,5b51f806f94284a464cc77e82186c58ea0475eca045f254299407a943b9f538b,1
3\Gary Stadler & Singh Kaur\Favorites\Geography and Map Reading Room (Library of Congress).url,Geography and Map Reading Room (Library of Congress).url,.url,other,190,0.0,1159596580.0,0,UNLIKELY,False,,2193178b128a2b9cecab40e21d9439ffb07255213d7d87a20c32c513ba54e2d7,1
3\Gary Stadler & Singh Kaur\Favorites\Gizmodo.url,Gizmodo.url,.url,other,599,0.0,1161476750.0,0,UNLIKELY,False,,18b85d1ad8a900aeec73213ec23ec7f3bbf6027237063c1e3a74564813120d37,1
3\Gary Stadler & Singh Kaur\Favorites\Global Security.url,Global Security.url,.url,other,1071,0.0,1184030522.0,0,UNLIKELY,False,,6e8808ef507f65648a6e1ea270f394365cb9833657865b27eda5132a6b58fab2,1
3\Gary Stadler & Singh Kaur\Favorites\GlobalSecurity.org.url,GlobalSecurity.org.url,.url,other,197,0.0,1168674854.0,0,UNLIKELY,False,,59471767c68ff453ad33277d1dd4b3db7ab383f6eff1507ddea6720875159b80,1
3\Gary Stadler & Singh Kaur\Favorites\Go RVing.url,Go RVing.url,.url,other,148,0.0,1172945136.0,0,UNLIKELY,False,,e396a6f874a683b855e4f7000133dc2ee89301afedf3ea9bd2d3393c4b66da77,1
3\Gary Stadler & Singh Kaur\Favorites\Google Earth.url,Google Earth.url,.url,other,187,0.0,1224826848.0,0,UNLIKELY,False,,033b3403e851d6c6392c32812471b0113713b7dc666486f79b9ac66618e745fc,1
3\Gary Stadler & Singh Kaur\Favorites\Google Image Result for http--images.buyautotruckaccessories.com-products-main-MainImage_WOorntExpDD.jpg.url,Google Image Result for http--images.buyautotruckaccessories.com-products-main-MainImage_WOorntExpDD.jpg.url,.url,other,1250,0.0,1206969174.0,0,UNLIKELY,False,,84a21fca5fed95b941da86cbe3b84455285659a688dda118a5859ec10c67bd03,1
3\Gary Stadler & Singh Kaur\Favorites\Google Image Result for http--izlin.free.fr-eve-ships-hound.jpg.url,Google Image Result for http--izlin.free.fr-eve-ships-hound.jpg.url,.url,other,1359,0.0,1147118316.0,0,UNLIKELY,False,,1e0dfcbea283588dbc6b4b041592143cc5d0815fcd56ed6f9abe6a7ab6637d95,1
3\Gary Stadler & Singh Kaur\Favorites\Google Image Result for http--www.artown.com-local-wellsbeach_small.jpg.url,Google Image Result for http--www.artown.com-local-wellsbeach_small.jpg.url,.url,other,951,0.0,1201289498.0,0,UNLIKELY,False,,b80427ae94e653e17174089670c23bc69f4ed7cfc5b073098c8568d16d726352,1
3\Gary Stadler & Singh Kaur\Favorites\Google Image Result for http--www.mythinglinks.org-Norse~R75~OdinRavensCU.jpg.url,Google Image Result for http--www.mythinglinks.org-Norse~R75~OdinRavensCU.jpg.url,.url,other,965,0.0,1211959126.0,0,UNLIKELY,False,,af1a83088b72a0ba65e3d01802c8e5b03e484e2e1d00caff1cf5b72c178782b3,1
3\Gary Stadler & Singh Kaur\Favorites\Google Image Result for http--www.oldetymemercantile.com-images-Ladies%20Steeple%20Boot-500.jpg.url,Google Image Result for http--www.oldetymemercantile.com-images-Ladies%20Steeple%20Boot-500.jpg.url,.url,other,906,0.0,1154201266.0,0,UNLIKELY,False,,638b37b35b90eb0ff29a2f6252051df3e557461c0ab44c1de0e021d73d5c1017,1
3\Gary Stadler & Singh Kaur\Favorites\Google Image Result for http--www.servicedogsofamerica.com-images-2004_1024Image0076_resized_000.jpg.url,Google Image Result for http--www.servicedogsofamerica.com-images-2004_1024Image0076_resized_000.jpg.url,.url,other,1083,0.0,1220775296.0,0,UNLIKELY,False,,9aa9c4c31a4a7d60d38ba31b00dd67e284d33b2277ca3c1e6dd838a8dfb74667,1
3\Gary Stadler & Singh Kaur\Favorites\Google Image Result for http--z.about.com-d-4wheeldrive-1-0-G-c-TomL_Can_85DodgeRam_RR.jpg.url,Google Image Result for http--z.about.com-d-4wheeldrive-1-0-G-c-TomL_Can_85DodgeRam_RR.jpg.url,.url,other,1028,0.0,1154369512.0,0,UNLIKELY,False,,4f029357f3ba25a12c8302584decda0285198d8453c222e1ec3a9d1fb8652691,1
3\Gary Stadler & Singh Kaur\Favorites\Google Maps.url,Google Maps.url,.url,other,3046,0.0,1207088414.0,0,UNLIKELY,False,,3ca877b7ac6f1b934029025ea0f1effc149df31c63e99467f99a3c59afea4ee1,1
3\Gary Stadler & Singh Kaur\Favorites\Google Mars.url,Google Mars.url,.url,other,187,0.0,1142411580.0,0,UNLIKELY,False,,4aef5a35a98b94f21d2c6a8af365f1aa328a2e0136d46ba35c2617b20e6f11d4,1
3\Gary Stadler & Singh Kaur\Favorites\Google.url,Google.url,.url,other,240,0.0,1224638918.0,0,UNLIKELY,False,,f1c824099af86360434fd0fe6b863795d32f37bf15c6b60fd007484c49908e42,1
3\Gary Stadler & Singh Kaur\Favorites\Gore Vidal Index.url,Gore Vidal Index.url,.url,other,363,0.0,1211186346.0,0,UNLIKELY,False,,735be9a50d1b42050561b31f8287737a36062c8c7fc4fc513e2993046b8fe5e6,1
3\Gary Stadler & Singh Kaur\Favorites\Great Circle Mapper.url,Great Circle Mapper.url,.url,other,1206,0.0,1207658718.0,0,UNLIKELY,False,,f462fd3dc08c48053bc401c376dcafcfd57203837dff521b5df1bf47fc479dc9,1
3\Gary Stadler & Singh Kaur\Favorites\Gun Facts - Your guide for debunking gun control myth.url,Gun Facts - Your guide for debunking gun control myth.url,.url,other,160,0.0,1214430180.0,0,UNLIKELY,False,,b966a881489ef0b23fd49fe4ca115a91bdee4f42120b8e3b23fcf8ab90affdc7,1
3\Gary Stadler & Singh Kaur\Favorites\Hammersmith Odeon London.url,Hammersmith Odeon London.url,.url,other,501,0.0,1145962490.0,0,UNLIKELY,False,,21fd802b98ba9073c42c62a2c3c1642a8dbe9b07c160e9e3584f3c9074e2bc70,1
3\Gary Stadler & Singh Kaur\Favorites\Heavens-Above Main Page.url,Heavens-Above Main Page.url,.url,other,246,0.0,1143450092.0,0,UNLIKELY,False,,5577ab94885eb8bca7fa39736bc90749573e3cf6ef95eae0162f2459658f6145,1
3\Gary Stadler & Singh Kaur\Favorites\Her life as a spy  Salon Books.url,Her life as a spy  Salon Books.url,.url,other,252,0.0,1168313596.0,0,UNLIKELY,False,,f495650f5415cac2726d5b21d35ed9d82ad021441d1a0aa034717933a05ea00b,1
3\Gary Stadler & Singh Kaur\Favorites\HISTORY CHANNEL.url,HISTORY CHANNEL.url,.url,other,162,0.0,1162421892.0,0,UNLIKELY,False,,a3ac20c57bba546f9d7615ab8d723ff8f6900b1eebefabb138782eb0114f47e7,1
"3\Gary Stadler & Singh Kaur\Favorites\Hitchens Watch Hitchens lunges at male circumcision, says The New Yorker.url","Hitchens Watch Hitchens lunges at male circumcision, says The New Yorker.url",.url,other,344,0.0,1249134554.0,0,UNLIKELY,False,,d29757b5851c56bfb1f3fcc4c0fcb4c8703f386295a1f9a5080946c9bb7066f0,1
"3\Gary Stadler & Singh Kaur\Favorites\Hobo - Wikipedia, the free encyclopedia.url","Hobo - Wikipedia, the free encyclopedia.url",.url,other,201,0.0,1176861108.0,0,UNLIKELY,False,,b8f7a54434685abdb0098bc89de809584dee6c116b18959088b71c234cf281dc,1
3\Gary Stadler & Singh Kaur\Favorites\Hobo symbols.url,Hobo symbols.url,.url,other,806,0.0,1183532888.0,0,UNLIKELY,False,,c82afe0efea41e3b72032323d2571b338cbf15235079cb2512912be6d961bc3c,1
"3\Gary Stadler & Singh Kaur\Favorites\HomePlace Structures;Gazebosvinyl gazebos, playhouse, childrens playhouses, playground equipment, wooden playsets, log cabin k.url","HomePlace Structures;Gazebosvinyl gazebos, playhouse, childrens playhouses, playground equipment, wooden playsets, log cabin k.url",.url,other,309,0.0,1164639920.0,0,UNLIKELY,False,,fc20fd7ec78a15c621998c377cb3c3d04d5c05388009afc306b7a352ba9f438d,1
"3\Gary Stadler & Singh Kaur\Favorites\Howard Fast - Articles, essays, ephemera.url","Howard Fast - Articles, essays, ephemera.url",.url,other,157,0.0,1151462024.0,0,UNLIKELY,False,,17e4bc10168a529ada51df4d6d7457e0bebf43c5252c556399620037bfcfc954,1
3\Gary Stadler & Singh Kaur\Favorites\Howstuffworks.url,Howstuffworks.url,.url,other,243,0.0,1157525062.0,0,UNLIKELY,False,,bd8270b79f02610db6038106e79d9c65c3fd971258c5063ea234bb6449b6a93f,1
3\Gary Stadler & Singh Kaur\Favorites\http--www.partstrain.com-products-Lights_(Front)-2002~PONTIAC~GRAND_PRIX.html.url,http--www.partstrain.com-products-Lights_(Front)-2002~PONTIAC~GRAND_PRIX.html.url,.url,other,232,0.0,1134984046.0,0,UNLIKELY,False,,09cd93ae829b73fda9a4d0aad63d9ae68ea98c9e13bbca0bd20cac062a0ff97f,1
3\Gary Stadler & Singh Kaur\Favorites\hud.url,hud.url,.url,other,260,0.0,1216658816.0,0,UNLIKELY,False,,de529cdb4dc3c1fb864766a4a233d0426714d732bd3df0b6cad64d52347e1de2,1
3\Gary Stadler & Singh Kaur\Favorites\HURRICANE CENTER.url,HURRICANE CENTER.url,.url,other,334,0.0,1222638712.0,0,UNLIKELY,False,,b33a662da644c20016352004d4ac312cfcf5d6ba8b21a0aeb94a5fbeca424138,1
3\Gary Stadler & Singh Kaur\Favorites\In Plane Site.url,In Plane Site.url,.url,other,136,0.0,1147842652.0,0,UNLIKELY,False,,553dfbfac0e09f03039134c72ad47ebf51bdb7f486680856b7d475e50b0ed68f,1
3\Gary Stadler & Singh Kaur\Favorites\Infowars.url,Infowars.url,.url,other,124,0.0,1147844026.0,0,UNLIKELY,False,,bfbf58ca16a51b21ab88d8077beb21d68b2ec0924f00ee36c31c32123fcdf931,1
3\Gary Stadler & Singh Kaur\Favorites\Intellicast's Radar for United States.url,Intellicast's Radar for United States.url,.url,other,384,0.0,1148858272.0,0,UNLIKELY,False,,3ba0d3b2c1dc62daa7855259b541a2922a16121c976bf01a3cbfbe58557d7c4a,1
3\Gary Stadler & Singh Kaur\Favorites\Intellicast's Surface Analysis for UnitedStates.url,Intellicast's Surface Analysis for UnitedStates.url,.url,other,340,0.0,1156723480.0,0,UNLIKELY,False,,0cd5653f5f6cf902b8b287c8fec77c2d0be2f6b3400665e7862438c30a11ad37,1
3\Gary Stadler & Singh Kaur\Favorites\International Cruise Victims  Home.url,International Cruise Victims  Home.url,.url,other,300,0.0,1209282774.0,0,UNLIKELY,False,,651a970f0d50d97106e0f5be9ce23272a8f521947da12071e2dcdceefd509f00,1
3\Gary Stadler & Singh Kaur\Favorites\iTunes.url,iTunes.url,.url,other,886,0.0,1223743766.0,0,UNLIKELY,False,,786d56f88537faf71ad138d70f0a0592d3cea3c3abd4cc03ca458731caefe162,1
3\Gary Stadler & Singh Kaur\Favorites\James E. Pridham Portfolio.url,James E. Pridham Portfolio.url,.url,other,162,0.0,1145474140.0,0,UNLIKELY,False,,f9d98e1307341e15c619e650139e8329b5d7346ee9a182a648772085e9bdc2cd,1
3\Gary Stadler & Singh Kaur\Favorites\Jeff Rense Program.url,Jeff Rense Program.url,.url,other,181,0.0,1225693544.0,0,UNLIKELY,False,,d4d1e75726b87eb61e7a89ebbae6924caa7cc5c1a6f7ad171eb53f31ea0a8bf7,1
3\Gary Stadler & Singh Kaur\Favorites\lampholderpub.com-tunnel.jpg.url,lampholderpub.com-tunnel.jpg.url,.url,other,919,0.0,1196137726.0,0,UNLIKELY,False,,02078731ba835b860752d9549cf75d411dece4c804abd700e7a494a5534cbb01,1
3\Gary Stadler & Singh Kaur\Favorites\Language Tools.url,Language Tools.url,.url,other,280,0.0,1202101776.0,0,UNLIKELY,False,,d1bf41f0f3ae8724a87a276c5957a7ae82d7d9467d9cfb70377b991b94c753a1,1
"3\Gary Stadler & Singh Kaur\Favorites\laserglow Blue & Green Laser Pointer, Alignment & Lab Lasers.url","laserglow Blue & Green Laser Pointer, Alignment & Lab Lasers.url",.url,other,264,0.0,1247891878.0,0,UNLIKELY,False,,0d32d41180da45c64822f6f0d3f1ea876027746234cfddd2562285574d052be6,1
3\Gary Stadler & Singh Kaur\Favorites\legendsofamerica.url,legendsofamerica.url,.url,other,1007,0.0,1181795472.0,0,UNLIKELY,False,,b4aac49d9ea29ac51c049e2564eb94daf5db6320c309647673066636c990d669,1
3\Gary Stadler & Singh Kaur\Favorites\LexisNexis(TM).url,LexisNexis(TM).url,.url,other,603,0.0,1164924544.0,0,UNLIKELY,False,,886e830b2019082243b42c22a0a0e183ebdd9e4372c3b7562208566d3f249d4c,1
3\Gary Stadler & Singh Kaur\Favorites\Liberator.url,Liberator.url,.url,other,202,0.0,1219512726.0,0,UNLIKELY,False,,a550cd1ba900d8cc2e52df8270ba3ab79cf5599d8992c874da50feb631df1e5e,1
3\Gary Stadler & Singh Kaur\Favorites\Lightning.url,Lightning.url,.url,other,268,0.0,1148539428.0,0,UNLIKELY,False,,f6040df4a800015a14977c73c0d38d66264a9258a85ab35fab2d354c94da5c35,1
3\Gary Stadler & Singh Kaur\Favorites\Lisa Lampanelli  InsultComic.com.url,Lisa Lampanelli  InsultComic.com.url,.url,other,156,0.0,1192049366.0,0,UNLIKELY,False,,f5bad5950603c1f970a454ad07629d502dc3c1f8b21e5571f11d5d6acf1cf891,1
3\Gary Stadler & Singh Kaur\Favorites\Literotica Free Adult Community - Erotic Story and Picture Index.url,Literotica Free Adult Community - Erotic Story and Picture Index.url,.url,other,257,0.0,1249620584.0,4,LOW,False,,d6f4a93c4f750c3c13bbe5cfb44ae28f0703e94fbedc532f755c4d0af28bdedd,1
3\Gary Stadler & Singh Kaur\Favorites\live aircraft.url,live aircraft.url,.url,other,208,0.0,1138778536.0,0,UNLIKELY,False,,73fec160a28287e084eb59a15d4994acaee991abad6ac32c9c703f9e03050cad,1
3\Gary Stadler & Singh Kaur\Favorites\Live Flight Tracker.url,Live Flight Tracker.url,.url,other,190,0.0,1171689938.0,0,UNLIKELY,False,,ac267b3c4974aad889f164147588dfee1466d3dfd72ec44fbe319f4f664e3395,1
3\Gary Stadler & Singh Kaur\Favorites\Loewen windows.url,Loewen windows.url,.url,other,205,0.0,1143419962.0,0,UNLIKELY,False,,d96a49b2efd1798bf59d10b561eb4d99ebe9235ecfcda34869d05dfb873565b7,1
3\Gary Stadler & Singh Kaur\Favorites\Long-Sleeve Mock Turtleneck.url,Long-Sleeve Mock Turtleneck.url,.url,other,353,0.0,1168402976.0,0,UNLIKELY,False,,843f9b2868235506067a2ef01211b3839e8f34383dd57549e97c7657ebb81078,1
3\Gary Stadler & Singh Kaur\Favorites\Magellan's Travel Supplies.url,Magellan's Travel Supplies.url,.url,other,164,0.0,1133152502.0,0,UNLIKELY,False,,3afaeec58f9a6a5f0c7991fc54a293ecb1c24a4e7f300903e7ed9ad6f461aa41,1
3\Gary Stadler & Singh Kaur\Favorites\MapQuest Maps.url,MapQuest Maps.url,.url,other,256,0.0,1220943498.0,0,UNLIKELY,False,,6dff65c5acfb5ed4a7b1d89f7fcbb6e85cadd55f7916c2468519849f5a0ddf53,1
3\Gary Stadler & Singh Kaur\Favorites\Martindale's.url,Martindale's.url,.url,other,203,0.0,1205647734.0,0,UNLIKELY,False,,25533da6007f06737e6353228a0047ba70362240cd1778160496fb7fa2b87413,1
3\Gary Stadler & Singh Kaur\Favorites\Mary Celeste Mystery.url,Mary Celeste Mystery.url,.url,other,158,0.0,1171829396.0,0,UNLIKELY,False,,4b0fc933742ca739b09aa073294c79fa80cc8a7f7d6354abb00f9da50bb38505,1
"3\Gary Stadler & Singh Kaur\Favorites\Medical Scrubs, Nursing Uniforms - SmartScrubs.com®.url","Medical Scrubs, Nursing Uniforms - SmartScrubs.com®.url",.url,other,326,0.0,1154199812.0,0,UNLIKELY,False,,b65298bf21f57db99e84e03014350aebf8d49e67c0cc856579cdcccfaa320971,1
3\Gary Stadler & Singh Kaur\Favorites\Military Factory.url,Military Factory.url,.url,other,204,0.0,1248242420.0,0,UNLIKELY,False,,5c1c796a74b2dff5cdf0a1ca15ae8045fee1c972d5c4f18f047ffae21344e084,1
"3\Gary Stadler & Singh Kaur\Favorites\Mobile17 ^^  Make your own Ringtones and Graphics... online, for free!.url","Mobile17 ^^  Make your own Ringtones and Graphics... online, for free!.url",.url,other,150,0.0,1215643326.0,0,UNLIKELY,False,,86149d028cf4b706ea4145387f4a6791385073b0afde7a5cb471cb9311de4f7c,1
3\Gary Stadler & Singh Kaur\Favorites\MOLLER.url,MOLLER.url,.url,other,137,0.0,1186210468.0,0,UNLIKELY,False,,3f2a95d26906ee35982b7babf9c0cf11517ade8820bd3c7792aca4e8c7b440ca,1
3\Gary Stadler & Singh Kaur\Favorites\monica.url,monica.url,.url,other,168,0.0,1181792788.0,0,UNLIKELY,False,,baa6be584072e59cb22625c3f16c54f759b27d26c1eafbaa0919c9f404764423,1
3\Gary Stadler & Singh Kaur\Favorites\Monticello Explorer.url,Monticello Explorer.url,.url,other,138,0.0,1135928040.0,0,UNLIKELY,False,,131f25a81d3a710162d9fbe2db8ee93bfdb32aac569496dd1cc7105dc21f829e,1
3\Gary Stadler & Singh Kaur\Favorites\Moon Mapper.url,Moon Mapper.url,.url,other,1628,0.0,1142147872.0,0,UNLIKELY,False,,887f1428a9bf5f11de179287886639c81c040a75fa52e66580cac9acfc2540db,1
3\Gary Stadler & Singh Kaur\Favorites\More Livable Wage Info for VT and U.S..url,More Livable Wage Info for VT and U.S..url,.url,other,162,0.0,1158694626.0,0,UNLIKELY,False,,7bac1094d52652652e578c4611b7878e35f86d48eaf9923cdbbf27f1e990c5fd,1
3\Gary Stadler & Singh Kaur\Favorites\MORGAN.url,MORGAN.url,.url,other,290,0.0,1137404754.0,0,UNLIKELY,False,,969f036a8d21d269ceba21f2675798f4f6f2187b891aaadee37c93989a052eec,1
3\Gary Stadler & Singh Kaur\Favorites\Mount Washington.url,Mount Washington.url,.url,other,396,0.0,1204085928.0,0,UNLIKELY,False,,5017a1ca6852da01564fc1a1c6d8e5ca443095fd3debadd610709602dc5cba63,1
3\Gary Stadler & Singh Kaur\Favorites\MSN.com.url,MSN.com.url,.url,other,119,0.0,1161472956.0,0,UNLIKELY,False,,e8e7bff407ae3c5a03f48ce87d73ba5def0005ee4530db4a1c1ab4596d9b26cd,1
3\Gary Stadler & Singh Kaur\Favorites\My Pictures.lnk,My Pictures.lnk,.lnk,other,580,0.0,1208643246.0,0,UNLIKELY,False,,644f5514ee24c561fbaa32e675633d348773c96c59a2921e166177a1f8b9671b,1
3\Gary Stadler & Singh Kaur\Favorites\National Sexuality.url,National Sexuality.url,.url,other,192,0.0,1209236154.0,0,UNLIKELY,False,,409ef79a0a9c12a715c872975f8682080b3abe7302c884b9d3b1b04fbb1157bb,1
3\Gary Stadler & Singh Kaur\Favorites\Nautical Know How.url,Nautical Know How.url,.url,other,302,0.0,1201289636.0,0,UNLIKELY,False,,9c650693ef1d3e5647ee88b2e0800a86208ce667f167809fc1575630c795c473,1
3\Gary Stadler & Singh Kaur\Favorites\Neon Car Lights  .url,Neon Car Lights  .url,.url,other,150,0.0,1157698190.0,0,UNLIKELY,False,,09ecf2282a8cb66fa59553737b375db332cc466f01e3cebb64adca5791cf6cbb,1
"3\Gary Stadler & Singh Kaur\Favorites\New and used car inventory, vehicle specifications, sell your car.url","New and used car inventory, vehicle specifications, sell your car.url",.url,other,292,0.0,1211874816.0,0,UNLIKELY,False,,aab697959dcb982059de158d6c4e1da9f494d0791ac8ee5685c8305bb2dbbfea,1
3\Gary Stadler & Singh Kaur\Favorites\NPR radio.url,NPR radio.url,.url,other,363,0.0,1169099210.0,0,UNLIKELY,False,,3ad5a926cfb9ea444f67ecb6ea07e4214441c9f8a92eac5999969411ce21a54f,1
"3\Gary Stadler & Singh Kaur\Favorites\O'Brien Brothers Agency, South Burlington, Vermont.url","O'Brien Brothers Agency, South Burlington, Vermont.url",.url,other,178,0.0,1153513068.0,0,UNLIKELY,False,,b65c500a15947a4b55a2ee8a3f2cef617bd0ce3f7c8a95c393e8dab08276dd08,1
3\Gary Stadler & Singh Kaur\Favorites\Online test based on Jung - Myers-Briggs typology.url,Online test based on Jung - Myers-Briggs typology.url,.url,other,170,0.0,1185746368.0,0,UNLIKELY,False,,aff72440522b8a55eac081095dda11a842f990d91eafee991fe8b5b5f0b788ec,1
3\Gary Stadler & Singh Kaur\Favorites\Patriots Question 9-11.url,Patriots Question 9-11.url,.url,other,180,0.0,1189406672.0,0,UNLIKELY,False,,4300aa56253427407eab1529b88905305965a9200be7b2d064948fbb4bb0e798,1
3\Gary Stadler & Singh Kaur\Favorites\Patti Wood.url,Patti Wood.url,.url,other,170,0.0,1182050988.0,0,UNLIKELY,False,,11a1f45a961aac588f790f2c1f146154153957d66bf6477cca9c063b69252278,1
"3\Gary Stadler & Singh Kaur\Favorites\Pentel of America, Ltd..url","Pentel of America, Ltd..url",.url,other,319,0.0,1174068112.0,0,UNLIKELY,False,,7174447077e7fe00cdb311dcb48565a08535a4003abe4889ae6f6b83845bbe8a,1
3\Gary Stadler & Singh Kaur\Favorites\Pentel Online Store.url,Pentel Online Store.url,.url,other,326,0.0,1161412364.0,0,UNLIKELY,False,,3c7a86af320b036e582deb3acc7f743298a8801301dd0000948ceeaf7c9b911e,1
3\Gary Stadler & Singh Kaur\Favorites\Peoples Trust Company.url,Peoples Trust Company.url,.url,other,180,0.0,1201289206.0,0,UNLIKELY,False,,43bfb4c5c820e7eb83c5507de88e26be62c07aaa8cc8caa79fda8567c172f292,1
3\Gary Stadler & Singh Kaur\Favorites\Peoples.url,Peoples.url,.url,other,231,0.0,1221845840.0,0,UNLIKELY,False,,ad73af36616cdcff47d9210127c7f5046b6b3dbc5849c15083f492677d43c9d6,1
3\Gary Stadler & Singh Kaur\Favorites\PETER LANCE.url,PETER LANCE.url,.url,other,128,0.0,1136702350.0,0,UNLIKELY,False,,f70c9253068ea68b927f792546d6ececddf45e827fd4ab87d2192a5e48cfa1d4,1
3\Gary Stadler & Singh Kaur\Favorites\plaguepuppy.url,plaguepuppy.url,.url,other,1052,0.0,1152949502.0,0,UNLIKELY,False,,4092199dbe28c7e89d3765638e15eecae1ee3c195d09caac7dd261f40d06727a,1
3\Gary Stadler & Singh Kaur\Favorites\Plan3D Member Page.url,Plan3D Member Page.url,.url,other,219,0.0,1168190882.0,0,UNLIKELY,False,,17a89d76748b8e280ab8eed8e9278ab38d118cbdcabf910e91e3905fc3927cf6,1
3\Gary Stadler & Singh Kaur\Favorites\PLOT.url,PLOT.url,.url,other,296,0.0,1145559422.0,3,LOW,False,,917ce4ba419ea261dfb7308ca9af0bf085ffce6b16ef6feba298314e2b9e4f63,1
3\Gary Stadler & Singh Kaur\Favorites\Postcard Rack.url,Postcard Rack.url,.url,other,172,0.0,1138491892.0,0,UNLIKELY,False,,78a0d0bc585a0d70d3096d4bf97e3a049bfda70182bbb43cf2faa58a43bcf740,1
3\Gary Stadler & Singh Kaur\Favorites\Presto Security Combo Hotel Door Lock 013201.url,Presto Security Combo Hotel Door Lock 013201.url,.url,other,232,0.0,1160633408.0,0,UNLIKELY,False,,69e87b2224030db12078bd8012ffcec542f682bae519408eb5e28fa27bdef0cb,1
3\Gary Stadler & Singh Kaur\Favorites\PsyOpNEWS.com The Psychological Operations Alert.url,PsyOpNEWS.com The Psychological Operations Alert.url,.url,other,164,0.0,1141895526.0,0,UNLIKELY,False,,c49faa8cc9a5cd9f17e0016bf2c3720b40fd8385d009753109b502d0405d2371,1
3\Gary Stadler & Singh Kaur\Favorites\PT Boats.url,PT Boats.url,.url,other,180,0.0,1166754918.0,0,UNLIKELY,False,,e9afe1bc395cf616a1b23e646a3c4fbb00811f271f697436f9a08e4c1303e7bb,1
3\Gary Stadler & Singh Kaur\Favorites\Radiant Heat from Radiant Floor Company.url,Radiant Heat from Radiant Floor Company.url,.url,other,136,0.0,1147479198.0,0,UNLIKELY,False,,3f0d5113f8429884d11ec8ac7c9d5c8a3df86159231a454faf1866766a98c626,1
3\Gary Stadler & Singh Kaur\Favorites\Radio Station Guide.url,Radio Station Guide.url,.url,other,197,0.0,1161472956.0,0,UNLIKELY,False,,033c79195d4797ea8cda4876bc9dce879e831d1db36c9d9aa4df3953529a1c2c,1
3\Gary Stadler & Singh Kaur\Favorites\Rockport Fast Approach (Lt Amber Nubuck Washable) - Loafer Casual Comfort.url,Rockport Fast Approach (Lt Amber Nubuck Washable) - Loafer Casual Comfort.url,.url,other,233,0.0,1159067136.0,0,UNLIKELY,False,,5862083be37b0105b855fb14af5c6ef1e2b15509f8377a7ba99f1e30539277f5,1
3\Gary Stadler & Singh Kaur\Favorites\Ross Chapin.url,Ross Chapin.url,.url,other,148,0.0,1138256908.0,0,UNLIKELY,False,,82ffa2dd890820c5f8324b51b1b43136734cb2043ee27b1605284a9d38ba1615,1
3\Gary Stadler & Singh Kaur\Favorites\Rubbersidewalks.url,Rubbersidewalks.url,.url,other,138,0.0,1154623564.0,0,UNLIKELY,False,,00c2c21bb323707af68b2ac7ff58b1516b2624feb393073bde568a77dbd4bb92,1
3\Gary Stadler & Singh Kaur\Favorites\Rupert Sheldrake.url,Rupert Sheldrake.url,.url,other,212,0.0,1171690348.0,0,UNLIKELY,False,,3e1b94715cdb8f24a6d89558683f387c2cc5af5a7601483097faf84de8805b08,1
3\Gary Stadler & Singh Kaur\Favorites\Salon Wanderlust  Siberian wasteland.url,Salon Wanderlust  Siberian wasteland.url,.url,other,246,0.0,1131414198.0,0,UNLIKELY,False,,21c00f8d05474aa1133a9a7ea2823638d7ff5f59cfb627a273bb7eec4370f5ad,1
"3\Gary Stadler & Singh Kaur\Favorites\Samba information, tips, free dance videos and music examples.url","Samba information, tips, free dance videos and music examples.url",.url,other,244,0.0,1171270870.0,0,UNLIKELY,False,,097ae7620ca33193558bacff02aeb44be9e8e130abf22101330c098f77161f86,1
3\Gary Stadler & Singh Kaur\Favorites\satellite tracking.url,satellite tracking.url,.url,other,264,0.0,1196662376.0,0,UNLIKELY,False,,a7a87023268834c901e42847f9b27b8ffd95a40968cb725e28a4bc72040c4647,1
3\Gary Stadler & Singh Kaur\Favorites\Scholars for 9-11 Truth.url,Scholars for 9-11 Truth.url,.url,other,219,0.0,1140791256.0,0,UNLIKELY,False,,0d77ccb530b48614ef9d7351e86d96cf2fbbaa3cfafe5fc5eb268ee471803257,1
3\Gary Stadler & Singh Kaur\Favorites\Scientific American.url,Scientific American.url,.url,other,174,0.0,1173548866.0,0,UNLIKELY,False,,4b6e978c2f11b65f55b4eaab00372dc027968bfec5b41e3ac916c7a5723b69b3,1
"3\Gary Stadler & Singh Kaur\Favorites\Scott B. Jones, Intl Yacht & Ship Brokers, Inc. (Ft. Lauderdale, FL).url","Scott B. Jones, Intl Yacht & Ship Brokers, Inc. (Ft. Lauderdale, FL).url",.url,other,354,0.0,1148464622.0,0,UNLIKELY,False,,bf4215ce5f6b56a4117018ba81e44452eda15a3a1c975d929b8aac8f98242ef0,1
3\Gary Stadler & Singh Kaur\Favorites\Scottsdale Art Factory.url,Scottsdale Art Factory.url,.url,other,128,0.0,1137047588.0,0,UNLIKELY,False,,20ee3e0d7416c4a5c4610f5d19f1a7376aeb01810b2038c6091a14c34cee7cd1,1
3\Gary Stadler & Singh Kaur\Favorites\Sea Ice.url,Sea Ice.url,.url,other,296,0.0,1136705962.0,0,UNLIKELY,False,,0fc209f43c014f2ca58cd3d6dd4f0927523bfa3853bd52ec11287b976e4d1d15,1
3\Gary Stadler & Singh Kaur\Favorites\Seadoo SportBoats.url,Seadoo SportBoats.url,.url,other,256,0.0,1142157958.0,0,UNLIKELY,False,,67277eba8e5057c4991ca0d4b3a6ec718d67259aec43aab183d3604b4ea67921,1
"3\Gary Stadler & Singh Kaur\Favorites\Search for Power Tools, and Hand Tools at Discount Prices.url","Search for Power Tools, and Hand Tools at Discount Prices.url",.url,other,218,0.0,1159251366.0,0,UNLIKELY,False,,d04d75aadec5bee30636b10b098d66ddf2484b98b74a054fbb853b3c09cc9ada,1
3\Gary Stadler & Singh Kaur\Favorites\Security theater is for sheep T-Shirt  Think Critically  CafePress.url,Security theater is for sheep T-Shirt  Think Critically  CafePress.url,.url,other,234,0.0,1161068308.0,0,UNLIKELY,False,,96d57cb77cb412f911f71086cffa10f055037a07f458a8a48ac6f56242e9d20b,1
3\Gary Stadler & Singh Kaur\Favorites\Shower Power.url,Shower Power.url,.url,other,184,0.0,1167598800.0,0,UNLIKELY,False,,efa3d91c51e71c5038507926d9bd6b985f7ca661f8610eb9ffd1f419eaedb101,1
3\Gary Stadler & Singh Kaur\Favorites\silo.url,silo.url,.url,other,212,0.0,1153523812.0,0,UNLIKELY,False,,94d38f5029364a5bfd6f42858ec3d4ce37742f15551fdcc6f6c8bb7ec5d342d5,1
3\Gary Stadler & Singh Kaur\Favorites\Skidboot the Dog - Google Video.url,Skidboot the Dog - Google Video.url,.url,other,253,0.0,1166240964.0,0,UNLIKELY,False,,c1444d8d864fae4e2fd745242a5ba2aaea9f92fa8fdf46f9efac2f1144b1db23,1
3\Gary Stadler & Singh Kaur\Favorites\SKYTRAX.url,SKYTRAX.url,.url,other,136,0.0,1135390982.0,0,UNLIKELY,False,,1925fb7fa33cdd51e65c2891b1fee703f75d4cdd3bea144add698747a36327a3,1
3\Gary Stadler & Singh Kaur\Favorites\Smoking Gun.url,Smoking Gun.url,.url,other,134,0.0,1134026592.0,0,UNLIKELY,False,,a1398b375166618f5d1141731002bf7a174386ceb2e19594300daec87ff8714d,1
3\Gary Stadler & Singh Kaur\Favorites\SOG - Trident II (S2B).url,SOG - Trident II (S2B).url,.url,other,184,0.0,1140976484.0,0,UNLIKELY,False,,e9ebbbe081c6b209e8693a2dbf8f2b01ed3503442937889a83d7a25375d4064c,1
3\Gary Stadler & Singh Kaur\Favorites\SoldierCity.url,SoldierCity.url,.url,other,328,0.0,1140394968.0,0,UNLIKELY,False,,33ef9fe7108bd5ca7262c164d2b4829c7ffd9a5a6a44922e45057028bf93717b,1
3\Gary Stadler & Singh Kaur\Favorites\Something Awful.url,Something Awful.url,.url,other,201,0.0,1187994950.0,0,UNLIKELY,False,,1e94b261605ecc99a0c7f46ed99f9a6906753f18efec1dd24e078c6344de0c7d,1
3\Gary Stadler & Singh Kaur\Favorites\SPACE.com.url,SPACE.com.url,.url,other,174,0.0,1133588436.0,0,UNLIKELY,False,,377a57536052581ae62019a9d3e4c9edf53f4d81657ec6d7e17e0395fafbde98,1
3\Gary Stadler & Singh Kaur\Favorites\Special Operations Store - Home Page.url,Special Operations Store - Home Page.url,.url,other,207,0.0,1208422398.0,0,UNLIKELY,False,,e657720754e78444f5e4b0589e32df7654a390a052be0bfc4353cdf57b8c9dd4,1
3\Gary Stadler & Singh Kaur\Favorites\stop 'em.url,stop 'em.url,.url,other,174,0.0,1166294318.0,0,UNLIKELY,False,,40d19ec59b920116c6df8a2ae71136796abe6580819b306292b65b90fc56c2f3,1
3\Gary Stadler & Singh Kaur\Favorites\Storybook Homes.url,Storybook Homes.url,.url,other,217,0.0,1167512226.0,0,UNLIKELY,False,,91ce0b3dbb61b026655d2f22fbf628da701e6295547f2f2a5518cfcd934fd857,1
3\Gary Stadler & Singh Kaur\Favorites\streetbeasts.url,streetbeasts.url,.url,other,150,0.0,1169449146.0,0,UNLIKELY,False,,f86a20c86e799570ab65ca54d0104abad3f2f88bde214a0d1759178727985b14,1
3\Gary Stadler & Singh Kaur\Favorites\Streetglo Motorcycle Decals Reflective helmet stickers boat lettering and Reflective tape Custom stickers Pinstriping and vehic.url,Streetglo Motorcycle Decals Reflective helmet stickers boat lettering and Reflective tape Custom stickers Pinstriping and vehic.url,.url,other,126,0.0,1157700682.0,0,UNLIKELY,False,,5c53f584fee5a62f7e72d8d1d0497594bb2021fbe93680a0e43fcdbf93a7dae1,1
3\Gary Stadler & Singh Kaur\Favorites\SuperNova Class C Motorhomes by Gulf Stream.url,SuperNova Class C Motorhomes by Gulf Stream.url,.url,other,176,0.0,1172950470.0,0,UNLIKELY,False,,76eaa6af1813312277b2f93e5dca88f4eeca687d927f9cfc45873c8de4d93a05,1
3\Gary Stadler & Singh Kaur\Favorites\swimming holes.url,swimming holes.url,.url,other,175,0.0,1179187852.0,0,UNLIKELY,False,,81e2ac441bf7e0baed68ae8f6634d069daf3ef3f1710986e7d529b6c8b1bd581,1
3\Gary Stadler & Singh Kaur\Favorites\Takagi Industrial Co. USA Inc. Home Page.url,Takagi Industrial Co. USA Inc. Home Page.url,.url,other,195,0.0,1147479350.0,0,UNLIKELY,False,,9f0842dae00c9a661609150dc41f9f2895f4ddf8c642e59bc5f1b1a9071b2c68,1
3\Gary Stadler & Singh Kaur\Favorites\Tamrac 5696 Digital Bag 6.url,Tamrac 5696 Digital Bag 6.url,.url,other,472,0.0,1206502184.0,0,UNLIKELY,False,,da9d322520c0e79a336015eaeb9bfa555cb02a3eb77c3f2d9c44d9912eaa89c2,1
"3\Gary Stadler & Singh Kaur\Favorites\Tax-Masters, Inc..url","Tax-Masters, Inc..url",.url,other,156,0.0,1198264446.0,0,UNLIKELY,False,,2f18245ab91f8a7b00035e9719ab056e3528ca027593d4ce9a538761ad4141c6,1
3\Gary Stadler & Singh Kaur\Favorites\TerraServer-USA.url,TerraServer-USA.url,.url,other,142,0.0,1132907490.0,0,UNLIKELY,False,,2169e0a62ef86e4cf0663ef82d373dc3e4108bc1d3b5fa4dc06c05ce0913d295,1
3\Gary Stadler & Singh Kaur\Favorites\Tetrahedron.com.url,Tetrahedron.com.url,.url,other,122,0.0,1138866572.0,0,UNLIKELY,False,,4ded790edba07fc44f4116f70aff61a2cec813fad18d369c5ecc7ccca902c1f8,1
3\Gary Stadler & Singh Kaur\Favorites\The Airport Books James Kaplan.url,The Airport Books James Kaplan.url,.url,other,371,0.0,1166037360.0,0,UNLIKELY,False,,d7e7ca0caacbf656e83d97140adeb46491ea7ebca6dfd9d4a9803533aff834ec,1
3\Gary Stadler & Singh Kaur\Favorites\The Boys' Crusade .url,The Boys' Crusade .url,.url,other,504,0.0,1140411084.0,0,UNLIKELY,False,,2998ae5ff9a48bd508f5b2b6e130097a088e15a43e4a147c48cef6cb48f385f7,1
3\Gary Stadler & Singh Kaur\Favorites\The Christopher Hitchens Web.url,The Christopher Hitchens Web.url,.url,other,193,0.0,1206604020.0,0,UNLIKELY,False,,c5247e626f89c36726c34ee76d5e39efdf7c7e240952ee50db15eb1c61fa0886,1
3\Gary Stadler & Singh Kaur\Favorites\The Iron Shop - Victorian One Spiral Stair Kits.url,The Iron Shop - Victorian One Spiral Stair Kits.url,.url,other,156,0.0,1146474364.0,0,UNLIKELY,False,,790e20e0498cc11672719fa7d1f3a902c425249afa84954dc989ac6b82b81c32,1
3\Gary Stadler & Singh Kaur\Favorites\The Iron Shop.url,The Iron Shop.url,.url,other,168,0.0,1170046480.0,0,UNLIKELY,False,,98cb3106dc00459468992614f9bf0419ba656bc01e1d7e0f96c1ea4843d4e562,1
3\Gary Stadler & Singh Kaur\Favorites\The Long Walk The True Story of a Trek to Freedom Books Slavomir Rawicz.url,The Long Walk The True Story of a Trek to Freedom Books Slavomir Rawicz.url,.url,other,423,0.0,1174114040.0,4,LOW,False,,3395abb1a2a3ab29c632b227cbe32436f7af85f0b37f1d2c433dde6fd7571258,1
3\Gary Stadler & Singh Kaur\Favorites\The Paris Metro (subway) System.url,The Paris Metro (subway) System.url,.url,other,324,0.0,1213091896.0,0,UNLIKELY,False,,3fc4bffeaa741977d8172b7437e16d337855ca64b792dc3a21f5aa0d83ea606e,1
3\Gary Stadler & Singh Kaur\Favorites\The Reporters Committee for Freedom of the Press.url,The Reporters Committee for Freedom of the Press.url,.url,other,171,0.0,1181758146.0,0,UNLIKELY,False,,d446ca6f04eee52c7243946a5c15f6e07bda9e05988d6e6402eb3794fcd7bbb9,1
3\Gary Stadler & Singh Kaur\Favorites\The Runaways framed artwork at ArtFilledLiving.com.url,The Runaways framed artwork at ArtFilledLiving.com.url,.url,other,262,0.0,1183669184.0,0,UNLIKELY,False,,02c46314d64278640f7f2b918e9d31ac3c76d1447342bbba7ff503620900414f,1
3\Gary Stadler & Singh Kaur\Favorites\The Tofte Project.url,The Tofte Project.url,.url,other,195,0.0,1215065656.0,0,UNLIKELY,False,,c78d8279562ab74945463d3b1aed84d6ce640ff5b398d599c59480dd41f42fca,1
3\Gary Stadler & Singh Kaur\Favorites\The Vikings  Write Your Name in Runes.url,The Vikings  Write Your Name in Runes.url,.url,other,663,0.0,1224065584.0,0,UNLIKELY,False,,dfa4f78105e09dba5841cb63f0c2850ffdb6229eb3b3d97756a83ea896bb637e,1
3\Gary Stadler & Singh Kaur\Favorites\The Working Dogs Book Store - Tracking.url,The Working Dogs Book Store - Tracking.url,.url,other,249,0.0,1221468850.0,2,UNLIKELY,False,,e4cb0129e9ac07e2f16f38e43b2b75970936b9eaa7fdf847d37c08d99ea52cb0,1
"3\Gary Stadler & Singh Kaur\Favorites\tim wheatSPECIAL THANKS, THE MILL, OFFICIAL HOMEPAGE.url","tim wheatSPECIAL THANKS, THE MILL, OFFICIAL HOMEPAGE.url",.url,other,172,0.0,1175383408.0,0,UNLIKELY,False,,63cd58a0f8432834ae8f83793daff01c95fa744db70907add9f523d2397a4571,1
3\Gary Stadler & Singh Kaur\Favorites\Topo.url,Topo.url,.url,other,2774,0.0,1210909498.0,0,UNLIKELY,False,,049fd9648e4aa29e3d93babc22b91224701aef9db3e085ce2a7fe3ad499f55f9,1
3\Gary Stadler & Singh Kaur\Favorites\Toy Haulers GearBox S2.url,Toy Haulers GearBox S2.url,.url,other,174,0.0,1154059730.0,0,UNLIKELY,False,,3d7775973c40265dc681965d1a3fa2eaf175164523f93d58f262e447b3650d79,1
"3\Gary Stadler & Singh Kaur\Favorites\Trains, Model Trains, Model Railroading, Toy Trains, Trains.com.url","Trains, Model Trains, Model Railroading, Toy Trains, Trains.com.url",.url,other,185,0.0,1180404330.0,0,UNLIKELY,False,,275050cbb229376b6c8d1f426232a16bdf0d23d73366a748095a78bf46bb898f,1
3\Gary Stadler & Singh Kaur\Favorites\Trainspotting eUROPEAN MAPS.url,Trainspotting eUROPEAN MAPS.url,.url,other,156,0.0,1155627732.0,0,UNLIKELY,False,,094d6be5ee6c4c899e25042b92b84060b0c1c5de7258e0d38389e6c010d705a5,1
3\Gary Stadler & Singh Kaur\Favorites\TRAINSTUFF.url,TRAINSTUFF.url,.url,other,1100,0.0,1158468246.0,0,UNLIKELY,False,,adda78aae515a769549120b3d9f9916f198400210db503f7263318c802ee3f47,1
"3\Gary Stadler & Singh Kaur\Favorites\Truck Accessories  Truck Accessories Online for all trucks, Ford, Chevy trucks, Dodge, Toyota, Nissan trucks, SUV accessories,.url","Truck Accessories  Truck Accessories Online for all trucks, Ford, Chevy trucks, Dodge, Toyota, Nissan trucks, SUV accessories,.url",.url,other,160,0.0,1158385252.0,0,UNLIKELY,False,,fe7e43ca22262360824d2bbbe7cf4b71a394740c62cd012dae0a0199aadcea85,1
3\Gary Stadler & Singh Kaur\Favorites\TWA Flight 800 Investigation.url,TWA Flight 800 Investigation.url,.url,other,138,0.0,1126641226.0,0,UNLIKELY,False,,1236758355a33eb75faab5c5727e8c7fc1e7c70aa31fa0a277a189264521937b,1
3\Gary Stadler & Singh Kaur\Favorites\Universal Life Church.url,Universal Life Church.url,.url,other,180,0.0,1158611410.0,0,UNLIKELY,False,,e0de8425320a9ca0dcf71b7f05c0c3282391407a2ae57ddaf21dd0446e323e39,1
3\Gary Stadler & Singh Kaur\Favorites\UPS tracking.url,UPS tracking.url,.url,other,160,0.0,1177776280.0,0,UNLIKELY,False,,3aef52150ba09824e4797dc190c0af4c4255bdd022b8dda7d6df9735c08c40a7,1
3\Gary Stadler & Singh Kaur\Favorites\Urban Legends Reference Pages Politics (The Fall of the Athenian Republic).url,Urban Legends Reference Pages Politics (The Fall of the Athenian Republic).url,.url,other,293,0.0,1164242274.0,0,UNLIKELY,False,,5a07fb7afbefa7881c4a810cfcdb08a483a137a6faf4da253bce97cc0547c822,1
3\Gary Stadler & Singh Kaur\Favorites\USGS TOPOS.url,USGS TOPOS.url,.url,other,261,0.0,1157682336.0,0,UNLIKELY,False,,90bfb02de5d18007f92ea2cdaf48f752cf4184358f282613d5bc1dc2cd0a08dc,1
3\Gary Stadler & Singh Kaur\Favorites\VANITY FAIR  ROUNDTABLE  CONTENT.url,VANITY FAIR  ROUNDTABLE  CONTENT.url,.url,other,222,0.0,1142420122.0,0,UNLIKELY,False,,0426ce4cf03989eb8a2f4ecc92af50c1ced92299d71996ed459bb1eee3781a33,1
3\Gary Stadler & Singh Kaur\Favorites\Vermont Range of Waistcoats.url,Vermont Range of Waistcoats.url,.url,other,315,0.0,1188094860.0,0,UNLIKELY,False,,ca97cd0e5892ff9827d49cab8fd5e539fef5facee127cffafbdd5d5d28908ae9,1
3\Gary Stadler & Singh Kaur\Favorites\Vermont Tree Society index.url,Vermont Tree Society index.url,.url,other,207,0.0,1216557288.0,0,UNLIKELY,False,,487b9fd7e9f0cd30759000049cc3831d7ba1118ea2602ae59c686c8311db8484,1
3\Gary Stadler & Singh Kaur\Favorites\VermontTrans.url,VermontTrans.url,.url,other,309,0.0,1197842650.0,0,UNLIKELY,False,,6f4aa7adc807a26f0f61a68d19ba98f99d8bf08bb9abf5b7d11c80dbfd8c72fb,1
3\Gary Stadler & Singh Kaur\Favorites\Veuve Clicquot Ponsardin Champagne.url,Veuve Clicquot Ponsardin Champagne.url,.url,other,369,0.0,1215167532.0,0,UNLIKELY,False,,1148f5c6abecad685e5a9bb289b148f04305cd280aef768261dab46dd305bbef,1
3\Gary Stadler & Singh Kaur\Favorites\Waffen-SS Tunics of the Waffen-SS.url,Waffen-SS Tunics of the Waffen-SS.url,.url,other,166,0.0,1134813820.0,0,UNLIKELY,False,,1e9c0596c12fa23085a22e610f8580d0dde1a0dffa89d3836b9592c48fad5570,1
3\Gary Stadler & Singh Kaur\Favorites\white buffao beads.url,white buffao beads.url,.url,other,1005,0.0,1156095740.0,0,UNLIKELY,False,,bd709510c5869274096268521f8f02a3de1cb1a69a7968c1ab2e7fc7d5c5de78,1
3\Gary Stadler & Singh Kaur\Favorites\Wind Speed Convertor.url,Wind Speed Convertor.url,.url,other,302,0.0,1225325442.0,0,UNLIKELY,False,,35161b52235ebefdd61a035a1f2abd3c61e2d2618eab5b07b5910f9510ea1111,1
3\Gary Stadler & Singh Kaur\Favorites\Windows Live Local - Virtual Earth Major Update to Live Local ships!.url,Windows Live Local - Virtual Earth Major Update to Live Local ships!.url,.url,other,408,0.0,1158103262.0,0,UNLIKELY,False,,7a5e83afefc5b92abd4de2221f475cfce8a7a071f43cdaef09d013fb15abdb7f,1
3\Gary Stadler & Singh Kaur\Favorites\Windows Live Local.url,Windows Live Local.url,.url,other,120,0.0,1145555834.0,0,UNLIKELY,False,,5770b0e2566a2b0d9856487b4c000c3941ee0fbaca313c6218ff0909fb5c4fda,1
3\Gary Stadler & Singh Kaur\Favorites\Winter Center.url,Winter Center.url,.url,other,243,0.0,1174027568.0,0,UNLIKELY,False,,4909acb893f28cb8300d01728874600aef318530da77ae85e3f5ecafd91ea3fe,1
3\Gary Stadler & Singh Kaur\Favorites\WIS.url,WIS.url,.url,other,337,0.0,1190602304.0,0,UNLIKELY,False,,ae9d9a0642697c5e36e8a7616e080998a5210d08791ee4ea7bfa086a04531ce1,1
3\Gary Stadler & Singh Kaur\Favorites\WiscNews.com  Beaver Dam Daily Citizen Online.url,WiscNews.com  Beaver Dam Daily Citizen Online.url,.url,other,132,0.0,1174260464.0,0,UNLIKELY,False,,9d41a5503b1ab353444e4e8bf1728b4f7b5acb409a997d815d8eeb8083e0b7ae,1
3\Gary Stadler & Singh Kaur\Favorites\World Wide Metric.url,World Wide Metric.url,.url,other,158,0.0,1184559014.0,0,UNLIKELY,False,,1b569b6d3b81d4089dd2caa8e79aad99a5edfe9c2d745f00c4f91b52d24dcd2f,1
3\Gary Stadler & Singh Kaur\Favorites\WRITERS' NET.url,WRITERS' NET.url,.url,other,180,0.0,1168469692.0,0,UNLIKELY,False,,0fc367b728fb7ad59d0e11a002243e1cbfcbc471008279b2dee4a724a1b68cbd,1
3\Gary Stadler & Singh Kaur\Favorites\WTC related @ pilotsfor911truth.org.url,WTC related @ pilotsfor911truth.org.url,.url,other,213,0.0,1206974562.0,0,UNLIKELY,False,,e452b7b37b32b6079f3bf1a202bf69774f98b302a4140d1ea9da98e67d5292a7,1
3\Gary Stadler & Singh Kaur\Favorites\www.MagnaLight.com Spotlights and Flashlights - 12 Volt handheld Spotlights with Magnetic Base - CLICK TO COMPARE AND BUY.url,www.MagnaLight.com Spotlights and Flashlights - 12 Volt handheld Spotlights with Magnetic Base - CLICK TO COMPARE AND BUY.url,.url,other,276,0.0,1167110314.0,0,UNLIKELY,False,,a3336a0f63b1b229dd2c61b22ec7cfe85beefb395ed53a541903728df868c053,1
3\Gary Stadler & Singh Kaur\Favorites\www.myspace.com-time2makeastand.url,www.myspace.com-time2makeastand.url,.url,other,210,0.0,1181886628.0,0,UNLIKELY,False,,fa3f0708535bf1c4dbd069bd8a28e22ac2fb70366f167bac76f94fda007ed58c,1
3\Gary Stadler & Singh Kaur\Favorites\www.pyradyne.com.url,www.pyradyne.com.url,.url,other,124,0.0,1166603282.0,0,UNLIKELY,False,,90a3e31085d998c4e4d311629e191615535fffc61d35959f718890f7646e5649,1
3\Gary Stadler & Singh Kaur\Favorites\Links\desktop.ini,desktop.ini,.ini,other,84,0.0,1247207836.0,0,UNLIKELY,False,,1f79139e85777971b163481ec94f8c706687601517fdfdbfde366850796b6a00,1
3\Gary Stadler & Singh Kaur\Favorites\Links\Google.url,Google.url,.url,other,211,0.0,1248242358.0,0,UNLIKELY,False,,ec8656f7a1863dd31778c3ba9a68f68030cb36affa38dba453f4e2bd9fd67e50,1
3\Gary Stadler & Singh Kaur\Favorites\Links\Suggested Sites.url,Suggested Sites.url,.url,other,302,0.0,1247208424.0,0,UNLIKELY,False,,a28dc7d8cdf6490dce9a7832929aaee95cfff0235d0f8e2487044c57901afc13,1
3\Gary Stadler & Singh Kaur\Favorites\Links\Web Slice Gallery.url,Web Slice Gallery.url,.url,other,226,0.0,1247207844.0,0,UNLIKELY,False,,d09c1e8ac105921077616d84b407a993640d4550e5ec8359f16907d0a21bef1c,1
3\Gary Stadler & Singh Kaur\Favorites\Microsoft Web Sites\At Home.com.url,At Home.com.url,.url,other,133,0.0,1225485644.0,0,UNLIKELY,False,,3b115d1fc9813eaabc48fb1085d2ef25d3e96985eb47acdb2909d7134c2a0ec6,1
3\Gary Stadler & Singh Kaur\Favorites\Microsoft Web Sites\At Work.com.url,At Work.com.url,.url,other,133,0.0,1225485644.0,0,UNLIKELY,False,,80a5fc08377390128baeeadd921cf416a5fdc905dbbb85fe663e3846e4e6d207,1
3\Gary Stadler & Singh Kaur\Favorites\Microsoft Web Sites\IE Add-on site.url,IE Add-on site.url,.url,other,133,0.0,1225485644.0,0,UNLIKELY,False,,5ed7fc7943ecef8252d9194ff341a54a574797f768561b12c60fa259e50ac694,2
3\Gary Stadler & Singh Kaur\Favorites\Microsoft Web Sites\IE site on MS.com.url,IE site on MS.com.url,.url,other,133,0.0,1225485644.0,0,UNLIKELY,False,,b63bcb47f17c9d917b96b749bd9361d1831b134617b30004d7430c5f7d7f9239,1
3\Gary Stadler & Singh Kaur\Favorites\Microsoft Web Sites\Marketplace.url,Marketplace.url,.url,other,133,0.0,1225485644.0,0,UNLIKELY,False,,bde3a4425d9ea073aa6db99d3ed84a23d481c8b525f43cd0049fc38bd150314c,1
3\Gary Stadler & Singh Kaur\Favorites\Microsoft Web Sites\Welcome to IE7.url,Welcome to IE7.url,.url,other,133,0.0,1225485644.0,0,UNLIKELY,False,,dc5a066d818cfc7fbbd8c99f4cb6ad235fdf54642b48732ffcd8e7661dda38e9,1
3\Gary Stadler & Singh Kaur\Favorites\Microsoft Websites\IE Add-on site.url,IE Add-on site.url,.url,other,133,0.0,1247207834.0,0,UNLIKELY,False,,5ed7fc7943ecef8252d9194ff341a54a574797f768561b12c60fa259e50ac694,2
3\Gary Stadler & Singh Kaur\Favorites\Microsoft Websites\IE site on Microsoft.com.url,IE site on Microsoft.com.url,.url,other,133,0.0,1247207834.0,0,UNLIKELY,False,,a48e21f025860c6caeaf839d8311c4a3f5444edb5073d5ebf1b1c3b6a198da9c,1
3\Gary Stadler & Singh Kaur\Favorites\Microsoft Websites\Marketplace.url,Marketplace.url,.url,other,133,0.0,1225485644.0,0,UNLIKELY,False,,04c199c1bc6693b7ba6cfd8f676aa0a0a4884657ef5ef7f55399af402dc71a77,1
3\Gary Stadler & Singh Kaur\Favorites\Microsoft Websites\Microsoft At Home.url,Microsoft At Home.url,.url,other,133,0.0,1247207834.0,0,UNLIKELY,False,,b3f97c17dd64e36b327e6f0d4c0cac9999fcbced6deefe6ad4ca33d0bef01bf6,1
3\Gary Stadler & Singh Kaur\Favorites\Microsoft Websites\Microsoft At Work.url,Microsoft At Work.url,.url,other,133,0.0,1247207834.0,0,UNLIKELY,False,,8f89f1acc5df4c9abb62c90dcf51e25b04dbecd1328fe16430458fbaaa07afb8,1
3\Gary Stadler & Singh Kaur\Favorites\Microsoft Websites\Microsoft Store.url,Microsoft Store.url,.url,other,134,0.0,1247207834.0,0,UNLIKELY,False,,5bd27c04462986df60a4e4ce81416d412a597fccf531d267cfc5c6a93c7e8e82,1
3\Gary Stadler & Singh Kaur\Favorites\Microsoft Websites\Welcome to IE7.url,Welcome to IE7.url,.url,other,133,0.0,1225485644.0,0,UNLIKELY,False,,0bc9fd44eacb157d015e7b590232abff8e4aa9fa88f94716028ec45a1950cc66,1
3\George Gershwin\desktop.ini,desktop.ini,.ini,other,300,0.0,1224344290.0,0,UNLIKELY,False,,78dd7739af01d2ea74afa063203aff4d3b90246f9be0f724ddc966cbff51e9e5,2
3\George Gershwin\George Gershwin\01 Rhapsody in Blue.wav,01 Rhapsody in Blue.wav,.wav,audio,179916482,171.58,1224344288.0,1,UNLIKELY,False,,eb907d9d9c2aef9328df3c160acc195b4e75362f7c155fd837fbbf2db949c3b8,2
3\George Gershwin\George Gershwin\desktop.ini,desktop.ini,.ini,other,299,0.0,1224344290.0,0,UNLIKELY,False,,e080d01dd442c2a78ef9cd95a64e06ef74899fd10e7131730f526a9e64eeab24,2
3\My Documents\(Disc 2) 05 - Fantasia On British Sea Songs.mp3,(Disc 2) 05 - Fantasia On British Sea Songs.mp3,.mp3,audio,27650613,26.37,1248186892.0,1,UNLIKELY,False,,5252deac5ad160a1a735a13735e9236a41d202c21dd88a2439685b4283133a00,1
3\My Documents\(Disc 2) 10 - Stompin At The Savoy.mp3,(Disc 2) 10 - Stompin At The Savoy.mp3,.mp3,audio,10622543,10.13,1247370568.0,1,UNLIKELY,False,,3da1ce55721e62dd2fd23899bd46f8637bc3def1bd00117868718487db873624,1
3\My Documents\(Disc 2) 14 - Sing Sing Sing (With A Swing).mp3,(Disc 2) 14 - Sing Sing Sing (With A Swing).mp3,.mp3,audio,21285962,20.3,1247373834.0,1,UNLIKELY,False,,3724c4558b085333ad7d0e902d22c3bf320701fbaf1f7e0c1388000a6229f88e,1
3\My Documents\01 20th Century-Fox Fanfare.mp3,01 20th Century-Fox Fanfare.mp3,.mp3,audio,857642,0.82,1164658880.0,1,UNLIKELY,False,,fcbb46263df0299485d104e374da72533aac5d214c699f517c3c0c776717096e,1
3\My Documents\01 THX_Movie_Intro.mp3,01 THX_Movie_Intro.mp3,.mp3,audio,695336,0.66,1166815694.0,1,UNLIKELY,False,,75d6f59614591c9c1afec23b651cbdd3b6249c3f9864619b828b410039009074,1
3\My Documents\01 THX_Movie_Intro.wma,01 THX_Movie_Intro.wma,.wma,audio,533585,0.51,1162845324.0,1,UNLIKELY,False,,656fe736eb7aeb535110fc2d90f0e6e3f72bcfd6b9566730268a391330086f59,1
3\My Documents\02 - Dreams (Live PBS Version).mp3,02 - Dreams (Live PBS Version).mp3,.mp3,audio,8579667,8.18,1249442718.0,1,UNLIKELY,False,,e0cbd11249eba433ce71bbfee9a17647e04322794f97ec6256a77570b2b4fcfd,1
3\My Documents\02 - Funrailles Marseillaises.mp3,02 - Funrailles Marseillaises.mp3,.mp3,audio,4392754,4.19,1248066652.0,1,UNLIKELY,False,,fab1110e6fee731172a39c2f9dd705a7821a4837e9a36ca1165bf25aed75cdb9,1
3\My Documents\02 - Track02.mp3,02 - Track02.mp3,.mp3,audio,28030677,26.73,1166649846.0,1,UNLIKELY,False,,b31035b51e1312d85b5b1d560d872abe98c9d3d2552484df544ec4a5f373c5c8,1
3\My Documents\02 The Prayer.wma,02 The Prayer.wma,.wma,audio,4350365,4.15,1249425416.0,1,UNLIKELY,False,,36ac2d30812a8c08472e866c8e29dea1c6cfe3eb3470b7f659853e01b98abc29,1
3\My Documents\02 Wind Beneath My Wings.mp3,02 Wind Beneath My Wings.mp3,.mp3,audio,4715554,4.5,1249425368.0,1,UNLIKELY,False,,ecc80747bdba6aa003633909d3ad65e500ecd6c6f1ced4fd224951a02487cc82,1
3\My Documents\03 Dreams (Live Version).mp3,03 Dreams (Live Version).mp3,.mp3,audio,8387412,8.0,1249443450.0,1,UNLIKELY,False,,19e902315aa075b851b1364ba626630a623ec4ee2b6def44c0e51051d7fdc065,1
3\My Documents\03 Rhiannon (Live PBS Version).mp3,03 Rhiannon (Live PBS Version).mp3,.mp3,audio,10166822,9.7,1249443450.0,1,UNLIKELY,False,,3991081c7c53605b8646ce848e5e48fc3042aecdc5bee1750288a12f552ec558,1
3\My Documents\04 track 04.mp3,04 track 04.mp3,.mp3,audio,6815069,6.5,1249443238.0,1,UNLIKELY,False,,9ca07ff601ec9721fca1cec029461bcc779d7a86ec689cdd8dd0577c18d7b7d6,1
3\My Documents\05 002 Fastest German loco.doc,05 002 Fastest German loco.doc,.doc,document,83968,0.08,1134810088.0,0,UNLIKELY,False,,b9d585fd4ca28e98765e76845cb50c04f9b4151912b56cb314bb0e73595a7164,1
3\My Documents\05 La Memoire d'Abraham.mp3,05 La Memoire d'Abraham.mp3,.mp3,audio,7367505,7.03,1247352084.0,1,UNLIKELY,False,,b776f82af3561b22941946b6ac857f0aff2609e8885978db4ce32af22db64704,1
3\My Documents\07 The Air That I Breathe.mp3,07 The Air That I Breathe.mp3,.mp3,audio,8093316,7.72,1249436004.0,1,UNLIKELY,False,,6071bca983a03a1ca570a7a62c5f77b6fb620b3f3fac780d69a56a4e7ded5c7e,1
3\My Documents\08 - White Cliffs Of Dover.mp3,08 - White Cliffs Of Dover.mp3,.mp3,audio,5351736,5.1,1247370762.0,1,UNLIKELY,False,,2802280ebab2bc056522034c2e5adb4b93fa02c593a3193aad082201773fd1a4,1
3\My Documents\08 Rhiannon [Live 2005].mp3,08 Rhiannon [Live 2005].mp3,.mp3,audio,13539376,12.91,1249511182.0,1,UNLIKELY,False,,c145dd3611eafbfbae9c9521539d6ee5eef0d23db814feb870a33a9d54b323d2,1
3\My Documents\09 - Take The A Train.mp3,09 - Take The A Train.mp3,.mp3,audio,5814190,5.54,1247371974.0,1,UNLIKELY,False,,c6738ade88f1a11aaf9fad42aab5d7194a8a0d98e2ba6b2dd1e111e51fe548e1,1
3\My Documents\09 Count on Me.mp3,09 Count on Me.mp3,.mp3,audio,6335146,6.04,1247352106.0,1,UNLIKELY,False,,8239d1784f9b0373aa3641426dfb7a4cd3f048017e27e3d6fcb5e04faee2f270,1
3\My Documents\09 If I Should Fall Behind (Live at Madison Square Garden).mp3,09 If I Should Fall Behind (Live at Madison Square Garden).mp3,.mp3,audio,11796297,11.25,1249436012.0,1,UNLIKELY,False,,5a2954d5712306238381c0cb0e43004819dda565f7fdbc1b4d83b2be2f38b2a2,1
3\My Documents\09 Landslide (Live Version).mp3,09 Landslide (Live Version).mp3,.mp3,audio,9492283,9.05,1249425368.0,1,UNLIKELY,False,,0b554546e8a9d6205804ab008c3089f7f083e4f7f9507812f5625a6366b42748,1
3\My Documents\10 - Ill Be Seeing You.mp3,10 - Ill Be Seeing You.mp3,.mp3,audio,7104307,6.78,1248151844.0,1,UNLIKELY,False,,bebc1947c984a1b2633aa8f04344c93f0156501523e94af2ab9636921e7169b2,1
3\My Documents\10CHCA00102_Wallpaper_850.jpg,10CHCA00102_Wallpaper_850.jpg,.jpg,image,78357,0.07,1248727262.0,0,UNLIKELY,False,,2d29bd3c7f78b395f1df0922c235a7b6bc36e3c86f3ac13124d150405a347536,1
3\My Documents\12 - One OClock Jump.mp3,12 - One OClock Jump.mp3,.mp3,audio,6381477,6.09,1247372232.0,1,UNLIKELY,False,,f39ff9159dd4074a8bf000c1e722ea34897053fc822cd214e064c70b883c52c2,1
3\My Documents\15 From A Distance.mp3,15 From A Distance.mp3,.mp3,audio,8999619,8.58,1249435972.0,1,UNLIKELY,False,,25b27327f97a52b2f5346ee69b494a33f0a1a5c7209abcd3da120cef086b0c5a,1
3\My Documents\15 Silent Night.mp3,15 Silent Night.mp3,.mp3,audio,8908147,8.5,1249435996.0,1,UNLIKELY,False,,44510b64a416fe2304e944c5b1e485f16f2da245c8c8b4130bbabe1bd87f8f9d,1
3\My Documents\16 - Rule Britannia - Arne Sargent.mp3,16 - Rule Britannia - Arne Sargent.mp3,.mp3,audio,5047315,4.81,1248067126.0,1,UNLIKELY,False,,a1136d31056fe4ac00139392177ffa08a896e73f2cff9165df328ae928c29d18,1
3\My Documents\18 - Medley Ilsa Returns   La Marseillaise (LP Version).mp3,18 - Medley Ilsa Returns   La Marseillaise (LP Version).mp3,.mp3,audio,6252337,5.96,1248066470.0,1,UNLIKELY,False,,3721619988e6ce7e4e6c0ca86131ae54bf46693c7d17119be036b3f103b47fb2,1
3\My Documents\20 - National Emblem March (1990 Remastered).mp3,20 - National Emblem March (1990 Remastered).mp3,.mp3,audio,5705699,5.44,1248153836.0,1,UNLIKELY,False,,04280b465a433dbf4fa5347f34157f3cd771d9c52337e19a990fbdc280df11f9,1
3\My Documents\21 - Medley When The Lights Go On AgainIll Pray For YouWell Meet Again.mp3,21 - Medley When The Lights Go On AgainIll Pray For YouWell Meet Again.mp3,.mp3,audio,9298535,8.87,1247353474.0,1,UNLIKELY,False,,78148859517e17089293c0ffab52c6dedd12bbd1f0db9a735c0dfab9c2711995,1
3\My Documents\32 - Hymme A LAmour.mp3,32 - Hymme A LAmour.mp3,.mp3,audio,6107762,5.82,1247374660.0,1,UNLIKELY,False,,fda4f307825079256386ce78149c593a484e9732793c789e3406dd2cc43989ed,1
3\My Documents\5 Rules for Writing Clear English.doc,5 Rules for Writing Clear English.doc,.doc,document,47104,0.04,1221690818.0,3,LOW,False,,28f6c950e2cb68ad5f7d9a840a5c0314df07a6b26a6c6d020b2f21db17b29af1,1
3\My Documents\5-SIDED WITH KITCHEN.doc,5-SIDED WITH KITCHEN.doc,.doc,document,808960,0.77,1190267364.0,0,UNLIKELY,False,,d33b13d5010ddeac687e4efb80131ee078662178af29df9280cfc54256e4ecf9,1
3\My Documents\5-sided.doc,5-sided.doc,.doc,document,124416,0.12,1185855076.0,0,UNLIKELY,False,,bcfefbee0201200d6b9910005f17468bf9ecb460ea72b949af9ea8a16c645723,1
3\My Documents\A Field Guide to Critical Thinking.doc,A Field Guide to Critical Thinking.doc,.doc,document,53760,0.05,1376232114.0,0,UNLIKELY,False,,7a510e7a942e2e290425952cf23bd49abbca731799c80ae1eecda9a8a3020649,1
3\My Documents\A Nearly Perfect Life.ppt,A Nearly Perfect Life.ppt,.ppt,other,104448,0.1,1189984692.0,0,UNLIKELY,False,,1e3c54b11ad18aadcdba479ac3452934c8a01e1db65be056a7fd315fa35ad57e,1
3\My Documents\Acceptance of Order for Power of Attorney7.21.08.doc,Acceptance of Order for Power of Attorney7.21.08.doc,.doc,document,73216,0.07,1216631194.0,0,UNLIKELY,False,,3e159fbb8af7409a5568fde230ed4c215efd9627415afb843c50bbf0dcae681f,1
3\My Documents\ADDENDUM TO CLASSES.doc,ADDENDUM TO CLASSES.doc,.doc,document,28672,0.03,1177297624.0,0,UNLIKELY,False,,bb067606da08eda9f996afd4a5798097f0b0ecf05426bbc1b8fb83e5bdb9925f,1
3\My Documents\AlbumArtSmall.jpg,AlbumArtSmall.jpg,.jpg,image,1951,0.0,1249443416.0,0,UNLIKELY,False,,baeca8f8ed485925193b62227cb5a0f8f17c73f1e9eeb9790c19babf3a4ea424,2
3\My Documents\AlbumArt_{0CF1E41C-7DF0-41F0-A22A-4DE35B1F3C8F}_Large.jpg,AlbumArt_{0CF1E41C-7DF0-41F0-A22A-4DE35B1F3C8F}_Large.jpg,.jpg,image,9699,0.01,1249435858.0,0,UNLIKELY,False,,3d7db0b00f8021f714c674f5d74e1b0001e5f0ae94f9fedb5e17afb1a07d446f,1
3\My Documents\AlbumArt_{0CF1E41C-7DF0-41F0-A22A-4DE35B1F3C8F}_Small.jpg,AlbumArt_{0CF1E41C-7DF0-41F0-A22A-4DE35B1F3C8F}_Small.jpg,.jpg,image,2454,0.0,1249435858.0,0,UNLIKELY,False,,d7143b78f34fa4e98aff70b7da224b79a14f3171c91aa9a45b1d37a27b65f49b,1
3\My Documents\AlbumArt_{2A5E6FFB-893F-4510-9F94-1B21166DFC30}_Large.jpg,AlbumArt_{2A5E6FFB-893F-4510-9F94-1B21166DFC30}_Large.jpg,.jpg,image,12309,0.01,1249435926.0,0,UNLIKELY,False,,e8b2b0544fc4359bece9a19a07bd5b464a16fddbb6897ead837286ca42067a9d,1
3\My Documents\AlbumArt_{2A5E6FFB-893F-4510-9F94-1B21166DFC30}_Small.jpg,AlbumArt_{2A5E6FFB-893F-4510-9F94-1B21166DFC30}_Small.jpg,.jpg,image,2865,0.0,1249435926.0,0,UNLIKELY,False,,45c4b946c15987a73a61399f90da81797dde74abfde5a910d8718904426d2628,1
3\My Documents\AlbumArt_{41E05842-E0AA-4A22-95B4-0881A9ADD38D}_Large.jpg,AlbumArt_{41E05842-E0AA-4A22-95B4-0881A9ADD38D}_Large.jpg,.jpg,image,8758,0.01,1249435870.0,0,UNLIKELY,False,,f803caa88d58c09304edc17c7d4b6114ef5e65114c3af24a15f2a174722b4c5f,1
3\My Documents\AlbumArt_{41E05842-E0AA-4A22-95B4-0881A9ADD38D}_Small.jpg,AlbumArt_{41E05842-E0AA-4A22-95B4-0881A9ADD38D}_Small.jpg,.jpg,image,2191,0.0,1249435870.0,0,UNLIKELY,False,,f7953ceddf3c02c0dcfcbf6926d20e5f98084e807dfe719a1c5abc70943a94c5,1
3\My Documents\AlbumArt_{44546A59-A98F-4D86-93D6-82123C8DE796}_Large.jpg,AlbumArt_{44546A59-A98F-4D86-93D6-82123C8DE796}_Large.jpg,.jpg,image,8979,0.01,1249425336.0,0,UNLIKELY,False,,ed505e95e3ad2088878aaab8ad36d1349c753757916a9cdc45b58f3bc7637849,1
3\My Documents\AlbumArt_{44546A59-A98F-4D86-93D6-82123C8DE796}_Small.jpg,AlbumArt_{44546A59-A98F-4D86-93D6-82123C8DE796}_Small.jpg,.jpg,image,2358,0.0,1249425336.0,0,UNLIKELY,False,,f2c7dc729d6ece8d8a18f889ee8b8a655f9d8f6a2f50a67762b1c2cbfa29ffa0,1
3\My Documents\AlbumArt_{48451D9E-F832-455D-A7F2-5984D959D090}_Large.jpg,AlbumArt_{48451D9E-F832-455D-A7F2-5984D959D090}_Large.jpg,.jpg,image,6734,0.01,1249443416.0,0,UNLIKELY,False,,0661ccc771e439eab2b110ba96a3ecbda4df3e7509c3d5a1809a6d9596c31962,2
3\My Documents\AlbumArt_{48451D9E-F832-455D-A7F2-5984D959D090}_Small.jpg,AlbumArt_{48451D9E-F832-455D-A7F2-5984D959D090}_Small.jpg,.jpg,image,1951,0.0,1249443416.0,0,UNLIKELY,False,,baeca8f8ed485925193b62227cb5a0f8f17c73f1e9eeb9790c19babf3a4ea424,2
3\My Documents\AlbumArt_{4A088018-3D89-4483-B635-67B2AB50E945}_Large.jpg,AlbumArt_{4A088018-3D89-4483-B635-67B2AB50E945}_Large.jpg,.jpg,image,10140,0.01,1249436130.0,0,UNLIKELY,False,,9b1110cd2530d44da02dff7c3bde3dab5ad051d86950c676cd6cb0948ddb003e,1
3\My Documents\AlbumArt_{4A088018-3D89-4483-B635-67B2AB50E945}_Small.jpg,AlbumArt_{4A088018-3D89-4483-B635-67B2AB50E945}_Small.jpg,.jpg,image,2561,0.0,1249436126.0,0,UNLIKELY,False,,734488f1cd17ef74a5c784b129beff5ac56b117be274dd33cdc34bf18a4e1827,1
3\My Documents\AlbumArt_{7ABF8EB7-7C20-41EB-B65B-7E350E95D111}_Large.jpg,AlbumArt_{7ABF8EB7-7C20-41EB-B65B-7E350E95D111}_Large.jpg,.jpg,image,7045,0.01,1249443398.0,0,UNLIKELY,False,,63e782773b3e9f19950bf8d7cfe0f5bf25164e50912da31abc79945efcb65cc1,1
3\My Documents\AlbumArt_{7ABF8EB7-7C20-41EB-B65B-7E350E95D111}_Small.jpg,AlbumArt_{7ABF8EB7-7C20-41EB-B65B-7E350E95D111}_Small.jpg,.jpg,image,2033,0.0,1249443398.0,0,UNLIKELY,False,,919cc2ae086da5685fa08d4a0262ab68e4aa0677481e604460566329e84b9015,1
3\My Documents\AlbumArt_{ADC3F2FF-6723-405E-8563-83539AF3A653}_Large.jpg,AlbumArt_{ADC3F2FF-6723-405E-8563-83539AF3A653}_Large.jpg,.jpg,image,8410,0.01,1249435922.0,0,UNLIKELY,False,,fe2a444dbb50253b2b13b89f70078b090551bca32519d1163fb9d3e8c8d690f4,1
3\My Documents\AlbumArt_{ADC3F2FF-6723-405E-8563-83539AF3A653}_Small.jpg,AlbumArt_{ADC3F2FF-6723-405E-8563-83539AF3A653}_Small.jpg,.jpg,image,2232,0.0,1249435906.0,0,UNLIKELY,False,,d09ef01347be635361203dface189abf71ed6c8dec5ecc3030bbeaf21d324cb3,1
3\My Documents\AlbumArt_{C8440AE8-7188-4460-A53E-A30DB2BE9A67}_Large.jpg,AlbumArt_{C8440AE8-7188-4460-A53E-A30DB2BE9A67}_Large.jpg,.jpg,image,8614,0.01,1247351984.0,0,UNLIKELY,False,,f13a843f187529cc690c52e56cbae77057b0f34910667713818a163dde1a1e23,1
3\My Documents\AlbumArt_{C8440AE8-7188-4460-A53E-A30DB2BE9A67}_Small.jpg,AlbumArt_{C8440AE8-7188-4460-A53E-A30DB2BE9A67}_Small.jpg,.jpg,image,2219,0.0,1247351960.0,0,UNLIKELY,False,,11aacc49a634085def855f9854b880db1b4af8a0b0cbfd44cca3646b2a712648,1
3\My Documents\AlbumArt_{E0BA8459-6104-46FF-B5CC-CC5940736FCC}_Large.jpg,AlbumArt_{E0BA8459-6104-46FF-B5CC-CC5940736FCC}_Large.jpg,.jpg,image,7885,0.01,1247351972.0,0,UNLIKELY,False,,6c790c74bc9dc3ab0d482b51fc74c13553034b6f4f21ecbd864ea02c0cfd2f7e,1
3\My Documents\AlbumArt_{E0BA8459-6104-46FF-B5CC-CC5940736FCC}_Small.jpg,AlbumArt_{E0BA8459-6104-46FF-B5CC-CC5940736FCC}_Small.jpg,.jpg,image,2597,0.0,1247351946.0,0,UNLIKELY,False,,00be5cfb8204b07f2fc0032fa60e6296268416c49612c0d79faff0a59b7d47a3,1
3\My Documents\AlbumArt_{F0B1B4B1-3C3F-4C1D-A590-8A3290CB475F}_Large.jpg,AlbumArt_{F0B1B4B1-3C3F-4C1D-A590-8A3290CB475F}_Large.jpg,.jpg,image,8618,0.01,1249425384.0,0,UNLIKELY,False,,dfb83e729c82a88e58bf6b3b23a504b503c796b7569fd9f3814e959f903d9c49,1
3\My Documents\AlbumArt_{F0B1B4B1-3C3F-4C1D-A590-8A3290CB475F}_Small.jpg,AlbumArt_{F0B1B4B1-3C3F-4C1D-A590-8A3290CB475F}_Small.jpg,.jpg,image,2350,0.0,1249425382.0,0,UNLIKELY,False,,5f291f480ee5a67da29e88ab34d47175619d440624ddca4d13fd0d26b1636666,1
3\My Documents\Alfred.doc,Alfred.doc,.doc,document,412160,0.39,1197521584.0,0,UNLIKELY,False,,d879547dbca7b8d15b00fb4fbc382e147870de86b2f5f531f182e5318c56fb2b,1
3\My Documents\Americans.doc,Americans.doc,.doc,document,27136,0.03,1272441374.0,0,UNLIKELY,False,,de828f620bf8652423069bc60d5c0e683be1fffdcc0d825f16c5983c264d99e6,1
3\My Documents\ANDROMEDA GALAXYword.doc,ANDROMEDA GALAXYword.doc,.doc,document,155648,0.15,1196660210.0,0,UNLIKELY,False,,a4f6e4a7a15fe6871360e7dc074c1f9a90449156d1d200362a8f246cf3a16a84,1
3\My Documents\Arthur Resume.doc,Arthur Resume.doc,.doc,document,26112,0.02,1217993756.0,0,UNLIKELY,False,,b38351269715309e74496e3a7921174a5a832ac69e82c1f97d8f520351aeb64e,1
3\My Documents\Astronomical Distances.doc,Astronomical Distances.doc,.doc,document,38912,0.04,1376232624.0,0,UNLIKELY,False,,f0820093cdac07bc06a9bcdf932b0ad6fb0de1dc07b00cfc84a903be1687f809,1
3\My Documents\Auden Clean.doc,Auden Clean.doc,.doc,document,20992,0.02,1194216862.0,0,UNLIKELY,False,,3e90ceede9ef972c0ee5be9daf629e922b30d9714a37495cc329ba3271d888be,1
3\My Documents\AUDEN.doc,AUDEN.doc,.doc,document,47616,0.05,1178915198.0,0,UNLIKELY,False,,f17ae5efc11adcc718de0fccff020c1773be5c51f3144ef2b19951f2f4ea6836,1
3\My Documents\Avery5453mailing.doc,Avery5453mailing.doc,.doc,document,27136,0.03,1275758252.0,0,UNLIKELY,False,,f8e23fbd8f6fbb0d0cf018283955230d829bc5685a55fc4dd80a909cbf24fe24,1
3\My Documents\Ayaan Hirsi Ali.doc,Ayaan Hirsi Ali.doc,.doc,document,24064,0.02,1182829904.0,0,UNLIKELY,False,,51595cf11e400973e552fabe82d9ac3e0032a70f35b96c190f65c4b02765995e,1
3\My Documents\Backyard Photo Plan.ppt,Backyard Photo Plan.ppt,.ppt,other,241152,0.23,1142662406.0,0,UNLIKELY,False,,eb8df0acacc73b6913718e10ddbe1a162bc9b6289a85b19fad48611ae1f290e9,1
3\My Documents\Band Days.doc,Band Days.doc,.doc,document,24576,0.02,1152471450.0,0,UNLIKELY,False,,f2c71d7e7d2a4a9f0dffa13ee248bb1c469bb55a6824983df892e396be18d013,1
3\My Documents\BARTZ COURT ADDRESS.doc,BARTZ COURT ADDRESS.doc,.doc,document,37376,0.04,1216650420.0,0,UNLIKELY,False,,46ea2c9e12d7c1711e9427db2d24d39517059b635f383184a0cd8daa39354cd2,1
3\My Documents\bartz court order original.doc,bartz court order original.doc,.doc,document,24576,0.02,1216654348.0,0,UNLIKELY,False,,40d9d0080f60984cddef9ea6bbb4f3642e26eb76ccdb1896a8192a524ad28ea9,1
3\My Documents\Bartz Notice of Appearance.doc,Bartz Notice of Appearance.doc,.doc,document,75264,0.07,1216573554.0,0,UNLIKELY,False,,509e6e45dba8aa30b635c85545859450d19e73c40593c39021228197b13ceda0,1
3\My Documents\Bartz7.13.08.doc,Bartz7.13.08.doc,.doc,document,22528,0.02,1215985902.0,0,UNLIKELY,False,,34e3a444a8b303213433b1493fe7a9008825b5e975b7ec16facd87c710cd97cb,1
3\My Documents\Bartznotice.doc,Bartznotice.doc,.doc,document,24064,0.02,1216573284.0,0,UNLIKELY,False,,6167193e14a89fe4fe22e2e687a3f458ced11fdcd077b2578b859fff052c9357,1
3\My Documents\BASE DETAILS.doc,BASE DETAILS.doc,.doc,document,19968,0.02,1196104048.0,0,UNLIKELY,False,,a024d47d56d38766bd940280424a03863ed5ee9988d81290ac8767ebec8df739,1
3\My Documents\Bear.doc,Bear.doc,.doc,document,28160,0.03,1224053584.0,0,UNLIKELY,False,,19ecfeae69d5f5413707d121b4e999d40e1db76607e4343560e7f02c9e705d2b,1
3\My Documents\betty.ppt,betty.ppt,.ppt,other,273920,0.26,1308261192.0,0,UNLIKELY,False,,def7b18e9fc8befd8d405cbbc8055ffaea0b9d8cffdf355a7bd62e1bc1bbbf4e,1
3\My Documents\Bill of Sale.doc,Bill of Sale.doc,.doc,document,31232,0.03,1210735230.0,0,UNLIKELY,False,,ddb0a3df78da070f5bd1789f32ada41379384a6ca17e262282aff642985c9602,1
3\My Documents\Blossom.doc,Blossom.doc,.doc,document,23040,0.02,1223800338.0,0,UNLIKELY,False,,cc314ba9b5e08e68899edfed6666f1c6a730901fa4e30d15cd8987a4bc66bf63,1
3\My Documents\BlossomScarlett.doc,BlossomScarlett.doc,.doc,document,26624,0.03,1207717762.0,0,UNLIKELY,False,,67e6832d1edf21d7cb2b70d1f48d3b36adc415fd519027f90122ec24f09301f9,1
3\My Documents\booboisies.doc,booboisies.doc,.doc,document,35840,0.03,1275215270.0,0,UNLIKELY,False,,54e050c98a102784042629c282945c69c7a50c3c0cbbd34949c3f4a11ed51534,1
3\My Documents\BREED'S HILL.Howard Fast.doc,BREED'S HILL.Howard Fast.doc,.doc,document,33792,0.03,1174340820.0,0,UNLIKELY,False,,a478fed2e69a09a344587a450822d1f5d464b609d1a8f45b2671e86d8ebcc854,1
3\My Documents\Brief story from Upstate New York.doc,Brief story from Upstate New York.doc,.doc,document,25600,0.02,1276132064.0,4,LOW,False,,e406058b7892a5e8a9a095071ea69ae8efa888dff32dc90634418e6e89c1f04a,1
3\My Documents\bumping  locks.pdf,bumping  locks.pdf,.pdf,document,556931,0.53,1154851056.0,6,LOW,True," Bumping locks How to open Mul-T-Lock (pin-in-pin, interactive, 7x7), Assa (6000 Twin), DOM (ix, dimple with ball), LIPS (Octro dimple), Evva TSC, ISEO (dimple & standard), Corbin, Pfaffenhain and a variety of other expensive mechanical locks without substantial damage, usually in under 30 seconds, with little training and using only inexpensive tools. Barry Wels & Rop Gonggrijp Toool - The Open Organization Of Lockpickers barry@toool.nl, rop@toool.nl Last revision: January 2",c44b249bad2d5b254ac9d6a1ee0c35d5d90f9a97a984ab7ef14cdb79c3eb4068,1
3\My Documents\But Faith.doc,But Faith.doc,.doc,document,56320,0.05,1247794930.0,0,UNLIKELY,False,,e0a57993093699a10bb2a11194208581f6d6659f6c87508e0513503f7d036d1f,1
3\My Documents\BUTTERFLY & PLANT.doc,BUTTERFLY & PLANT.doc,.doc,document,71168,0.07,1149131902.0,0,UNLIKELY,False,,0f21cb79addeff4bfec8a216850228824012630faf3a563ec0355509e709ee09,1
3\My Documents\Carl Sagan's Baloney Detection.doc,Carl Sagan's Baloney Detection.doc,.doc,document,46080,0.04,1205918032.0,0,UNLIKELY,False,,809a59b581c1ca96bbcf6beddcae10c25e572fa8da96098e64d6d4094b0b11e1,1
3\My Documents\CARL SAGAN.doc,CARL SAGAN.doc,.doc,document,35328,0.03,1190436582.0,0,UNLIKELY,False,,663b2a6e9f9cd44116cb665ea4c8d8e42bea2484628f3f7633212c555257a1f9,1
3\My Documents\Cavalry.doc,Cavalry.doc,.doc,document,385536,0.37,1217938644.0,0,UNLIKELY,False,,b6490290a1ed7b4da278410254ce16efeaa8f1b43d00a2b13368c1d84c727929,1
3\My Documents\CHAPUT FAX.doc,CHAPUT FAX.doc,.doc,document,28672,0.03,1222591368.0,0,UNLIKELY,False,,f61c355813498a2ee24780ed407108623dd9716c473d1b8ba61626d056afbb19,1
3\My Documents\CHAPUTLETTER.doc,CHAPUTLETTER.doc,.doc,document,35328,0.03,1187152068.0,0,UNLIKELY,False,,60b089ef77a998a5915d1eeae2e68838c4362dcb8883b55a0a95ec7565f106f4,1
3\My Documents\CHAPUTS I KNEW.doc,CHAPUTS I KNEW.doc,.doc,document,44544,0.04,1159264642.0,0,UNLIKELY,False,,11f77cccebde609b2dc2073cc9f8bf7d19c5f946aca5178edca05f68a51d2b16,1
3\My Documents\CHESTNUTS.doc,CHESTNUTS.doc,.doc,document,48640,0.05,1185421432.0,0,UNLIKELY,False,,09a5d59364bee9d67485556ddf81686f5227ccb5eaf389d7154e6cf9fb242a03,1
3\My Documents\Christmas Cookie Recipe.doc,Christmas Cookie Recipe.doc,.doc,document,22016,0.02,1166939966.0,0,UNLIKELY,False,,aed93f489f9151fe7ec504916f33377f724ec60ee9c5d383c4cfa351091f498c,1
3\My Documents\Cliff 2.9.09.doc,Cliff 2.9.09.doc,.doc,document,21504,0.02,1234236786.0,0,UNLIKELY,False,,4da9e518980b552b30acd417ae6deba317359c935429f118bdba2d319ec4c890,1
3\My Documents\Cliff 3.11.09.doc,Cliff 3.11.09.doc,.doc,document,27648,0.03,1236828000.0,0,UNLIKELY,False,,b705ef14b2422c453dd1dcdf9c159db742dcc1027e6c5699f187e71d0c64e07e,1
3\My Documents\Cliff and Bar.doc,Cliff and Bar.doc,.doc,document,21504,0.02,1237306606.0,0,UNLIKELY,False,,357b1d9942384b09a02e0df3f873455836b42425c1737b4ede874727241c616a,1
3\My Documents\Cliff Power of Attorney.doc,Cliff Power of Attorney.doc,.doc,document,43008,0.04,1234324278.0,0,UNLIKELY,False,,0b9f9f586b791c1ea698b1391a4568a3c3738f7ea2f35eb12ea628085af360ee,1
3\My Documents\Cliff's Accounting.doc,Cliff's Accounting.doc,.doc,document,20480,0.02,1234236612.0,0,UNLIKELY,False,,51ba61378084a23b286b3ac7e699a4e1f8d9c9171cec089f1b80a75335967044,1
3\My Documents\Cliff's address.doc,Cliff's address.doc,.doc,document,19968,0.02,1234238350.0,0,UNLIKELY,False,,7f1c669fe2a7f3eb2ace9b900336bee547ca1e5afd153e76276a2c364d9f569a,1
3\My Documents\cliff's bestiary.doc,cliff's bestiary.doc,.doc,document,27648,0.03,1178205796.0,0,UNLIKELY,False,,35e972edd46a3d5d5739b754e718f9befbeb2aebc629bbccc5ba200b6a1cdc08,1
3\My Documents\Cliff07.30.07.doc,Cliff07.30.07.doc,.doc,document,26624,0.03,1185848118.0,0,UNLIKELY,False,,bc6ceb551e9d0c693ef512b984306c776eb27cc4858f117e292193e372991055,1
3\My Documents\Cliff27 August 2008.doc,Cliff27 August 2008.doc,.doc,document,24576,0.02,1219882592.0,0,UNLIKELY,False,,17b801f2440dc7a16ce0a452f4d673f2e8aee0af517f17756d6122ade90422b3,1
3\My Documents\clifford bartz parents.doc,clifford bartz parents.doc,.doc,document,26624,0.03,1160422556.0,0,UNLIKELY,False,,0e0db10d26ffbec5e4b0c642f877c8a61c4ae343d9367163d29df52d2dffe32e,1
3\My Documents\Clifford Bartz.2.doc,Clifford Bartz.2.doc,.doc,document,30208,0.03,1157259256.0,0,UNLIKELY,False,,358fa5ee0465673a79513af11b5dc9cc8849d3854ea42631c32f551d2f4dac7d,1
3\My Documents\Clifford Bartz5.doc,Clifford Bartz5.doc,.doc,document,47616,0.05,1214514188.0,0,UNLIKELY,False,,41607e3d78d5cac7c6858138a9aea77669c4e03fcfd13212fa930f9f50e7dc3c,1
3\My Documents\CLIFFORD#3.doc,CLIFFORD#3.doc,.doc,document,30720,0.03,1157632602.0,0,UNLIKELY,False,,ed5a0bff5bbec9640a6cb0d6b286bf65ccfa4878478a380436502753459badb2,1
3\My Documents\CLIFFORD#4.doc,CLIFFORD#4.doc,.doc,document,34304,0.03,1159559080.0,0,UNLIKELY,False,,fdba8d26a96b1e3440c5811cbd84d5be818d45f6f54f25ffbba5e1730cf82c2f,1
3\My Documents\CLIFFORDBARTZ1.doc,CLIFFORDBARTZ1.doc,.doc,document,42496,0.04,1219872108.0,0,UNLIKELY,False,,3cd4879a29142e85f93a57aacf926b2d61d93500df3f34075b0106bc8e0b3a2a,1
3\My Documents\Commonwealth Armory.doc,Commonwealth Armory.doc,.doc,document,26624,0.03,1158562040.0,0,UNLIKELY,False,,6e497dfb1fdae77e0d969cb5b73a1fc7ccc687fcffcc15326773aac0cb779965,1
3\My Documents\Confederate Page Break.doc,Confederate Page Break.doc,.doc,document,24064,0.02,1210008710.0,0,UNLIKELY,False,,935b239d4e7f96b11080ea5af2d7032310d4d0bcc2d775e2ad59325f3c696eb0,1
3\My Documents\CRITICALTHINKING.doc,CRITICALTHINKING.doc,.doc,document,130560,0.12,1196105164.0,0,UNLIKELY,False,,e43dadcba7bc7e5ca10624fe8e6c1106bc7fd3b33c21d51e68a01a4531d0e488,1
3\My Documents\CT2.doc,CT2.doc,.doc,document,28672,0.03,1272518118.0,0,UNLIKELY,False,,df2006d5d1b012aa3e0d358e29c9a88e6ce9fa25e01dc02907024280d068778d,1
3\My Documents\CT3.doc,CT3.doc,.doc,document,28672,0.03,1272518284.0,0,UNLIKELY,False,,4b2f724fc064fc7b9874437501649479aae583f283f1861f1a0673d7d0f9cda2,1
3\My Documents\dad.doc,dad.doc,.doc,document,34816,0.03,1162618252.0,0,UNLIKELY,False,,73813eda28286fb6fca92d0547f73a8e81e24476d3410b8a69ee7152e01d9b3f,1
3\My Documents\Danish Cottage Interior.doc,Danish Cottage Interior.doc,.doc,document,306176,0.29,1185078492.0,0,UNLIKELY,False,,10a762a0f049f63789684bd615934297e7dc0feefed1a51b954f7302d9418f61,1
3\My Documents\Dear Supporter of Ayaan Hirsi Ali.doc,Dear Supporter of Ayaan Hirsi Ali.doc,.doc,document,31232,0.03,1195713240.0,0,UNLIKELY,False,,31a9278743ec883f9e87e4efdb927a0ec12df24f36b37dff67117c9ad84127b5,1
3\My Documents\Default.rdp,Default.rdp,.rdp,other,0,0.0,1190765198.0,0,UNLIKELY,False,,,1
3\My Documents\DEMENTIA TEST.doc,DEMENTIA TEST.doc,.doc,document,27136,0.03,1183683140.0,0,UNLIKELY,False,,b5707f08de75d7eaa847897f414df9ec1d6cfabd7f3179471501e870bb7acb13,1
3\My Documents\DESIDERATA.doc,DESIDERATA.doc,.doc,document,22016,0.02,1201401416.0,0,UNLIKELY,False,,c5ca4cc1d367a0055c4bddfd520670b55093817be4b1d2da9455d1f4667761b6,1
3\My Documents\desktop.ini,desktop.ini,.ini,other,395,0.0,1249436134.0,0,UNLIKELY,False,,679fb45442f86b1ae8c6a39449b97ae202207d1506118b2b20ad5392a99ef835,1
3\My Documents\dividerWSJ.doc,dividerWSJ.doc,.doc,document,24064,0.02,1155744272.0,0,UNLIKELY,False,,ad530a1e45fa50a84ef9f1507526aab40dddb60e918cd3a4967864741b6c5350,1
3\My Documents\DS-0011.pdf,DS-0011.pdf,.pdf,document,289736,0.28,1154566444.0,22,HIGH,True,"U.S. Department of State FOR INFORMATION, QUESTIONS, AND INQUIRIES: Please visit our website at travel.state.gov. In addition, contact the National Passport Information Center (NPIC) toll-free at 1-877-487-2778 (TDD: 1-888-874-7793) or by e-mail at NPIC@state.gov. Customer Service Representatives are available M-F, 8AM-8PM EST (excluding federal holidays). Automated information is available 24/7. DS-11 PLEASE DETACH AND RETAIN THIS INSTRUCTION SHEET FOR YOUR RECORDS. U.S. PASSPORTS ARE I",aa66e4fc0ceb3377df25c46fccf508386a3fa8cf5c5338b69f7486682507c359,2
3\My Documents\ds-11PASSPORT.pdf,ds-11PASSPORT.pdf,.pdf,document,289736,0.28,1154566340.0,22,HIGH,True,"U.S. Department of State FOR INFORMATION, QUESTIONS, AND INQUIRIES: Please visit our website at travel.state.gov. In addition, contact the National Passport Information Center (NPIC) toll-free at 1-877-487-2778 (TDD: 1-888-874-7793) or by e-mail at NPIC@state.gov. Customer Service Representatives are available M-F, 8AM-8PM EST (excluding federal holidays). Automated information is available 24/7. DS-11 PLEASE DETACH AND RETAIN THIS INSTRUCTION SHEET FOR YOUR RECORDS. U.S. PASSPORTS ARE I",aa66e4fc0ceb3377df25c46fccf508386a3fa8cf5c5338b69f7486682507c359,2
3\My Documents\Dulce Et Decorum Est.doc,Dulce Et Decorum Est.doc,.doc,document,73216,0.07,1197519148.0,0,UNLIKELY,False,,bae31f5fca71f186820a16b29f8c4f5115f24d02f43308ab3cd06a6085822d4b,1
3\My Documents\Einstein at Princeton.ppt,Einstein at Princeton.ppt,.ppt,other,90112,0.09,1184565120.0,0,UNLIKELY,False,,11e3dd7625111c2b9bc9c495c32264acb93d26e1d7f76f62acb02fae49bdadf4,1
3\My Documents\Einstein.ppt,Einstein.ppt,.ppt,other,90624,0.09,1186530538.0,0,UNLIKELY,False,,85ccc9293883beb5069dcd0078c35311a20aa9f7639b56d5801d33c32a6e249c,1
3\My Documents\Email to Olbermann.doc,Email to Olbermann.doc,.doc,document,29184,0.03,1189134696.0,0,UNLIKELY,False,,972254c7453a971896dee0ec644aeb0490ac0a7ffb125e3de019042250fde766,1
3\My Documents\Eye Scanning.doc,Eye Scanning.doc,.doc,document,34816,0.03,1272518904.0,0,UNLIKELY,False,,b35a5b8eb4c202324acd29771f7e6c42ecd1631fbd29577f7b0c66177aef38b8,1
3\My Documents\Five Sided Print.htm,Five Sided Print.htm,.htm,other,32495,0.03,1184635602.0,0,UNLIKELY,False,,19e4ed17fc1f509519468dd615fe0e1a2211f2218130768db15b4219d046edbb,1
3\My Documents\Floor_Plan[1].pdf,Floor_Plan[1].pdf,.pdf,document,194785,0.19,1183085382.0,0,UNLIKELY,True, Buy SmartDraw!- purchased copies print this document without a watermark . Visit www.smartdraw.com or call 1-800-768-3729.,d6c0dc3a3f3bf90d660082e65d46630891d5184705a0e33b49c1cd3be2d4b1fd,1
3\My Documents\Flower Expressions.doc,Flower Expressions.doc,.doc,document,79360,0.08,1161516758.0,0,UNLIKELY,False,,dde300d4bf2f777a8375dc1e27fef28543d09ceb391bf1eff0d19175511c0941,1
3\My Documents\FlowerPowerPoint.ppt,FlowerPowerPoint.ppt,.ppt,other,2493440,2.38,1158056320.0,0,UNLIKELY,False,,dcc46244bdbfdc43f431b97a8f39f1c815a54c40c4d8338f0c0ca0c53542e9a1,1
3\My Documents\foia.doc,foia.doc,.doc,document,454144,0.43,1159559092.0,0,UNLIKELY,False,,15a90717f45b93786f66daa1cdb799c9df83884d3790cd5bae5b6414390eccbc,1
3\My Documents\FOIA11.14.05.doc,FOIA11.14.05.doc,.doc,document,30208,0.03,1157257414.0,0,UNLIKELY,False,,32d8a5c3f0d5f6be56cc880a4219556cbf54d6590ba35ae5b04d37657bf9f25f,1
3\My Documents\Folder.jpg,Folder.jpg,.jpg,image,6734,0.01,1249443416.0,0,UNLIKELY,False,,0661ccc771e439eab2b110ba96a3ecbda4df3e7509c3d5a1809a6d9596c31962,2
3\My Documents\Full Site.doc,Full Site.doc,.doc,document,97280,0.09,1147338936.0,0,UNLIKELY,False,,f54271b53da097cd7f691ca96f6648b57acc7506ada711bffe975918f045e375,1
3\My Documents\Funeral.Blues.doc,Funeral.Blues.doc,.doc,document,50688,0.05,1132989384.0,0,UNLIKELY,False,,d56ca78759b3a6d5fdc2cd6675427cc46f241c80bfeb11a485cb2c05255fad30,1
3\My Documents\Gliese 581 c.doc,Gliese 581 c.doc,.doc,document,243200,0.23,1187383500.0,0,UNLIKELY,False,,f4201ac6464adb46f005824e83551ce77d06fbd82dbe59a0d3ee14f712815a2d,1
3\My Documents\Gordon's email address.doc,Gordon's email address.doc,.doc,document,24576,0.02,1169932792.0,0,UNLIKELY,False,,f187acc1d3d4e694e30149b077f9b153258b5c33d21e2e5f045397a727a18bbd,1
3\My Documents\green dog.ppt,green dog.ppt,.ppt,other,432640,0.41,1191743656.0,0,UNLIKELY,False,,6c5576e89c355386ecf38d41f685f7892f80800f2187565db70400e45a606930,1
3\My Documents\Groom & Umatilla.doc,Groom & Umatilla.doc,.doc,document,102912,0.1,1142802254.0,0,UNLIKELY,False,,40fa255352b52a919ba1fe1d61bf7f91b0decd4264a8cf636c6aa86f1038d3ea,1
3\My Documents\GunFacts5-0-screen.pdf,GunFacts5-0-screen.pdf,.pdf,document,801811,0.76,1214430850.0,18,HIGH,True, Table of Contents Table of Contents ..................................................................................................... i Introduction..............................................................................................................v Acknowledgements................................................................................................. vi Microstamping ...................................................................................................,f5f209da017ad8335b3c6f749a433ab0db9a6894f8777bf3efe217e6be7d3fd8,1
"3\My Documents\Happy Birthday, Timi.doc","Happy Birthday, Timi.doc",.doc,document,33280,0.03,1180217576.0,0,UNLIKELY,False,,ac2c0f6d48799ae7b68d4a749e4ea1fa7e2bf9fc5e4aa7533f1003eeeaf36d9d,1
3\My Documents\HAPPY BIRTHDAY.doc,HAPPY BIRTHDAY.doc,.doc,document,51712,0.05,1164821896.0,0,UNLIKELY,False,,a9f631cd0d023ffcc5afaf6f0630c57f297e3e95b4186d3c79f7a26309e61805,1
3\My Documents\HIGHWAYMAN.doc,HIGHWAYMAN.doc,.doc,document,36352,0.03,1272519192.0,0,UNLIKELY,False,,0eb5c638489bc17d01e9258328c14d4a92a7dc14d83f8b809c30a434f0135bfc,1
3\My Documents\Hippolyte Chateaubriand.doc,Hippolyte Chateaubriand.doc,.doc,document,20480,0.02,1144422786.0,0,UNLIKELY,False,,5170d0b9c7c566fbe4653d15bc37f1e6f71da53970b849236c8b18f4a7bd6bf6,1
3\My Documents\Hirsi Ali.doc,Hirsi Ali.doc,.doc,document,34304,0.03,1183419112.0,0,UNLIKELY,False,,bc912971f504703a96a69e4a1d0d3e5718827f53cf6acda3238610aa4dc558df,1
3\My Documents\Hirsi_Ali[1].doc,Hirsi_Ali[1].doc,.doc,document,34816,0.03,1183484906.0,0,UNLIKELY,False,,dc3b56fe517124000cde87b85e8e69d65675821444ef6d785bf58aa4c344c780,1
3\My Documents\Hobo lingo in use up to the 1940.doc,Hobo lingo in use up to the 1940.doc,.doc,document,26112,0.02,1241058718.0,0,UNLIKELY,False,,e0af20918ac613329ab9c2c09506d4d5d9bb7a6f51c51f092b5ba75129847a6a,1
3\My Documents\Hobo Symbols.doc,Hobo Symbols.doc,.doc,document,61952,0.06,1183532690.0,0,UNLIKELY,False,,5540b2a7a5333f1374df5a2b1731679de2b69c955c3549cab68b317b2ba6e481,1
3\My Documents\HOBOES.doc,HOBOES.doc,.doc,document,153600,0.15,1184125602.0,0,UNLIKELY,False,,78f415ec22d344ebef0e10977ab7220af62263c9535c98e6cea47ad9fa24a08f,1
3\My Documents\HOMER.doc,HOMER.doc,.doc,document,65024,0.06,1155086808.0,0,UNLIKELY,False,,8cd2f89ac0908cf88b834c07b06ee0ec7e33900d53cde62d4debb1f8a6fb1037,1
3\My Documents\I disagree.doc,I disagree.doc,.doc,document,140288,0.13,1237359284.0,0,UNLIKELY,False,,a747eda97f917b1b9ef976d6906a2b0a50d39b65c6e95535686466bafaf40198,1
3\My Documents\Industrial Workers of the World.doc,Industrial Workers of the World.doc,.doc,document,352768,0.34,1240973032.0,0,UNLIKELY,False,,a627662749988e29969c32044cf517a631492f8a6ecb79c5ac5df37eec4d135b,1
3\My Documents\install_flash_player-1.exe,install_flash_player-1.exe,.exe,other,1851544,1.77,1228604358.0,0,UNLIKELY,False,,40f5064ff5629016541513205655b59423d939fb833c71561172ea28af5f7e01,2
3\My Documents\install_flash_player.exe,install_flash_player.exe,.exe,other,1851544,1.77,1228592676.0,0,UNLIKELY,False,,40f5064ff5629016541513205655b59423d939fb833c71561172ea28af5f7e01,2
3\My Documents\Irish Park.ppt,Irish Park.ppt,.ppt,other,241152,0.23,1214869200.0,0,UNLIKELY,False,,8bbcfbb2bceef2581e885441b7c0788ac754333aae70a709310b20895ba50f4f,1
3\My Documents\Jack Vettriano.doc,Jack Vettriano.doc,.doc,document,209408,0.2,1222504308.0,0,UNLIKELY,False,,d5dc22b1f9e0c3e708684831c3e8838c2a4e6c5d71fb04e25796b27518b6a8e2,1
3\My Documents\Jack.doc,Jack.doc,.doc,document,50176,0.05,1193786578.0,0,UNLIKELY,False,,d8116990596de49a542f3e4aed5e9809d0fd57c95bd300bbc0cda4246e45c54d,1
3\My Documents\Jean Wilfred Chaput.doc,Jean Wilfred Chaput.doc,.doc,document,286720,0.27,1275194646.0,0,UNLIKELY,False,,b32acdf7888a3f4322fba7d674f6d9eedcee34ed0c1c1052fd1b8b314d262b0d,1
3\My Documents\Jung in a Nutshell.doc,Jung in a Nutshell.doc,.doc,document,23040,0.02,1185851878.0,0,UNLIKELY,False,,d54e16605d056f3b9143df37a853dad50eefa5a8f6b9c8109b7767cb0e4aa08e,1
3\My Documents\Jung's model of the Pysche.doc,Jung's model of the Pysche.doc,.doc,document,25600,0.02,1185747012.0,0,UNLIKELY,False,,ca3360cdb446dcd3f5e18f948e89147c6b6af07bd8ed74ad1ab344b67692f6ac,1
3\My Documents\KABUL.doc,KABUL.doc,.doc,document,738816,0.7,1162619014.0,0,UNLIKELY,False,,a0fd4fc25120db8a9fdd8bd406e7d0f08e868135be1fc277fb16a8c4c7680d00,1
3\My Documents\kolyma.doc,kolyma.doc,.doc,document,59392,0.06,1210002072.0,0,UNLIKELY,False,,b2b678245f1fa335f47b27e28ea47416bb3da6685887eccbb7d84e9d6367b16c,1
3\My Documents\Kropp.doc,Kropp.doc,.doc,document,32768,0.03,1190783050.0,0,UNLIKELY,False,,efd880ac21eefc8fae942d9a082e99c91be2b4f84032e5d2f7ac55b6b90c290f,1
3\My Documents\Lavatera Photo Plan.ppt,Lavatera Photo Plan.ppt,.ppt,other,240640,0.23,1142658738.0,0,UNLIKELY,False,,6ddf1410dc397884450932eeb6e60e4729cccef7b96a0068094ed3f8bdd2fe3f,1
3\My Documents\LEAHY LETTER.doc,LEAHY LETTER.doc,.doc,document,27648,0.03,1144289740.0,0,UNLIKELY,False,,89df3fcaccdb3eb53991d66557afe9772c59bfa16ba5ddf12b7d9cf2d698d35f,1
3\My Documents\LIST.doc,LIST.doc,.doc,document,46080,0.04,1282074346.0,0,UNLIKELY,False,,3a3fdea0d33786322f862a3a792a30dcdd22f00d0ac45f25c93e0a454b9446ae,1
3\My Documents\Lt. Jean Chaput.doc,Lt. Jean Chaput.doc,.doc,document,1294848,1.23,1361050838.0,0,UNLIKELY,False,,763c6788b7bc86130e5cc58c910a894bdcdd3e918941814e7541d5435b740c97,1
3\My Documents\Madame X.doc,Madame X.doc,.doc,document,176128,0.17,1191117948.0,0,UNLIKELY,False,,5862a5d947d0a8582c3f5bf73c114aa5ac25840f1e23951be2627be3ed7745e6,1
3\My Documents\MAXINE.doc,MAXINE.doc,.doc,document,24064,0.02,1226551310.0,0,UNLIKELY,False,,8f4c8fb5bd91216f25258ae99919d706834ecbc48712d71a0f3a02260661eaef,1
3\My Documents\Measurements based on the human body (idea).mht,Measurements based on the human body (idea).mht,.mht,other,14983,0.01,1214428088.0,0,UNLIKELY,False,,4566526a7a8dc8ec251477aadafb62e21622b56da33eafbc8a36e86ae8a363fd,1
3\My Documents\MERSON.doc,MERSON.doc,.doc,document,23040,0.02,1182915810.0,0,UNLIKELY,False,,5bcc6aec98bee4688e7f56af101bc59469ca32fb05c93d5e0c1da547f4c4d6fe,1
3\My Documents\metro_2.pdf,metro_2.pdf,.pdf,document,113317,0.11,1159597328.0,3,LOW,True,"Funiculaire de/CR Montmartre Tarification spciale RER: au dela de cette limite, vers la banlieue, la tarification dpend de la distance. Les tickets mtro urbain ne sont pas valables. Stations fermes aprs 20h et les dimanches et ftes Correspondances Correspondance Mtro—RER ou Mtro—SNCF avec trajet par la voie publique Ple dÕchange multimodal ",e68995b6b7552c1ca309899ff768fd1665144e416714546fc76ce694ad7aab22,1
3\My Documents\Microsoft Office Word 2003.lnk,Microsoft Office Word 2003.lnk,.lnk,other,2509,0.0,1219358832.0,0,UNLIKELY,False,,c8257ad19a3a9491e16881bb129388f71547efbf0968b72a5e8480d4ca7ac8ab,1
3\My Documents\MINI COG FOR DEMENTIA.doc,MINI COG FOR DEMENTIA.doc,.doc,document,27648,0.03,1160525806.0,0,UNLIKELY,False,,e43b4a85f3fab9187b3fca25f955961a0c166dd0b38d6ffe34f447a51d41bde0,1
3\My Documents\Moonlight Gifts.doc,Moonlight Gifts.doc,.doc,document,24064,0.02,1161157930.0,0,UNLIKELY,False,,894544c5852a45cd7a2f848c1dac3b31dbb6bc9b7a617d86741b9fdcc11176b9,1
3\My Documents\MORPHOLOGY.doc,MORPHOLOGY.doc,.doc,document,37888,0.04,1193161650.0,0,UNLIKELY,False,,26e295652214a4479a5315cef747d3935f8435c59477b8f6a2e064c00f7e8e1f,1
3\My Documents\Motor Vehicle Bill of Sale.doc,Motor Vehicle Bill of Sale.doc,.doc,document,33280,0.03,1223671030.0,0,UNLIKELY,False,,97faaa5f45add3679a3ab92b0ca6463478faecf1e3933c6000b206866c8f704f,1
3\My Documents\Mr. Whiting.doc,Mr. Whiting.doc,.doc,document,28672,0.03,1167758272.0,0,UNLIKELY,False,,7b4aadcd2bda843cb1468ab69389235080fb6caadb8f27f1a3243800399a2527,1
3\My Documents\Mt. Holly Rail Station.doc,Mt. Holly Rail Station.doc,.doc,document,78848,0.08,1217530098.0,0,UNLIKELY,False,,8ca7384dc335d06830faf35cac806c6e07553418d4f938a974a4308cb2305488,1
3\My Documents\Mt. Holly Rail Station2.doc,Mt. Holly Rail Station2.doc,.doc,document,64000,0.06,1217530208.0,0,UNLIKELY,False,,d34bbf611e8bab88514a539dbf6b4c2a90257eac2a9fdbf18a4c823e0f059276,1
3\My Documents\Mt. Holly Rail Station3.doc,Mt. Holly Rail Station3.doc,.doc,document,87552,0.08,1217530398.0,0,UNLIKELY,False,,c53114c9b9b74e4b2cc1fe9c73e2588184d17df7fdb521bea752710808eeaaa5,1
3\My Documents\My Love for Radio.doc,My Love for Radio.doc,.doc,document,26624,0.03,1156032692.0,0,UNLIKELY,False,,17675925729dfc557d283a2fc9d75448178f28761140de347c91b9826e09e83c,1
3\My Documents\MY SECRET.doc,MY SECRET.doc,.doc,document,35328,0.03,1177711686.0,0,UNLIKELY,False,,d2d198a8a8bfa819087439c7728507771aa027e2fa5e52d83610d62e10b5d255,1
3\My Documents\Nancy Bio.doc,Nancy Bio.doc,.doc,document,28160,0.03,1143108302.0,0,UNLIKELY,False,,45f8e22c59a6844bea19e76d650f9cb6ed8c07bd5b9c9e1f924171638c1e11b5,1
3\My Documents\nancy&flo.ppt,nancy&flo.ppt,.ppt,other,270848,0.26,1223840320.0,0,UNLIKELY,False,,c132e8070717c1e6119231f689404fd7b3a5c882cc6f206219760db2b81dfcff,1
3\My Documents\NATION'S ELITES--TOO GOOD TO COUNT.doc,NATION'S ELITES--TOO GOOD TO COUNT.doc,.doc,document,31232,0.03,1185053988.0,0,UNLIKELY,False,,f122f7c4141e37e2aae3d1cb24e0f8cd4007fe528b3da315b51723409d9648f8,1
3\My Documents\Nautical Terms.doc,Nautical Terms.doc,.doc,document,46080,0.04,1189713070.0,0,UNLIKELY,False,,85719b2bcd228de2c99ce5745c04910eda54d76e0288e530ca244f6a16040a3e,1
3\My Documents\Niemoller.doc,Niemoller.doc,.doc,document,30720,0.03,1187128490.0,0,UNLIKELY,False,,097f844418de969add96970ea6a21c8baa7303848d942750d649afc1f497d9f3,1
3\My Documents\Niemoller2.doc,Niemoller2.doc,.doc,document,30720,0.03,1187131340.0,0,UNLIKELY,False,,16d2d94af0e6b7a7c71bd763383efc32ea1bfe6c3489a3a18325248fb75e982c,1
3\My Documents\Niemöller1.doc,Niemöller1.doc,.doc,document,27648,0.03,1194208406.0,0,UNLIKELY,False,,a88e553aadd7d5d521d36741e5d55aa1fb3bbb9d14659bf20c39aaa6508edf2d,1
3\My Documents\NY STATE OATHS.doc,NY STATE OATHS.doc,.doc,document,51200,0.05,1157486550.0,0,UNLIKELY,False,,9500dc5762b0d3fdc2bd3cbac464995c43300c916390c293badc3ff049b88390,1
3\My Documents\organ trafficking.doc,organ trafficking.doc,.doc,document,43520,0.04,1183684060.0,0,UNLIKELY,False,,1e71e8f1205b50e942d64206cfe17cf802c2aa59415f9ecfb82d0474a50f9948,1
3\My Documents\ORIENT EXPRESS.doc,ORIENT EXPRESS.doc,.doc,document,172032,0.16,1210046008.0,0,UNLIKELY,False,,d5b77458ddde7b05c7bdd47f25db36cc30e26c0f7298bc5518b1350f4070d47f,1
3\My Documents\ORIGINAL SITE PLAN.doc,ORIGINAL SITE PLAN.doc,.doc,document,118272,0.11,1142837906.0,0,UNLIKELY,False,,5f72e98763e728b0ab3e273bca0ede2847f44311d8b8795617f1ac2511b1a1fd,1
3\My Documents\Other Heritage Sites.doc,Other Heritage Sites.doc,.doc,document,214528,0.2,1208081378.0,0,UNLIKELY,False,,387f08b3aaac83002a54561539ffa8449bac79bad053b5e8c49494ded1396756,1
3\My Documents\passport.doc,passport.doc,.doc,document,815104,0.78,1154566184.0,0,UNLIKELY,False,,9e666171ace99a40f947bb64e977a828d28b041e631d2a74d928c2da7698cabe,1
3\My Documents\PASSPORTPHOTOGUIDE.pdf,PASSPORTPHOTOGUIDE.pdf,.pdf,document,663261,0.63,1154565608.0,3,LOW,True,"Guidelines for Producing High Quality Photographs for U.S. Travel Documents Technological advances have changed the way passport and visa photos may be taken and the way that the U.S. Department of State processes the photos. This brochure is to help photographers ensure that:  Customers are accurately represented and  Photos are free of common defects that cause delays The brochure is designed to unfold into a small, wall-mountable poster, useful as a practical, professional reference. P",1c81eb7afbadc95e0c49b4c502c57edbff7cca9fd13ff3bf784bf3891ec6bbcd,1
3\My Documents\pears & cherries.ppt,pears & cherries.ppt,.ppt,other,214528,0.2,1142665922.0,0,UNLIKELY,False,,eb4f1c48ae84961aebc6cdf9f6aca6185af15080162943bffc7b6988e0f5b4e2,1
3\My Documents\PHOBIAS.doc,PHOBIAS.doc,.doc,document,76800,0.07,1186713684.0,0,UNLIKELY,False,,29851242b099b874088e99ab5fada775ddc4d2390591e1b9f9aa7096a2b077ae,1
3\My Documents\Pleading Wizar1.doc,Pleading Wizar1.doc,.doc,document,70144,0.07,1225873998.0,0,UNLIKELY,False,,804bb4ffc333d89656d66be64762d34b2ca96fe2450f3ba65391ab60cdd92b3f,1
3\My Documents\Pleading Wizard.doc,Pleading Wizard.doc,.doc,document,146432,0.14,1216572794.0,0,UNLIKELY,False,,f7849f61b2a88797ef8c4a726e4351da586bd351bc38552ff36eafb8950dbeb6,1
3\My Documents\PLOT FORMULA.doc,PLOT FORMULA.doc,.doc,document,35840,0.03,1273273198.0,3,LOW,False,,0930b4399e30bd83664b2132fd3ada4e83294d8821520b6aeb14db0a92768eed,1
3\My Documents\Pocket Neighborhood1.ppt,Pocket Neighborhood1.ppt,.ppt,other,269312,0.26,1142754158.0,0,UNLIKELY,False,,68e44079afe09107f7a41c4b695fa54492315d994e581a5cdd33d8a2ebb7959f,1
3\My Documents\Pocket Neighborhood2.ppt,Pocket Neighborhood2.ppt,.ppt,other,253440,0.24,1142667256.0,0,UNLIKELY,False,,133dee13ac7030768ee9399f2faab756c9c14a8196d538bb68b3bc03159003fd,1
3\My Documents\pollard.doc,pollard.doc,.doc,document,24576,0.02,1146550872.0,0,UNLIKELY,False,,bc5a8afcc14b2f31561f48d99c0c94a562b6a9d7e2be5d7d494f0366c22fdc7a,1
3\My Documents\Post Office.doc,Post Office.doc,.doc,document,21504,0.02,1215505924.0,0,UNLIKELY,False,,079e841e0cce3cb0308deb46cc33495bfe5bec85875c14235bff38b9f42f1195,1
3\My Documents\PRISON CERTIFICATE.ppt,PRISON CERTIFICATE.ppt,.ppt,other,85504,0.08,1210174922.0,0,UNLIKELY,False,,843a7cb2de53d7ed62b9cb83713bfceb17db5f30751ea236a28177d7862ba431,1
3\My Documents\Prison Grades.doc,Prison Grades.doc,.doc,document,25088,0.02,1189320114.0,0,UNLIKELY,False,,a1c725da54fa678098cbbd85277b0c46afa21440ecc098caa3d739194f47f7c9,1
3\My Documents\PRISON LETTER4.17.07.doc,PRISON LETTER4.17.07.doc,.doc,document,27136,0.03,1177296720.0,0,UNLIKELY,False,,99ad3128943d97254327a0091250f2967b6ed8dc88cecd16c52a4617d8dea0fc,1
3\My Documents\PRISON MEMO.doc,PRISON MEMO.doc,.doc,document,25600,0.02,1189323806.0,0,UNLIKELY,False,,fb4ec4b063940baa016b6364b27945b615fd560f74d107724d7bf519173d857a,1
3\My Documents\Prison Sheet0001.tif,Prison Sheet0001.tif,.tif,image,83868,0.08,1217998180.0,0,UNLIKELY,False,,f841e9ce6afd7b9432d6af7c6536de2519ea18660595605287f5d230cb011dba,1
3\My Documents\Prison Sheet0002.rtf,Prison Sheet0002.rtf,.rtf,document,747718,0.71,1208294430.0,3,LOW,True,{\rtf1\adeflang1025\ansi\ansicpg1252\uc1\adeff0\deff0\stshfdbch0\stshfloch0\stshfhich0\stshfbi0\deflang1033\deflangfe1033{\fonttbl{\f0\froman\fcharset0\fprq2{\*\panose 02020603050405020304}Times New Roman;}{\f1\fswiss\fcharset0\fprq2{\*\panose 020b0604020202020204}Arial;} {\f2\fmodern\fcharset0\fprq1{\*\panose 02070309020205020404}Courier New;}{\f38\froman\fcharset238\fprq2 Times New Roman CE;}{\f39\froman\fcharset204\fprq2 Times New Roman Cyr;}{\f41\froman\fcharset161\fprq2 Times New Roman Gree,49307a427b723dcce5995dd68d5f8d718eca59f388b0671bd93312c215d42352,1
3\My Documents\Probate and Family Court Department.doc,Probate and Family Court Department.doc,.doc,document,37376,0.04,1216651748.0,0,UNLIKELY,False,,ee4e4e9036a40b5da46608654edaa4470c60799e37d253326586ce3cbb5f389e,1
3\My Documents\Profumo.doc,Profumo.doc,.doc,document,39936,0.04,1217948292.0,0,UNLIKELY,False,,91a4f2337b520eb387fb1fb9cc9aa34bc2c462a79007d41463e893ef879f2c84,1
3\My Documents\pullman.jpg,pullman.jpg,.jpg,image,67202,0.06,1242449730.0,0,UNLIKELY,False,,895165689538a2154164de422ef6dada08a6c00c8efb713de424ea2312dd6bda,1
3\My Documents\PUR Polyurethane.doc,PUR Polyurethane.doc,.doc,document,24576,0.02,1143418556.0,0,UNLIKELY,False,,c162f761e2789112467c5484b341ed46b032282038be30f2d32d06a21129f832,1
3\My Documents\RAILROAD TRIVIA.doc,RAILROAD TRIVIA.doc,.doc,document,257536,0.25,1193162432.0,0,UNLIKELY,False,,eae8263acf06db79743af2f5bb30d7f8396e90ec1cbdf3abef1e535d7f49f963,1
3\My Documents\READ.doc,READ.doc,.doc,document,35328,0.03,1167756750.0,0,UNLIKELY,False,,9b64254a36b10256d4c06eb868e1ed024b4be639ee188e3eb54500128c50b35c,1
3\My Documents\RED LETTER to DOJ.doc,RED LETTER to DOJ.doc,.doc,document,29696,0.03,1182624908.0,0,UNLIKELY,False,,0a6dfe412a5108021f4d4cd282a89e0670fbebf24c992c77ed1ea11ccc22191e,1
3\My Documents\RED LETTER to GSA.doc,RED LETTER to GSA.doc,.doc,document,29184,0.03,1182624820.0,0,UNLIKELY,False,,816f105b1fd70b655f06d0abe7169a90ee517bd531027ad3656619303d2a0e01,1
3\My Documents\RED LETTER.doc,RED LETTER.doc,.doc,document,29696,0.03,1182729996.0,0,UNLIKELY,False,,3f60587c47410d7acd8886046993af5de6d7db82fd1e5cf390c24a33cc82dcda,1
3\My Documents\Remember this.doc,Remember this.doc,.doc,document,35328,0.03,1247603016.0,0,UNLIKELY,False,,27d86757c0b74a31b42fab7d476e2dbee0e23a5e84ca631ccce19a3ee7f05f01,1
3\My Documents\Rescued document 1.txt,Rescued document 1.txt,.txt,document,6063,0.01,1242277126.0,0,UNLIKELY,True,"??????????????????????????????????????????????????????????????????????????????????????????????????????????????????????ight gyres through a twilit murk of clinging owest access. She blinks once more before she folds her wings to rocket amid trunk????????????????????????????????????????????????????????????????????????????????????????????????????????????????????????????????he rope lead. She has her babies, Father. Her babies are gone, Borak. Climb. We climb all day, always we climb. dark Bora",510779eb6c5b1f17f75bf33b276795043e3630e50cc532e380cec2e7859aa586,1
3\My Documents\RESPONSE.doc,RESPONSE.doc,.doc,document,30208,0.03,1273170152.0,0,UNLIKELY,False,,875ca5efddc8aa9acdb3902e14c85deb9fe61e51fb37821186447f7385dc9e18,1
3\My Documents\RESUME ADDENDUM.doc,RESUME ADDENDUM.doc,.doc,document,41472,0.04,1222602074.0,0,UNLIKELY,False,,a5651490d6a192e2d857cf969743418b743b6407fba340d0fd2c03edf47fc97e,1
3\My Documents\RESUME.doc,RESUME.doc,.doc,document,86528,0.08,1377265360.0,0,UNLIKELY,False,,2443ea39e88704f722f68ee225adff94ceec30581b41c9e0decff8a3c698e071,1
3\My Documents\RESUMECOMBINED.doc,RESUMECOMBINED.doc,.doc,document,60928,0.06,1293820496.0,0,UNLIKELY,False,,63cb53cd83d376b358d1ddff372c52e77a555e6ca6b3f33fd94808e7011cf6c5,1
3\My Documents\RESUMECOMBINED.pdf,RESUMECOMBINED.pdf,.pdf,document,261959,0.25,1273169300.0,25,HIGH,True,"W. J. CHAPUT 109 Bushey Road St. Albans, VT 05478-9609 USA RÉSUMÉ Phone/Fax: 802-734-8347 ",44622b1b6bf1aa30635a183b8a167a865112c0ebb5ef64c2e08408a226b55483,1
3\My Documents\RESUME_ADDENDUM _NANCY IRENE CHAPUT.doc,RESUME_ADDENDUM _NANCY IRENE CHAPUT.doc,.doc,document,29184,0.03,1162677748.0,0,UNLIKELY,False,,21342e0c849bb60b8513f53e10c3342d53c5a1767f807d84f868a5f83e09b2cf,1
3\My Documents\RESUME_NANCY_CHAPUT.doc,RESUME_NANCY_CHAPUT.doc,.doc,document,62976,0.06,1162677836.0,0,UNLIKELY,False,,4e4c34ad92384aaac7f17eca20faf43f6977e8430384671099370ccc2d3443f8,1
3\My Documents\Rights.doc,Rights.doc,.doc,document,64512,0.06,1273169906.0,0,UNLIKELY,False,,d617ce2944da6a8def4735328d92c8608c05f55870fc3e95433188ffeb621369,1
3\My Documents\Rox.ppt,Rox.ppt,.ppt,other,183296,0.17,1221327922.0,0,UNLIKELY,False,,5c1d7f5ed274305772da67c85102a326df5bbb00c15c7c49cdbea7f9600c180e,1
3\My Documents\Rox2.ppt,Rox2.ppt,.ppt,other,180224,0.17,1222157584.0,0,UNLIKELY,False,,9c228a0f037fb7b87229385f75580d2f52511d1b7201964b32cd97a43563ca04,1
3\My Documents\roxDEB[1].JPG,roxDEB[1].JPG,.jpg,image,120827,0.12,1221458692.0,0,UNLIKELY,False,,224286e16cfa501493b3437c9c831a065a42024b7a60468925e97949683a3b77,1
3\My Documents\Roxie.ppt,Roxie.ppt,.ppt,other,183296,0.17,1221365874.0,0,UNLIKELY,False,,c9b0fddbf9f41fba6ddd243d86ec2fcdabcce1ef909344053a3b0d5d467acd39,1
3\My Documents\runes2.doc,runes2.doc,.doc,document,68096,0.06,1205429564.0,0,UNLIKELY,False,,21338728aa90ea8e11d9b5491713d4d2bcd753f99107f23825c8a2c77ecb7431,1
3\My Documents\SALE OR LONG-TIME CLIENT.doc,SALE OR LONG-TIME CLIENT.doc,.doc,document,31232,0.03,1183010534.0,0,UNLIKELY,False,,2416f9ce516935d54ce2cbd395949f109dab8fb17aa1c60e9d156ec6e69a230f,1
3\My Documents\sawyer and his first tree.doc,sawyer and his first tree.doc,.doc,document,159744,0.15,1134964210.0,0,UNLIKELY,False,,69c8ed50f09528cae239ecb75580a2986817d8bb425b69155f3ca785c37a9ee5,1
3\My Documents\SAY THAT AGAIN.doc,SAY THAT AGAIN.doc,.doc,document,22016,0.02,1192677702.0,0,UNLIKELY,False,,23500bf506594e8be3a5637fc5704e5495c6b9c323154b628c1a108f90a32a69,1
3\My Documents\SCIENCE MATTERS.doc,SCIENCE MATTERS.doc,.doc,document,24064,0.02,1151888592.0,0,UNLIKELY,False,,02e14a9b1e4ad22335f7f7210e19ad76515531f01cb8cd2b3e1de9292a4cd258,1
3\My Documents\sean honan.ppt,sean honan.ppt,.ppt,other,62464,0.06,1189026244.0,0,UNLIKELY,False,,ead87c45f33469bfcfa97c99e3fb51914414f4f353084d1e639a6bdce25ed829,1
3\My Documents\SECOND CLASSES AND GRADES.doc,SECOND CLASSES AND GRADES.doc,.doc,document,19968,0.02,1210174936.0,0,UNLIKELY,False,,1b26317ed21ef10da1d9a03339e0b192ba68412169dd868111ea1b4faf9ff591,1
3\My Documents\SecretServiceThreat Assessment.pdf,SecretServiceThreat Assessment.pdf,.pdf,document,772098,0.74,1159771272.0,52,HIGH,True,"THREAT ASSESSMENT IN SCHOOLS: A GUIDE TO MANAGING THREATENING SITUATIONS AND TO CREATING SAFE SCHOOL CLIMATES UNITED STATES SECRET SERVICE AND UNITED STATES DEPARTMENT OF EDUCATION WASHINGTON, D. C. May 2002 i THREAT ASSESSMENT IN SCHOOLS: A GUIDE TO MANAGING THREATENING SITUATIONS AND TO CREATING SAFE SCHOOL CLIMATES UNITED STATES SECRET SERVICE AND UNITED STATES DEPARTMENT OF EDUCATION by Robert A. Fein, Ph.D. Director National Violence Prevention and Study Center Bryan Vossekuil Director Nati",1c0a6c8d3405892390e3581c7e78bbc3dfa28e778858e4278f677fd1f1e5866f,1
3\My Documents\SecretServiceThreats.pdf,SecretServiceThreats.pdf,.pdf,document,114743,0.11,1159771364.0,15,HIGH,True,"Training Available For School Divisions Guidelines for Responding to Student Threats of Violence The Virginia Youth Violence Project is offering training to school divisions in our new Guidelines for Responding to Student Threats of Violence. These Guidelines are designed to prepare school-based teams to evaluate and triage student threats of violence, quickly resolve minor threats, and take appropriate action in response to more serious threats of violence. Participants will learn to:",294adda8c04bc57926ba5b20bf763d8a251cf9a6425701f42539f789214e6360,1
3\My Documents\security regs.doc,security regs.doc,.doc,document,25600,0.02,1138411062.0,0,UNLIKELY,False,,32131b3a7dfe70b0000657c49a05bc7203e851c8edabf4329303a18e62326eac,1
3\My Documents\Shannie card.doc,Shannie card.doc,.doc,document,161792,0.15,1150311816.0,0,UNLIKELY,False,,d6bef1159be16b83107b88305a1954e2ecb468ebb16b8a2c04b16da6680e835e,1
3\My Documents\Shannie.doc,Shannie.doc,.doc,document,25600,0.02,1173489886.0,0,UNLIKELY,False,,6913d139dd2fa7653227b5e7b85b3251a40e2b82b0c12c965761aaba04f44d50,1
3\My Documents\Shockwave_Installer_Slim.exe,Shockwave_Installer_Slim.exe,.exe,other,4566456,4.35,1228592948.0,0,UNLIKELY,False,,c2ef5507d28a366e82aa8fc5b2ae129c57deca2c6b2f78fbbf294c81a4dabc4b,1
3\My Documents\showers.doc,showers.doc,.doc,document,113152,0.11,1169434764.0,0,UNLIKELY,False,,f101224f62fe776b8a41f4bb9f80a909c6ce6cfff2a765a92c18268bd7e67a7c,1
3\My Documents\siege.doc,siege.doc,.doc,document,41984,0.04,1201455610.0,0,UNLIKELY,False,,e47d439dd94890132d1c3ca021f08a9d274d008adf8fdf62150f11178edc714e,1
3\My Documents\silksynopsis.doc,silksynopsis.doc,.doc,document,50176,0.05,1248470046.0,0,UNLIKELY,False,,3542e94dc0530619b988c834fd703b9460f4cc864a354a4c73a375a042fe3b5e,1
3\My Documents\Site Boundaries.ppt,Site Boundaries.ppt,.ppt,other,94208,0.09,1155659230.0,0,UNLIKELY,False,,d2bc5b92f47d2215b547e67065a164dc53b4a81460d22742b42b85307a8a63c9,1
3\My Documents\Smaller 5-sided.doc,Smaller 5-sided.doc,.doc,document,7762944,7.4,1183230354.0,0,UNLIKELY,False,,a2997ac7da14820678e4e8b38653a29ac05e98abc57bc0aabacdef4ac3e72746,1
3\My Documents\Snowflake.doc,Snowflake.doc,.doc,document,121856,0.12,1204443644.0,0,UNLIKELY,False,,0b04e1c0770d56553aefefc50e88df146c534f934b50969850b9aa0dbcc1fc25,1
3\My Documents\SOUND & SENSE.doc,SOUND & SENSE.doc,.doc,document,28160,0.03,1273799932.0,0,UNLIKELY,False,,a442ffc891f11949e8367baf1fab81eb73a20244ef19969c00dd5e4d0c9db03d,1
3\My Documents\streetcar st.doc,streetcar st.doc,.doc,document,41984,0.04,1158133728.0,0,UNLIKELY,False,,71eefd59ba1b428fcae73a6998b8f419f5275c78af3c216a0f9d2b56497c94aa,1
3\My Documents\Subpoena_for_081207_Court_Date[1].pdf,Subpoena_for_081207_Court_Date[1].pdf,.pdf,document,390864,0.37,1187132702.0,0,UNLIKELY,True,"GEORGIA. Fulron Counn,: Magistrate Court of Fulton County SUBPOENA no. zbo4b4ztz ,"", 4A /o. 0hor,t You arc hercby Comnranded ,pa{ayint all otherbusiness-pide you personally appger at the Magistrate C,ogrt of Futtoncormr-v, a ?.'OO (nyln.u,onrre Zl4 arv oi .""4 f .y' ', /-r'_ clacl rccrno!: fl I Jusricc Ccnter Tower, 185 Cental Avenue, S.W., Coun X*rn hl _, Arturta t J Norrh Fulron service cenler, 7741 Roswell Road, courl Room , sandy sprirys I J South Fulton Servicc Ccnter, 5600 StonewalhTcll Roa",a7214b16342f0dff104684b33d54956c0cb79edb8da8633b509484aac19cf677,1
3\My Documents\summer.doc,summer.doc,.doc,document,48640,0.05,1185398108.0,0,UNLIKELY,False,,d946f3115519b55bf67a9ff98d85359ee169878474dba0722c30b07beb72f105,1
3\My Documents\sunshine.ppt,sunshine.ppt,.ppt,other,272896,0.26,1223841920.0,0,UNLIKELY,False,,79c7a8d0d907834b72d8cb74b1596d567b4f7ae6a0aa0801212eaffe14a7d11a,1
3\My Documents\Swearengen for President.doc,Swearengen for President.doc,.doc,document,28672,0.03,1258131484.0,0,UNLIKELY,False,,beaaab651792cd47d040290001461a1bff2d5a48680c2115b228095261d15940,1
3\My Documents\symbols.doc,symbols.doc,.doc,document,70144,0.07,1185756148.0,0,UNLIKELY,False,,6c4b6ea1d944eb8a6674384e1dded4ea1584d9c9a89a0023b5e5a8a7af04eca6,1
3\My Documents\Tara.doc,Tara.doc,.doc,document,25088,0.02,1179600890.0,0,UNLIKELY,False,,d35a4235bde8ffa57c7e7ab63cbbe5227d5d2d252257d04ef8e7f7d290b2e6e8,1
3\My Documents\TD Banknorth6.18.07.doc,TD Banknorth6.18.07.doc,.doc,document,34816,0.03,1184465244.0,0,UNLIKELY,False,,6b9c74e5e42383e75ebce1300b084f6bdc114abf771c349ee0efe45ff815d45c,1
3\My Documents\Terezin.Dutch Girl.pdf,Terezin.Dutch Girl.pdf,.pdf,document,76192,0.07,1273821386.0,0,UNLIKELY,False,,dc20dedc124d20bbe05f96e1855c22c1426236f049ee485ffce87a7fbe70810e,1
3\My Documents\TEST YOUR CRITICAL THINKING SKILLS.doc,TEST YOUR CRITICAL THINKING SKILLS.doc,.doc,document,27648,0.03,1194215606.0,0,UNLIKELY,False,,7dd8714e6f1b7b0f585a90ff89c32275980af3fb7ce6dc269a957652c61c5590,1
3\My Documents\The Big Suck.doc,The Big Suck.doc,.doc,document,388608,0.37,1206862610.0,0,UNLIKELY,False,,e22153b88fb675fc02ab45638981b59851d227a1f12da4fbe72979ff5970d98e,1
3\My Documents\THE CHOLESTEROL MYTH.doc,THE CHOLESTEROL MYTH.doc,.doc,document,215552,0.21,1169764104.0,0,UNLIKELY,False,,de053ed95341c6b5ab2f57aad511a70a646e12f3ee1f8060c2666c3b4bbc177b,1
3\My Documents\The Dar Side.doc,The Dar Side.doc,.doc,document,24064,0.02,1220855630.0,0,UNLIKELY,False,,a5f6bf90cdb1859a8d60588ff2dc418bcde62b6f58ada3ddfc10ed2951a229f9,1
3\My Documents\The Death of the Ball Turret Gunner.doc,The Death of the Ball Turret Gunner.doc,.doc,document,24064,0.02,1190751734.0,0,UNLIKELY,False,,b23c6123af3d67b381b33c935d7267f56cc636616305f35a5533f2277b5d8814,1
3\My Documents\THE DNA MOLECULE.doc,THE DNA MOLECULE.doc,.doc,document,24576,0.02,1164276738.0,0,UNLIKELY,False,,edd8a193bfef46943ed481ed21a4fd671dab51a7644456b2c3873bcf98ac38a4,1
3\My Documents\The Equinox.doc,The Equinox.doc,.doc,document,25088,0.02,1206209448.0,0,UNLIKELY,False,,6cd04ab2d3b31c30eb177166aea07bb344fafefb394b510a2c40ea72ffde4d25,1
3\My Documents\THE KISS.doc,THE KISS.doc,.doc,document,72192,0.07,1273800726.0,0,UNLIKELY,False,,d58d48fa9223aacc787b349526b69ec340644724a88bcb7e931dde53b719236c,1
3\My Documents\The Letter.doc,The Letter.doc,.doc,document,21504,0.02,1218502058.0,0,UNLIKELY,False,,930693234af7d7adf485c931abd75330f60eb0d17cc8372695ad8f229ee472fc,1
3\My Documents\The Man In The Water from TIME.doc,The Man In The Water from TIME.doc,.doc,document,35840,0.03,1273800904.0,0,UNLIKELY,False,,54305dda91da5fe327029ef9378fbbedf8ac4861e5918953586d2c2525e3770e,1
3\My Documents\The Nordic Nine Worlds.doc,The Nordic Nine Worlds.doc,.doc,document,42496,0.04,1205299538.0,0,UNLIKELY,False,,1d51f5836d8155fdd6bb6cd0b09c138845d44a1c415e93ffb2bc1d2f0c117e4e,1
3\My Documents\The Norse Way.doc,The Norse Way.doc,.doc,document,58368,0.06,1207208538.0,0,UNLIKELY,False,,f10666c2af89d72f416ff3d2d4421bb18989b27ea2cfb48e37c494badb453dac,1
3\My Documents\The Plot Formula for Dallas handout.doc,The Plot Formula for Dallas handout.doc,.doc,document,30208,0.03,1167679536.0,3,LOW,False,,70f8928b5a2198b2c5959cb0cf094bbab437b6d97272a9a0f9104d41a566f211,1
3\My Documents\The Princess Royal is Colonel of the Regiment.doc,The Princess Royal is Colonel of the Regiment.doc,.doc,document,190976,0.18,1217870600.0,0,UNLIKELY,False,,b34bb8fc4ca306fc3dabaf4e1bfc2e91d73a133fb6d071b85128fba8e225ce29,1
3\My Documents\THE PROMS.doc,THE PROMS.doc,.doc,document,32768,0.03,1159764936.0,0,UNLIKELY,False,,e6d86369626a9205c89d678e6b46c2dfab238be5a08e29000fac05a5cce4208e,1
3\My Documents\The Railroad Barons.doc,The Railroad Barons.doc,.doc,document,54784,0.05,1183936180.0,0,UNLIKELY,False,,0095bd2548a47e3bf708fdcb875016e084fdb7e8c85f3d562225880c4039dbba,1
3\My Documents\The Story of the.pdf,The Story of the.pdf,.pdf,document,811098,0.77,1275197926.0,66,HIGH,True," The Story of the LaFayette Escadrille TOLD BY ITS COMMANDER CAPTAIN GEORGES THENAULT To THE Memory of CHAPMAN, ROCKWELL, PRINCE, MacCONNELL, GENET, DRESSY, HOSKIER, DE LAAGE, DE Meux, MacMONAGLE. CAMPBELL, LUFBERY. MY COMPANIONS IN ARMS, A TRIBUTE OF SUPREME ADMIRATION. J177584 PREFACE My dear Captain, I accept with pleasure the task of introducing your fine book to the French and American pub- ",8bc0eb624dcb4576d93aa4711a08bdb4579efc1017af924977cb60906f5f4e6b,1
3\My Documents\The Story of the.txt,The Story of the.txt,.txt,document,236991,0.23,1275197974.0,66,HIGH,True,"﻿----------------------- Page 1----------------------- The Story of the LaFayette Escadrille TOLD BY ITS COMMANDER CAPTAIN GEORGES THENAULT To THE Memory of CHAPMAN, ROCKWELL, PRINCE, MacCONNELL, GENET, DRESSY, HOSKIER, ----------------------- Page 2----------------------- DE LAAGE, DE Meux, MacMONAGLE. CAMPBELL, LUFBERY. MY COMPANIONS IN ARMS, A TRIBUTE OF SUPREME ADMIRATION. J177584 PREFACE My dear Captain, I accept with pleasure the task of introduc",79d5509a240f0796000278100caaf5dab53fa0569d4a0eae81172642989c2667,1
3\My Documents\The Universal Life Church Credential.doc,The Universal Life Church Credential.doc,.doc,document,43008,0.04,1282075652.0,0,UNLIKELY,False,,77c12c31052e42a99f0331dd7f522216f8f151f45f6258d42ad3aa30167d97a9,1
3\My Documents\thescotsman_scotsman_com.htm,thescotsman_scotsman_com.htm,.htm,other,114534,0.11,1220914418.0,0,UNLIKELY,False,,e83c6fa3314b02c99866e353ea860109afc51a9832f772434c97125539b39ab0,1
3\My Documents\Thorn Apple Amenities.doc,Thorn Apple Amenities.doc,.doc,document,42496,0.04,1153718140.0,0,UNLIKELY,False,,ee9d3cda3f1b04e557c6bff742325b5a8a0e0a8cf38dc52e2f39113467925c52,1
3\My Documents\thorn apples letter.doc,thorn apples letter.doc,.doc,document,30208,0.03,1147832216.0,0,UNLIKELY,False,,5281627b51abd8ba00ff6f8e453eabacc99a6ad134b324efe658c1297afac683,1
3\My Documents\thorn apples logo.doc,thorn apples logo.doc,.doc,document,41984,0.04,1284709738.0,0,UNLIKELY,False,,36d8a2b475df4e3bd522c7822c651323ae62f8f5ed94b3aaf8a9d34f20b08fb6,1
3\My Documents\Thorn Apples Prospectus.doc,Thorn Apples Prospectus.doc,.doc,document,32768,0.03,1146116720.0,0,UNLIKELY,False,,07d66e3b1376be008e89a1e907f0d02c9c217c16f056d281a1ccde065d7399c3,1
3\My Documents\THORN APPLES.ppt,THORN APPLES.ppt,.ppt,other,212480,0.2,1167607328.0,0,UNLIKELY,False,,2c55cff3d41d63b8c332fc1438fcb53d51939c784e053bc093efb38564e651f2,1
3\My Documents\THORN APPLES2.ppt,THORN APPLES2.ppt,.ppt,other,225792,0.22,1142668992.0,0,UNLIKELY,False,,5c1a7140e444bfc7f9ee4039e4f76aad12649185d832d370c63f4997983071c3,1
3\My Documents\Three lives in the water.doc,Three lives in the water.doc,.doc,document,50176,0.05,1193792910.0,0,UNLIKELY,False,,430d7f7261139404e517817683d1c4bd45a82cf2ea685f7d0599a4b46327a708,1
3\My Documents\Thumbs.db,Thumbs.db,.db,other,136192,0.13,1221458934.0,0,UNLIKELY,False,,1da2b5457501c591736c41d9ed4ceb76a79d1301073eeefd42c6e3f70d969aa6,1
3\My Documents\THX_Movie_Intro.wma,THX_Movie_Intro.wma,.wma,audio,533585,0.51,1243400150.0,1,UNLIKELY,False,,2c5bd61b396af042fdfe1fc1042da4d0a84e31fce081b9c36f402f4ececb2594,1
3\My Documents\tighar tracks.pdf,tighar tracks.pdf,.pdf,document,778678,0.74,1249336538.0,57,HIGH,True,"December 11, 1991 © TIGHAR 1991 Volume 7, Number 5 We’re going to know. We don’t know yet, but we now know that we’re going to know whether or not Amelia Earhart and Fred Noonan landed their Lockheed at Nikumaroro. TIGHAR’s most recent expedition to that far away island has returned with airplane wreckage – bits and pieces of aluminum and other materials which were, without question, once part of an airplane. The artifacts recovered are of sufﬁcient variety and complexity to permit a c",b5735fd702074d0d707c4098751eaee94976dc6eb72809e87336f1b16955ca11,1
3\My Documents\Timi's birthday--2008.doc,Timi's birthday--2008.doc,.doc,document,25600,0.02,1211872688.0,0,UNLIKELY,False,,93d35099b2a4d750abdf10b1c52f0b88ac1a276b752961be54efa5c3b3110353,1
3\My Documents\Tim_Wheat_Background_[1].pdf,Tim_Wheat_Background_[1].pdf,.pdf,document,1351777,1.29,1181405286.0,8,POSSIBLE,True,"lntelius People Search - Public Records, Background Checks & More. - lntelius- ' Page 1 of 10 tlember Status: li:::,, : reiasersidaol.conr [siSn Out] Customer Se|' l€e: 425.974.6100{ rnrek;u= tP Purt{ic. R€caltt lnformrtion Your credit card statement wlll reflect a charqe from li:telius. Your transactlon was successful. lul9,95 has been charged to your account. Your Order Number is 8124094, You mav contact our Cu3tom.. Suppo.t 45.974.6100 with any questlons' lsaarrh Summr.y llamc Drt. Of Blrth R",f099043338de52f04ad0f2c5128f09c0cb7a2731bdf08a634e83638a7bd58eb2,1
3\My Documents\Titan.doc,Titan.doc,.doc,document,31232,0.03,1204083892.0,0,UNLIKELY,False,,2016052a2128f8a220c8d59ad678262c65e1662e98f3094b7893e85406cb1c90,1
3\My Documents\Tommy.doc,Tommy.doc,.doc,document,21504,0.02,1223333858.0,0,UNLIKELY,False,,517da34cb5fcd3cf13d88519baa30f3531615dd544c41636dd9905010bf2d3f7,1
3\My Documents\Track No04.mp3,Track No04.mp3,.mp3,audio,3391867,3.23,1212379522.0,1,UNLIKELY,False,,2aba21c6c7c81d15fa4899da3b071f17e998656d5eb847d89220fe594bd61579,1
3\My Documents\TRAVEL EXPENSES NANCY 2006.doc,TRAVEL EXPENSES NANCY 2006.doc,.doc,document,19968,0.02,1183802674.0,0,UNLIKELY,False,,6ac8466493d236653824d9a8774f57a434aa60757c5e3ba5cce55186a160e3b1,1
3\My Documents\TREES.doc,TREES.doc,.doc,document,34304,0.03,1145731178.0,0,UNLIKELY,False,,c2b9e09430139bbcff8f956d059c0ab326be314409156b6068ec8f1d55b57bb5,1
3\My Documents\Trivia 1.doc,Trivia 1.doc,.doc,document,29696,0.03,1190510852.0,0,UNLIKELY,False,,5584485cdf18d4ae6538fd364f2b81a14d8bed5cb913d68254cdd92d178a69bd,1
3\My Documents\U. S. Constitution.doc,U. S. Constitution.doc,.doc,document,146944,0.14,1195854348.0,0,UNLIKELY,False,,498214cd76690b6a509844db9024d01b3e72fdc043f5f27098df7b2ee0ff8ba7,1
3\My Documents\Umatilla Hills Plan.doc,Umatilla Hills Plan.doc,.doc,document,85504,0.08,1142801350.0,0,UNLIKELY,False,,82a4f18368268366489b84be9e7808e49557b26fce309216b8662fa29e7fcfb8,1
3\My Documents\URL for 'Lectric Law.doc,URL for 'Lectric Law.doc,.doc,document,24064,0.02,1145916074.0,0,UNLIKELY,False,,9545ee731f09a58136f7aa5388f77fa224cdf1566988d671ccc7290fffbab3d2,1
3\My Documents\USCompanies.doc,USCompanies.doc,.doc,document,133120,0.13,1185852352.0,0,UNLIKELY,False,,e20c6c84b1c7e70c4ec142b46dc91504a428daecfd5169fb44498c2818a592ab,1
3\My Documents\verizon.doc,verizon.doc,.doc,document,19968,0.02,1170913320.0,0,UNLIKELY,False,,36d881ee8d5bca185da5388d19f6a8f95b24dea35f8b89d2c760fd42eda9565f,1
3\My Documents\Vermont Butterflies.doc,Vermont Butterflies.doc,.doc,document,227328,0.22,1149131644.0,0,UNLIKELY,False,,61ff180c3e1edf7f6efe4e778df0f487f04e4a99ac65a4562b9f27294ea9018d,1
3\My Documents\Vermont Department of Corrections Oct-Dec 2007.doc,Vermont Department of Corrections Oct-Dec 2007.doc,.doc,document,29696,0.03,1204561532.0,0,UNLIKELY,False,,941d366c2f148b6510c1279e5e11da711790ffa06f9907ddd970ba065c248e3b,1
3\My Documents\VERMONT JUDICIAL BUREAU motion 12.6.doc,VERMONT JUDICIAL BUREAU motion 12.6.doc,.doc,document,25600,0.02,1165239780.0,0,UNLIKELY,False,,09fec7145588b1c27d86e3c104d1824bcd43c470a6ca4ea3e343ac2314178c00,1
3\My Documents\vettriano.doc,vettriano.doc,.doc,document,116736,0.11,1220925470.0,0,UNLIKELY,False,,9d9427b3f8a4cc7fc8ebc1eba4a1dddb3dc6ea4b333c32f3f7ec58e4c708c26a,1
3\My Documents\VIARAIL MAP.pdf,VIARAIL MAP.pdf,.pdf,document,252073,0.24,1183606030.0,0,UNLIKELY,True,Halifax Bathurst Campbellton Percé Gaspé Matapédia Mont-Joli Rimouski Rivière-du-Loup Québec Montréal Ottawa Brockville Kingston Belleville Niagara Falls Windsor Sarnia Stratford Kitchener Sudbury Jct. White River Sioux Lookout Winnipeg Edmonton Jasper Kamloops Prince George Prince Rupert Courtenay Nanaimo Victoria Vancouver Saskatoon The Pas Thompson Churchill Pukatawagan Senneterre Jonquière Hervey T oronto Aldershot (Hamilton) London Truro Amherst Moncton Detroit * Sudbury Dorval New Y ork * ,f9a1e0d94997141f7d626adadee384f4de78547ea14939a26fbed76bc8c23142,1
3\My Documents\VIDAL.pdf,VIDAL.pdf,.pdf,document,65864,0.06,1141594266.0,51,HIGH,True,"The Enemy Within by Gore Vidal London, 27 October 2002 The Observer Gore Vidal is America’s most controversial writer and a ferocious, often isolated, critic of the Bush administration. Here, against a backdrop of spreading unease about America’s response to the events of 11 September 2001 and their aftermath, we publish Vidal’s remarkable personal polemic urging a shocking new interpretation of who was to blame. Contents Introduction Why the US needed a Eura",95ce112d6ff20af77e911e44c0043c76da2c36e462b28949ccbc817233893b9c,1
3\My Documents\Video Warning From Afghanistan.doc,Video Warning From Afghanistan.doc,.doc,document,24576,0.02,1152945932.0,0,UNLIKELY,False,,bcf3ad09ede797ceacc1b4643b0003500ae59d38c0c4c769946f73b1b3073e1d,1
3\My Documents\Vietnam poetry.doc,Vietnam poetry.doc,.doc,document,25600,0.02,1197529922.0,0,UNLIKELY,False,,59aee08bda09e1bbf83b2db840258cfa73aea4b0cf76b04710f03f1b6df26d27,1
3\My Documents\VIN.doc,VIN.doc,.doc,document,25088,0.02,1154847158.0,0,UNLIKELY,False,,9d941656d8c3bd51b39760754eb4ceb6d48e298580b67012401ca79a4a089c03,1
3\My Documents\VOSHA.doc,VOSHA.doc,.doc,document,25088,0.02,1213810224.0,0,UNLIKELY,False,,4b42608b9f8fdce8f7fa573d69b8f14b12b13c9930399c490adb74cb47176e18,1
3\My Documents\VPR.doc,VPR.doc,.doc,document,26624,0.03,1148240968.0,0,UNLIKELY,False,,f4afaf51c188065acd26864e31ed9010e7147da07df95c7623053df0ca55db3e,1
3\My Documents\VSOEMORMIN.doc,VSOEMORMIN.doc,.doc,document,172032,0.16,1210046024.0,0,UNLIKELY,False,,40483f7458c64d751db1de5327d90c5573e8103c2d327ff49a2f6e4d2cb68cb2,1
3\My Documents\VT LIVING WILL.doc,VT LIVING WILL.doc,.doc,document,54272,0.05,1158639358.0,0,UNLIKELY,False,,602faf4c69c02183726bd4c365a6ec398f23affe616048315496f04d12d6e115,1
3\My Documents\VTtax July 2009.doc,VTtax July 2009.doc,.doc,document,41984,0.04,1248635864.0,0,UNLIKELY,False,,48b64fca7532ca1e74263af1157d08f0a9ff3dcb875020683325eb1740d2a476,1
3\My Documents\Washington At The River.doc,Washington At The River.doc,.doc,document,30208,0.03,1174341554.0,0,UNLIKELY,False,,af22517b48055e43ecb4b4ec6ac1dd48797c983149d04a3be5fe70f10b84016f,1
3\My Documents\Wehrmacht and Waffen SS Ranks.doc,Wehrmacht and Waffen SS Ranks.doc,.doc,document,46592,0.04,1134813464.0,0,UNLIKELY,False,,3d02b164cf39e32311a55676b5ce936a13715b95b2abf22eb8cc9b23e6f33c9e,1
3\My Documents\welch54fordsunlinerconv.jpg,welch54fordsunlinerconv.jpg,.jpg,image,95593,0.09,1187164442.0,0,UNLIKELY,False,,b31da129726deb529aff41d619278ab0658b27b65adca5103dc1b78e796450b5,2
3\My Documents\welcome_to_paradise_canvas.jpg,welcome_to_paradise_canvas.jpg,.jpg,image,113435,0.11,1382992726.0,0,UNLIKELY,False,,4f20bce3b3b05aa52c18895acdff76f0e3f6ce41842b226497164169ef2eb933,1
3\My Documents\What.doc,What.doc,.doc,document,46080,0.04,1194395820.0,0,UNLIKELY,False,,dc269716f225916595ebcc2b4f318ddbd4e0bb1872f18313de24cb6143ce008b,1
3\My Documents\white buffalo stones.jpg,white buffalo stones.jpg,.jpg,image,66772,0.06,1156095418.0,0,UNLIKELY,False,,b6d9f46c382545c434e532598e20760812ad3c1f7dd6b0366f59085f3c9e7fe9,2
3\My Documents\white buffalo2.jpg,white buffalo2.jpg,.jpg,image,10853,0.01,1156094706.0,0,UNLIKELY,False,,9ac306a06919ce65105b82dca4446735c9093a131490a633e7fc9dde0c7865eb,2
3\My Documents\Why we do what we do.doc,Why we do what we do.doc,.doc,document,23552,0.02,1272611306.0,0,UNLIKELY,False,,ce4f240b74728cee2f3e9b8186355ea6393fc108bd244b69647f085ae8749eb9,1
3\My Documents\wildtexiris.bmp,wildtexiris.bmp,.bmp,image,14745654,14.06,1150440794.0,0,UNLIKELY,False,,199a2ee877577a91d9cfd24fc54601e1d2d864e7af948e2054c3bfde9ed6ef4d,2
3\My Documents\Winchester 1200.jpg,Winchester 1200.jpg,.jpg,image,7605,0.01,1180365686.0,0,UNLIKELY,False,,57a8e34b25cb4ed2a954da95a2933c424705861dc7c5bb1e1f831a1cfcc49f07,2
3\My Documents\winterlightandlavenderm.jpg,winterlightandlavenderm.jpg,.jpg,image,21069,0.02,1217877662.0,0,UNLIKELY,False,,cddd62507f79f3ea3231ba38ef8ec65ea79a85c52bb1cc8e762dd70a902bc807,2
3\My Documents\Winter_on_the_Central_Vermont.jpg,Winter_on_the_Central_Vermont.jpg,.jpg,image,100767,0.1,1158346140.0,0,UNLIKELY,False,,ef3317e65e7d56b56c10d23b48f5da5bf2d2005adf9d6d09f446b3182c167936,2
3\My Documents\WMP ERROR CODE 80040155.doc,WMP ERROR CODE 80040155.doc,.doc,document,24064,0.02,1157085352.0,0,UNLIKELY,False,,3d629fa43106dac92d5e6548f56265e849a7cb7131179c2c048fe9c381a30eae,1
3\My Documents\Wobbly Lingo.doc,Wobbly Lingo.doc,.doc,document,140288,0.13,1236576276.0,0,UNLIKELY,False,,a0af872bccd92eb1eb24a99c1167849fe8d2d09e743e60dc628403bc09a448b4,1
3\My Documents\WOBBLY PIN.jpg,WOBBLY PIN.jpg,.jpg,image,45667,0.04,1183528542.0,0,UNLIKELY,False,,fdac51b6f896d6092d14a3687bc016f2ba2d5202c46a348310990085b399bf1c,3
3\My Documents\workers4a.jpg,workers4a.jpg,.jpg,image,16485,0.02,1209625380.0,0,UNLIKELY,False,,0077b205f8195b9afedd0416f164a9eedabe2b2d8525f560b907fa1226280de7,3
3\My Documents\ws.jpg,ws.jpg,.jpg,image,74329,0.07,1215730348.0,0,UNLIKELY,False,,00eeceae4ded75d78660f0fe0b6196b7744fc9f2d4ae3f365c5b7641b19105d9,3
3\My Documents\WWConstitution.pdf,WWConstitution.pdf,.pdf,document,713814,0.68,1183522970.0,28,HIGH,True,"IWW CONSTITUTION & BYLAWS PAGE 1 As Amended Through January 1, 2005 Organized July 7, 1905 Industrial Workers of the World Preamble & Constitution of the PAGE 2 IWW CONSTITUTION & BYLAWS Table of Contents Preamble..........................................3 ARTICLE I: Name and Structure.....3 Departments.....................................3 Industrial Unions.............................4 Regional Organizing Committees....4 ARTICLE II: Membership................5 Job Branches.....................",7c4e803aae69d8a9e32fac6189a08d280801a8cb41322f754dc88c34fcabf922,1
3\My Documents\Young Dutch.pdf,Young Dutch.pdf,.pdf,document,61348,0.06,1273820374.0,0,UNLIKELY,False,,c247990a7db4d003f8f919230d3dcb75fb1216cdf6699d2a3eef31e8b49b926a,1
3\My Documents\ZARA.gif,ZARA.gif,.gif,image,2904,0.0,1188167268.0,0,UNLIKELY,False,,1cb37f65581728d583bac67a3d447fdffb09230a71919e1a25ad8d6e04abf4bf,3
3\My Documents\zoning.pdf,zoning.pdf,.pdf,document,147532,0.14,1153541490.0,64,HIGH,True,"39 ZONING AND SUBDIVISION THE ADOPTION PROCESS Section III Overview Land use regulations are adopted, amended and repealed using a single process established by statute. The planning commission, selectboard and voters all have well-defined roles, which may vary depending upon whether the bylaw was submitted by petition, and whether the town is a “rural” or “urban” municipality. ­ Valid Town Plan. A pre-requisite for adopting zoning and subdivision bylaws and shoreline regulations is having in",2c4a8f01c0574d5ddc37d7e43427a38c3e420d551460f2cec303fd0b81aa86b6,1
3\My Documents\Ace Utilities Backups\09_Jul_2009_11_08_03_PM.reg,09_Jul_2009_11_08_03_PM.reg,.reg,other,1735432,1.66,1247191686.0,0,UNLIKELY,False,,3c9754a05b43480c146a071e5ec2644afe283493633a3a831940d78eaec7b6bf,1
3\My Documents\Ace Utilities Backups\09_Jul_2009_11_11_17_PM.reg,09_Jul_2009_11_11_17_PM.reg,.reg,other,35204,0.03,1247191878.0,0,UNLIKELY,False,,613c19800276aefdd7b829b7c805d9123858100ef2760e60dd0f5bc39a5683b9,1
3\My Documents\Ace Utilities Backups\09_Jul_2009_11_11_58_PM.reg,09_Jul_2009_11_11_58_PM.reg,.reg,other,9472,0.01,1247191920.0,0,UNLIKELY,False,,c65335c2e2273e8243dea48a7a14d422392126f1381e9146b7b2a02c441747d3,1
3\My Documents\Ace Utilities Backups\09_Jul_2009_11_15_13_PM.reg,09_Jul_2009_11_15_13_PM.reg,.reg,other,2128,0.0,1247192114.0,0,UNLIKELY,False,,c234a4ff10d9e16b474a799679d690c51c4ea5b76b594b2e4d4ca5a3a542fdab,1
3\My Documents\detectionkit\Bartz Notice of Appearance 7.7.08.doc,Bartz Notice of Appearance 7.7.08.doc,.doc,document,76288,0.07,1215987870.0,0,UNLIKELY,False,,6bac5acfa71af7448bf054e22b9f330235f73123c20ff90cc581cbb308d9a518,1
3\My Documents\detectionkit\FlashPlayerDetectionKit_StartHere.pdf,FlashPlayerDetectionKit_StartHere.pdf,.pdf,document,440595,0.42,1147478688.0,6,LOW,True,"1 Flash Player Detection Kit by Michael Williams August2005 Copyright © 2005 Macromedia, Inc. All rights reserved. The information contained in this document represents the current view of Macromedia on the issue discussed as of the date of publication. Because Macromedia must respond to changing market conditions, it should not be interpreted to be a commitment on the part of Macromedia, and Macromedia cannot guarantee the accuracy of any information presentedafter the date of publication. T",0b3e80970bdf9982ce814ce82a1efbe6d6d451220743c2a1e5e6e0db50005b48,1
3\My Documents\detectionkit\Thumbs.db,Thumbs.db,.db,other,6144,0.01,1219360402.0,0,UNLIKELY,False,,e188386cf0cf7b3a5f326caae227b238ff74c49a7be96db69e7244b944897fb7,1
3\My Documents\detectionkit\ActionScript Detection\actionscript_example.html,actionscript_example.html,.html,other,792,0.0,1147478690.0,0,UNLIKELY,False,,133d01c16b9584f3a651486bd6736b90be042e6249959f63b985ecdbca5b7f60,1
3\My Documents\detectionkit\ActionScript Detection\flash_AS_detection.as,flash_AS_detection.as,.as,other,5334,0.01,1147478690.0,0,UNLIKELY,False,,e6b9a655049699a0a96e5b1e883357e107028590f1439c18dcb71886cf97a60a,1
3\My Documents\detectionkit\ActionScript Detection\flash_AS_detection.fla,flash_AS_detection.fla,.fla,other,39424,0.04,1147478692.0,0,UNLIKELY,False,,8e3e214556e99722ebc96d832f9ba12d7f4e2a80c3d3aa5fa21fc072afbd06eb,1
3\My Documents\detectionkit\ActionScript Detection\flash_AS_detection.swf,flash_AS_detection.swf,.swf,other,3072,0.0,1147478692.0,0,UNLIKELY,False,,c502e3f3c0709b3a8dc5372d84d44cc714f842ada93f45188824b000e97a1de0,1
3\My Documents\detectionkit\ActionScript Detection\flash_content\example.swf,example.swf,.swf,other,1342,0.0,1147478696.0,0,UNLIKELY,False,,5f882c502b64e2c9e8dde8d7956d51c50f9ee8b1fb17ead500e0393e15ab9f83,3
3\My Documents\detectionkit\ActionScript Detection\flash_content\flash_content.html,flash_content.html,.html,other,760,0.0,1147478696.0,0,UNLIKELY,False,,0716b631800262dec97d3c5c3ac3c55aeb0fbdc7fe1921ed43a9705bf8cfba3c,1
3\My Documents\detectionkit\ActionScript Detection\upgrade_flash\upgrade_flash.html,upgrade_flash.html,.html,other,1534,0.0,1147478698.0,0,UNLIKELY,False,,279fedf95d5e1df0f0af3e79309c6e5d58c4bef65dd99e49ae6723f7afad91d3,1
3\My Documents\detectionkit\Client-Side Detection\ClientSideDetection.html,ClientSideDetection.html,.html,other,6264,0.01,1147478702.0,0,UNLIKELY,False,,0803a9c44c136b5586d80cdf59cf03a0afa7b49bd785042d93f38fbe22df16cb,1
3\My Documents\detectionkit\Client-Side Detection\example.swf,example.swf,.swf,other,1342,0.0,1147478702.0,0,UNLIKELY,False,,5f882c502b64e2c9e8dde8d7956d51c50f9ee8b1fb17ead500e0393e15ab9f83,3
3\My Documents\detectionkit\Express Installation\example.swf,example.swf,.swf,other,1342,0.0,1147478704.0,0,UNLIKELY,False,,5f882c502b64e2c9e8dde8d7956d51c50f9ee8b1fb17ead500e0393e15ab9f83,3
3\My Documents\detectionkit\Express Installation\playerProductInstall.as,playerProductInstall.as,.as,other,754,0.0,1147478706.0,0,UNLIKELY,False,,1f3e9cee4ce1b77d45f25a5a101917788595e47b10d661e471a180dc093a091c,1
3\My Documents\detectionkit\Express Installation\playerProductInstall.fla,playerProductInstall.fla,.fla,other,45056,0.04,1147478706.0,0,UNLIKELY,False,,bb15bd4b2a9458879466f55bb53f996290bddbc145dbb52e95a86d3649a65178,1
3\My Documents\detectionkit\Express Installation\playerProductInstall.html,playerProductInstall.html,.html,other,8081,0.01,1147478708.0,0,UNLIKELY,False,,90ba3b6c3578edc61f4c63d4cf23bcd0b48678942c5494b9d555f54525af41ab,1
3\My Documents\detectionkit\Express Installation\playerProductInstall.swf,playerProductInstall.swf,.swf,other,657,0.0,1147478710.0,0,UNLIKELY,False,,05a1649c572994fa677cd1cff908d6e9354c5b66e322cef3f452092d73f0fc78,1
3\My Documents\detectionkit\Express Installation\playerProductInstallCallback.as,playerProductInstallCallback.as,.as,other,783,0.0,1147478710.0,0,UNLIKELY,False,,6ffb4b021e943cbb1473de4dfdd904f660d07bb790d14089dd9936548c5c9b51,1
3\My Documents\encryptx\NEWYORKR.TTF,NEWYORKR.TTF,.ttf,other,37264,0.04,1136712874.0,0,UNLIKELY,False,,8f3abd2af35dce012c743a6843e2dcae90a316a477d9266339d67ab0f654c62e,1
3\My Documents\encryptx\enxTempOpen\Scrap.shs,Scrap.shs,.shs,other,45585408,43.47,1219360428.0,0,UNLIKELY,False,,ce0d2bd04f29719a3cd76ebb3687e6a4c0fa6ffad44fc134dcfe515a52090b3b,1
3\My Documents\Five Sided Print_files\Blackpixel.gif,Blackpixel.gif,.gif,image,77,0.0,1184631734.0,0,UNLIKELY,False,,beadb4e6766293983703220dabdf401be8f8d246598951be8fdb390a515e3588,1
3\My Documents\Five Sided Print_files\CabanaVillageLogoB.gif,CabanaVillageLogoB.gif,.gif,image,3338,0.0,1184631412.0,0,UNLIKELY,False,,9797b5e3bcc3a012f677c781fcbacac9a776b28e554f99465a503d59a5d848f8,1
3\My Documents\Five Sided Print_files\CabanaVillageLogoC.gif,CabanaVillageLogoC.gif,.gif,image,2380,0.0,1184635346.0,0,UNLIKELY,False,,eefacf1e378e2f68964f23612c8d3a5ee9eab0e717251b94c4381a639fd732b4,1
3\My Documents\Five Sided Print_files\d4_4pc.gif,d4_4pc.gif,.gif,image,954,0.0,1184633224.0,0,UNLIKELY,False,,e5182c378d6a7845ea2a7edf5a00afb80247015f762462c937286ba69650b454,1
3\My Documents\Five Sided Print_files\d9_4pc.gif,d9_4pc.gif,.gif,image,1301,0.0,1184632518.0,0,UNLIKELY,False,,e5c8a5c574e27721ebee798019f418882c7902f74d9f4c50e3b1f7d69bc58551,1
3\My Documents\Five Sided Print_files\fr_16_cleft_4pc.gif,fr_16_cleft_4pc.gif,.gif,image,1993,0.0,1184633578.0,0,UNLIKELY,False,,39d45986786dd96a771cc574bf9cac45d00f2040e3ec03e194679fa7b4102792,1
3\My Documents\Five Sided Print_files\fr_16_cright_4pc.gif,fr_16_cright_4pc.gif,.gif,image,1982,0.0,1184633578.0,0,UNLIKELY,False,,a8ed457960f2d424096d77f1b691a801ac1239aab741374091d538ed95a42a95,1
3\My Documents\Five Sided Print_files\fr_16_left_4pc.gif,fr_16_left_4pc.gif,.gif,image,2670,0.0,1184633578.0,0,UNLIKELY,False,,11d072dd96e17cf39c8006b489b48218f6c4e30d7c903b4a15c88e12e71561a7,1
3\My Documents\Five Sided Print_files\fr_16_right_4pc.gif,fr_16_right_4pc.gif,.gif,image,2677,0.0,1184633580.0,0,UNLIKELY,False,,50bcbbc42899459ec8917861210eff5f303e12be9f2f5db567ff4069898b1c87,1
3\My Documents\Five Sided Print_files\hr_16_left_4pc.gif,hr_16_left_4pc.gif,.gif,image,2032,0.0,1184633580.0,0,UNLIKELY,False,,3fbca6ee800166f5632942ee92ed38e3e1dd57f77ed3a832b0e9004aed8a3c56,1
3\My Documents\Five Sided Print_files\hr_16_right_4pc.gif,hr_16_right_4pc.gif,.gif,image,2019,0.0,1184633582.0,0,UNLIKELY,False,,7116e287eb30dabf40b4a3650a5cf4122dc87e9adc2958d2221fc316a06bdeb8,1
3\My Documents\Five Sided Print_files\New Picture.bmp,New Picture.bmp,.bmp,image,2490154,2.37,1190267336.0,0,UNLIKELY,False,,3715811e67f1eaabe37f3477ac9c90587b139fc8152cce420197d632237687ab,1
3\My Documents\Five Sided Print_files\o8_4pc.gif,o8_4pc.gif,.gif,image,241,0.0,1184633170.0,0,UNLIKELY,False,,ccecd0d8be9d014dc96f379abacfc1c3b10f3cb91a2c44e0e052f5aef56d2d3a,1
3\My Documents\Five Sided Print_files\o9_4pc.gif,o9_4pc.gif,.gif,image,247,0.0,1184633138.0,0,UNLIKELY,False,,79c21a77662fb4c88cc83124d48d314a79534b800b20f88a20bcc3e35b7affc1,1
3\My Documents\Five Sided Print_files\Thumbs.db,Thumbs.db,.db,other,54272,0.05,1204180858.0,0,UNLIKELY,False,,96836585d30af43efe390fa47deae5590386a67609fd70243b8b6bdde2114505,1
3\My Documents\Five Sided Print_files\tsp(1).gif,tsp(1).gif,.gif,image,43,0.0,1184631402.0,0,UNLIKELY,False,,e586a84d8523747f42e510d78e141015b6424cf67d612854e892a7bcedc8ec9e,2
3\My Documents\Five Sided Print_files\tsp.gif,tsp.gif,.gif,image,43,0.0,1184631730.0,0,UNLIKELY,False,,e586a84d8523747f42e510d78e141015b6424cf67d612854e892a7bcedc8ec9e,2
3\My Documents\Five Sided Print_files\w19_4pc.gif,w19_4pc.gif,.gif,image,825,0.0,1184632922.0,0,UNLIKELY,False,,dd5ea1353d86e662d826b97c44126a6e9e6c3c042f32a7a5ef7717e0e8fe967b,1
3\My Documents\Five Sided Print_files\wall_center1ft_4pc.gif,wall_center1ft_4pc.gif,.gif,image,159,0.0,1184631730.0,0,UNLIKELY,False,,0d5900c819f61609a70d21dd572ed67e64e7ab7f88d015d90972ecc816d3b037,1
3\My Documents\Five Sided Print_files\wall_left_4pc.gif,wall_left_4pc.gif,.gif,image,401,0.0,1184631730.0,0,UNLIKELY,False,,6d97104e1d0f46b20d227c29be303e96d4641b3b8f9356414298a04ade502546,1
3\My Documents\Five Sided Print_files\wall_right_4pc.gif,wall_right_4pc.gif,.gif,image,403,0.0,1184631730.0,0,UNLIKELY,False,,3e77bf3772cfc43b60df6f16191dd65fe10800cf16e9100da95dc80324a9c5c2,1
3\My Documents\My BP\MyBP_chaput.bak,MyBP_chaput.bak,.bak,other,7837,0.01,1250913766.0,0,UNLIKELY,False,,86930867092673c9da1948d087a4127b6e42eaf4d7daaafbf8a262f770f08a90,1
3\My Documents\My BP\MyBP_chaput.tsf,MyBP_chaput.tsf,.tsf,other,7980,0.01,1251179758.0,0,UNLIKELY,False,,0a8d8f8021dab51028bef3527c12eb1145d98c6b2ea4ff838b668d7297b73ec4,2
3\My Documents\My BP\MyBP_chaput.xml,MyBP_chaput.xml,.xml,other,7980,0.01,1251179758.0,0,UNLIKELY,False,,0a8d8f8021dab51028bef3527c12eb1145d98c6b2ea4ff838b668d7297b73ec4,2
3\My Documents\My BP\Backup Files\MyBPBackup_August2009chaput.xml,MyBPBackup_August2009chaput.xml,.xml,other,3690,0.0,1249178136.0,0,UNLIKELY,False,,c89226af92aa9b6598c868372117ebeedd5795bd570404c394c01f6a84ee44d6,1
3\My Documents\My BP\Backup Files\MyBPBackup_July2009chaput.xml,MyBPBackup_July2009chaput.xml,.xml,other,687,0.0,1248324716.0,0,UNLIKELY,False,,b2b997296ccf7d0f717644634c9983cb63d5b1253762b60f841ba3a20f89705f,1
3\My Documents\My Google Gadgets\Analog Clock-Google.gg,Analog Clock-Google.gg,.gg,other,11367,0.01,1193104054.0,0,UNLIKELY,False,,e9959a92b354120a8e3553d7d1836c4373748d4f11b97cbcdedf6a7106f2e78a,1
3\My Documents\My Google Gadgets\Francesca.nrj,Francesca.nrj,.nrj,other,11498,0.01,1213041452.0,0,UNLIKELY,False,,74c2dfe1b4646a3ed88e1094ddf4d640b0478d7fa957f62f29c52ba7247fa4b6,1
3\My Documents\My Google Gadgets\ISO1.nri,ISO1.nri,.nri,other,802,0.0,1214303240.0,0,UNLIKELY,False,,41465e8c09d92e7c364e89ef25939abbfd1e339c3c7a6fa30a2454705f19eae1,1
3\My Documents\My Google Gadgets\JukeBox1.nrj,JukeBox1.nrj,.nrj,other,521,0.0,1213041714.0,0,UNLIKELY,False,,80a29974a8cdce3b56565356f97241626321f045b80869622227048e5dffef96,1
3\My Documents\My Google Gadgets\MP3s.nrj,MP3s.nrj,.nrj,other,521,0.0,1212181608.0,0,UNLIKELY,False,,4b989c6d19c19c1f273f5e6a9f16d84309a1b37457221009d9c48ff7e420310b,1
3\My Documents\My Google Gadgets\Weather-Google Inc..gg,Weather-Google Inc..gg,.gg,other,107869,0.1,1193104054.0,0,UNLIKELY,False,,250334ed98168225d5c7c854ccc1ba212fa7810d5efca73027562f089b5f0b89,1
3\My Documents\My Google Gadgets\World Daylight Alarm Clock-Google.gg,World Daylight Alarm Clock-Google.gg,.gg,other,79554,0.08,1191889942.0,0,UNLIKELY,False,,4b73259a40ce64357ec4e74d1e9e9ccc6b9b758d09392c8eb942622f2c838e2e,1
3\My Documents\My Music\01 THX_Movie_Intro.wma,01 THX_Movie_Intro.wma,.wma,audio,533585,0.51,1153874538.0,1,UNLIKELY,False,,89274efa751e93cd3cd52b5711bc8741dfdd2a2a17eacc5f116b946d2c9562cc,3
3\My Documents\My Music\09 Count on Me.ogg,09 Count on Me.ogg,.ogg,audio,4492762,4.28,1217528404.0,1,UNLIKELY,False,,414faf3b204009d9e0d29a9ae19e676edc7e79d2b8599bbb1eed6a9149ab031c,1
3\My Documents\My Music\AlbumArtSmall.jpg,AlbumArtSmall.jpg,.jpg,image,2459,0.0,1222202452.0,0,UNLIKELY,False,,7c913131c52067f0bf9626f8a2a014063ae2a27657121bd12ba0d08a35de5c62,2
3\My Documents\My Music\AlbumArt_{3640D6A7-90AB-4C64-9A3B-E9DBD97934E6}_Large.jpg,AlbumArt_{3640D6A7-90AB-4C64-9A3B-E9DBD97934E6}_Large.jpg,.jpg,image,10156,0.01,1222202452.0,0,UNLIKELY,False,,ad5f31d4c880a3259b23fa3c0c12b492e731933da10c8685b409d00a4a1ddb0b,2
3\My Documents\My Music\AlbumArt_{3640D6A7-90AB-4C64-9A3B-E9DBD97934E6}_Small.jpg,AlbumArt_{3640D6A7-90AB-4C64-9A3B-E9DBD97934E6}_Small.jpg,.jpg,image,2459,0.0,1222202452.0,0,UNLIKELY,False,,7c913131c52067f0bf9626f8a2a014063ae2a27657121bd12ba0d08a35de5c62,2
3\My Documents\My Music\Desktop.ini,Desktop.ini,.ini,other,108,0.0,1265041378.0,0,UNLIKELY,False,,36f0161951ef72c2183573926637e582d73a9a1b47b51926357f2309533a4fb6,1
3\My Documents\My Music\Folder.jpg,Folder.jpg,.jpg,image,10156,0.01,1222202452.0,0,UNLIKELY,False,,ad5f31d4c880a3259b23fa3c0c12b492e731933da10c8685b409d00a4a1ddb0b,2
3\My Documents\My Music\Sample Music.lnk,Sample Music.lnk,.lnk,other,638,0.0,1161239960.0,0,UNLIKELY,False,,f8f2405ed534d9e89e8b419da59e2024c5c7f1d330ca1d2d5da65158d522d604,1
3\My Documents\My Music\Silverlight.exe,Silverlight.exe,.exe,other,1427520,1.36,1213037528.0,0,UNLIKELY,False,,e8f09fa2bb2ce3843a4b2c56a4167aaac349ec14275a7eeefd47b663ef8addec,1
3\My Documents\My Music\Amazon MP3\Andrew Lloyd Webber\Gold_ The Definitive Hits Collection\AMZ19.tmp,AMZ19.tmp,.tmp,other,0,0.0,1265036308.0,0,UNLIKELY,False,,,1
3\My Documents\My Music\Amazon MP3\Andrew Lloyd Webber\Gold_ The Definitive Hits Collection\AMZ1A.tmp,AMZ1A.tmp,.tmp,other,0,0.0,1265036318.0,0,UNLIKELY,False,,,1
3\My Documents\My Music\Amazon MP3\Andrew Lloyd Webber\Gold_ The Definitive Hits Collection\AMZ1B.tmp,AMZ1B.tmp,.tmp,other,0,0.0,1265036330.0,0,UNLIKELY,False,,,1
3\My Documents\My Music\Amazon MP3\Andrew Lloyd Webber\Gold_ The Definitive Hits Collection\AMZ1C.tmp,AMZ1C.tmp,.tmp,other,0,0.0,1265036340.0,0,UNLIKELY,False,,,1
3\My Documents\My Music\Amazon MP3\Andrew Lloyd Webber\Gold_ The Definitive Hits Collection\AMZ1D.tmp,AMZ1D.tmp,.tmp,other,0,0.0,1265036350.0,0,UNLIKELY,False,,,1
3\My Documents\My Music\Amazon MP3\Andrew Lloyd Webber\Gold_ The Definitive Hits Collection\AMZ1E.tmp,AMZ1E.tmp,.tmp,other,0,0.0,1265036360.0,0,UNLIKELY,False,,,1
3\My Documents\My Music\Amazon MP3\Andrew Lloyd Webber\Gold_ The Definitive Hits Collection\AMZ1F.tmp,AMZ1F.tmp,.tmp,other,0,0.0,1265036372.0,0,UNLIKELY,False,,,1
3\My Documents\My Music\Amazon MP3\Andrew Lloyd Webber\Gold_ The Definitive Hits Collection\AMZ20.tmp,AMZ20.tmp,.tmp,other,0,0.0,1265036382.0,0,UNLIKELY,False,,,1
3\My Documents\My Music\Amazon MP3\Andrew Lloyd Webber\Gold_ The Definitive Hits Collection\AMZ21.tmp,AMZ21.tmp,.tmp,other,0,0.0,1265036392.0,0,UNLIKELY,False,,,1
3\My Documents\My Music\Amazon MP3\Andrew Lloyd Webber\Gold_ The Definitive Hits Collection\AMZ22.tmp,AMZ22.tmp,.tmp,other,0,0.0,1265036402.0,0,UNLIKELY,False,,,1
3\My Documents\My Music\Amazon MP3\Andrew Lloyd Webber\Gold_ The Definitive Hits Collection\AMZ23.tmp,AMZ23.tmp,.tmp,other,0,0.0,1265036414.0,0,UNLIKELY,False,,,1
3\My Documents\My Music\Amazon MP3\Andrew Lloyd Webber\Gold_ The Definitive Hits Collection\AMZ24.tmp,AMZ24.tmp,.tmp,other,0,0.0,1265036424.0,0,UNLIKELY,False,,,1
3\My Documents\My Music\Amazon MP3\Andrew Lloyd Webber\Gold_ The Definitive Hits Collection\AMZ25.tmp,AMZ25.tmp,.tmp,other,0,0.0,1265036434.0,0,UNLIKELY,False,,,1
3\My Documents\My Music\Amazon MP3\Andrew Lloyd Webber\Gold_ The Definitive Hits Collection\AMZ26.tmp,AMZ26.tmp,.tmp,other,0,0.0,1265036444.0,0,UNLIKELY,False,,,1
3\My Documents\My Music\Amazon MP3\Andrew Lloyd Webber\Gold_ The Definitive Hits Collection\AMZ27.tmp,AMZ27.tmp,.tmp,other,0,0.0,1265036456.0,0,UNLIKELY,False,,,1
3\My Documents\My Music\Amazon MP3\Andrew Lloyd Webber\Gold_ The Definitive Hits Collection\AMZ28.tmp,AMZ28.tmp,.tmp,other,0,0.0,1265036466.0,0,UNLIKELY,False,,,1
3\My Documents\My Music\Amazon MP3\Andrew Lloyd Webber\Gold_ The Definitive Hits Collection\AMZ29.tmp,AMZ29.tmp,.tmp,other,0,0.0,1265036476.0,0,UNLIKELY,False,,,1
3\My Documents\My Music\Amazon MP3\Andrew Lloyd Webber\Gold_ The Definitive Hits Collection\AMZ2A.tmp,AMZ2A.tmp,.tmp,other,0,0.0,1265036486.0,0,UNLIKELY,False,,,1
3\My Documents\My Music\Amazon MP3\Bon Jovi\desktop.ini,desktop.ini,.ini,other,312,0.0,1196868618.0,0,UNLIKELY,False,,865209bd8cc162ebef65f53390fc7afeece0e338ee326d082e9ca46039c64942,1
3\My Documents\My Music\Amazon MP3\Bon Jovi\New Jersey\AlbumArtSmall.jpg,AlbumArtSmall.jpg,.jpg,image,1872,0.0,1196868618.0,0,UNLIKELY,False,,38b02b9e3ff7622435d95de5b7f6e9d53f999512113c543b490709cc5c084c3d,2
3\My Documents\My Music\Amazon MP3\Bon Jovi\New Jersey\AlbumArt_{8BA185BF-5F58-40AE-A092-8A5D2930FB64}_Large.jpg,AlbumArt_{8BA185BF-5F58-40AE-A092-8A5D2930FB64}_Large.jpg,.jpg,image,8064,0.01,1196868618.0,0,UNLIKELY,False,,39af6a376f6a7ab795300c1c16b1d55fe994419651314b63fff3e5ae26c3f83a,2
3\My Documents\My Music\Amazon MP3\Bon Jovi\New Jersey\AlbumArt_{8BA185BF-5F58-40AE-A092-8A5D2930FB64}_Small.jpg,AlbumArt_{8BA185BF-5F58-40AE-A092-8A5D2930FB64}_Small.jpg,.jpg,image,1872,0.0,1196868618.0,0,UNLIKELY,False,,38b02b9e3ff7622435d95de5b7f6e9d53f999512113c543b490709cc5c084c3d,2
3\My Documents\My Music\Amazon MP3\Bon Jovi\New Jersey\desktop.ini,desktop.ini,.ini,other,311,0.0,1196868618.0,0,UNLIKELY,False,,0313fc63d289480372d73f560e4588ef31d20acee4f2065c332db5a30d056de7,1
3\My Documents\My Music\Amazon MP3\Bon Jovi\New Jersey\Folder.jpg,Folder.jpg,.jpg,image,8064,0.01,1196868618.0,0,UNLIKELY,False,,39af6a376f6a7ab795300c1c16b1d55fe994419651314b63fff3e5ae26c3f83a,2
3\My Documents\My Music\Amazon MP3\Bon Jovi\Who Says You Can't Go Home (Duet with Jennifer Nettles of Sugarland)\AlbumArtSmall.jpg,AlbumArtSmall.jpg,.jpg,image,2813,0.0,1222011184.0,0,UNLIKELY,False,,ac88d0b6b22e5c2e0e625a85b2ee3f5d737e0c135decc2439084dec2bad4031d,2
3\My Documents\My Music\Amazon MP3\Bon Jovi\Who Says You Can't Go Home (Duet with Jennifer Nettles of Sugarland)\AlbumArt_{6AFADB55-FE69-4B24-AF13-7062067F404F}_Large.jpg,AlbumArt_{6AFADB55-FE69-4B24-AF13-7062067F404F}_Large.jpg,.jpg,image,11427,0.01,1222011184.0,0,UNLIKELY,False,,0bf7768a337c360238284bd5a1f32b34797c6d1cec6a6660d7646bce723e019c,2
3\My Documents\My Music\Amazon MP3\Bon Jovi\Who Says You Can't Go Home (Duet with Jennifer Nettles of Sugarland)\AlbumArt_{6AFADB55-FE69-4B24-AF13-7062067F404F}_Small.jpg,AlbumArt_{6AFADB55-FE69-4B24-AF13-7062067F404F}_Small.jpg,.jpg,image,2813,0.0,1222011184.0,0,UNLIKELY,False,,ac88d0b6b22e5c2e0e625a85b2ee3f5d737e0c135decc2439084dec2bad4031d,2
3\My Documents\My Music\Amazon MP3\Bon Jovi\Who Says You Can't Go Home (Duet with Jennifer Nettles of Sugarland)\desktop.ini,desktop.ini,.ini,other,316,0.0,1222011184.0,0,UNLIKELY,False,,cb6f1e25126b1c87fefd385ed125a1f772aeb1154681a8e199353965f809226d,1
3\My Documents\My Music\Amazon MP3\Bon Jovi\Who Says You Can't Go Home (Duet with Jennifer Nettles of Sugarland)\Folder.jpg,Folder.jpg,.jpg,image,11427,0.01,1222011184.0,0,UNLIKELY,False,,0bf7768a337c360238284bd5a1f32b34797c6d1cec6a6660d7646bce723e019c,2
3\My Documents\My Music\Amazon MP3\Celtic Thunder\Celtic Thunder The Show\AlbumArtSmall.jpg,AlbumArtSmall.jpg,.jpg,image,2531,0.0,1225950452.0,0,UNLIKELY,False,,14a6c52945d44839a4bf4f68520c7f1983d8913eb3980f4e8b0fdc7345704081,2
3\My Documents\My Music\Amazon MP3\Celtic Thunder\Celtic Thunder The Show\AlbumArt_{BB2BE317-488A-4973-9BDB-BD1852E565D2}_Large.jpg,AlbumArt_{BB2BE317-488A-4973-9BDB-BD1852E565D2}_Large.jpg,.jpg,image,10649,0.01,1225950452.0,0,UNLIKELY,False,,da0cfbc46185b1b994ea88948c3026c0602549f733b2ab2f8c1187b493cda647,2
3\My Documents\My Music\Amazon MP3\Celtic Thunder\Celtic Thunder The Show\AlbumArt_{BB2BE317-488A-4973-9BDB-BD1852E565D2}_Small.jpg,AlbumArt_{BB2BE317-488A-4973-9BDB-BD1852E565D2}_Small.jpg,.jpg,image,2531,0.0,1225950452.0,0,UNLIKELY,False,,14a6c52945d44839a4bf4f68520c7f1983d8913eb3980f4e8b0fdc7345704081,2
3\My Documents\My Music\Amazon MP3\Celtic Thunder\Celtic Thunder The Show\desktop.ini,desktop.ini,.ini,other,323,0.0,1220931208.0,0,UNLIKELY,False,,db2312f03c4f9078702d3526f2dec1fb5194777490adbdf7a2eeb26ce3807eb5,1
3\My Documents\My Music\Amazon MP3\Celtic Thunder\Celtic Thunder The Show\Folder.jpg,Folder.jpg,.jpg,image,10649,0.01,1225950452.0,0,UNLIKELY,False,,da0cfbc46185b1b994ea88948c3026c0602549f733b2ab2f8c1187b493cda647,2
3\My Documents\My Music\Amazon MP3\Moody Blues\Days Of Future Passed\AMZ20.tmp,AMZ20.tmp,.tmp,other,0,0.0,1265036498.0,0,UNLIKELY,False,,,1
3\My Documents\My Music\Amazon MP3\Moody Blues\Days Of Future Passed\AMZ21.tmp,AMZ21.tmp,.tmp,other,0,0.0,1265036508.0,0,UNLIKELY,False,,,1
3\My Documents\My Music\Amazon MP3\Moody Blues\Days Of Future Passed\AMZ23.tmp,AMZ23.tmp,.tmp,other,0,0.0,1265036518.0,0,UNLIKELY,False,,,1
3\My Documents\My Music\Amazon MP3\Moody Blues\Days Of Future Passed\AMZ24.tmp,AMZ24.tmp,.tmp,other,0,0.0,1265036528.0,0,UNLIKELY,False,,,1
3\My Documents\My Music\Amazon MP3\Moody Blues\Days Of Future Passed\AMZ25.tmp,AMZ25.tmp,.tmp,other,0,0.0,1265036540.0,0,UNLIKELY,False,,,1
3\My Documents\My Music\Amazon MP3\Moody Blues\Days Of Future Passed\AMZ26.tmp,AMZ26.tmp,.tmp,other,0,0.0,1265036550.0,0,UNLIKELY,False,,,1
3\My Documents\My Music\Amazon MP3\Moody Blues\Days Of Future Passed\AMZ27.tmp,AMZ27.tmp,.tmp,other,0,0.0,1265036560.0,0,UNLIKELY,False,,,1
3\My Documents\My Music\Amazon MP3\Sound Choice Karaoke\desktop.ini,desktop.ini,.ini,other,331,0.0,1196868676.0,0,UNLIKELY,False,,fb63c93cf87c8d51684a12100b4dd2d8b51bea2b8c85e7dd406c8d1c698f2e9e,1
3\My Documents\My Music\Amazon MP3\Sound Choice Karaoke\Specialty Songs - Vol. 1 - Karaoke\AlbumArtSmall.jpg,AlbumArtSmall.jpg,.jpg,image,2440,0.0,1196868676.0,0,UNLIKELY,False,,09b795de9202e4a773f27497fc3fe5a39154463a816e6a4ac06d9d09ecd9ca35,2
3\My Documents\My Music\Amazon MP3\Sound Choice Karaoke\Specialty Songs - Vol. 1 - Karaoke\AlbumArt_{FA6D2146-BF91-4214-BF93-3C3D6D8025DC}_Large.jpg,AlbumArt_{FA6D2146-BF91-4214-BF93-3C3D6D8025DC}_Large.jpg,.jpg,image,9849,0.01,1196868676.0,0,UNLIKELY,False,,6690104d7d4c509714e0b8aa98995404563bad9f3ba37ff9c42d4bf027e11077,2
3\My Documents\My Music\Amazon MP3\Sound Choice Karaoke\Specialty Songs - Vol. 1 - Karaoke\AlbumArt_{FA6D2146-BF91-4214-BF93-3C3D6D8025DC}_Small.jpg,AlbumArt_{FA6D2146-BF91-4214-BF93-3C3D6D8025DC}_Small.jpg,.jpg,image,2440,0.0,1196868676.0,0,UNLIKELY,False,,09b795de9202e4a773f27497fc3fe5a39154463a816e6a4ac06d9d09ecd9ca35,2
3\My Documents\My Music\Amazon MP3\Sound Choice Karaoke\Specialty Songs - Vol. 1 - Karaoke\desktop.ini,desktop.ini,.ini,other,330,0.0,1196868676.0,0,UNLIKELY,False,,a739520efb9e7793f7eef167e3ae1d1496338ea2f8ac3e5e79a309108b4d6e29,1
3\My Documents\My Music\Amazon MP3\Sound Choice Karaoke\Specialty Songs - Vol. 1 - Karaoke\Folder.jpg,Folder.jpg,.jpg,image,9849,0.01,1196868676.0,0,UNLIKELY,False,,6690104d7d4c509714e0b8aa98995404563bad9f3ba37ff9c42d4bf027e11077,2
3\My Documents\My Music\Amazon MP3\Sugarland\Enjoy The Ride\AlbumArtSmall.jpg,AlbumArtSmall.jpg,.jpg,image,2895,0.0,1222011202.0,0,UNLIKELY,False,,3edf570967fb45d10e4b838bde29cb123b342dfea6b4a1614b770f0784359558,2
3\My Documents\My Music\Amazon MP3\Sugarland\Enjoy The Ride\AlbumArt_{CC7380CD-69FB-4B03-9872-A0F7ED9EBDFD}_Large.jpg,AlbumArt_{CC7380CD-69FB-4B03-9872-A0F7ED9EBDFD}_Large.jpg,.jpg,image,9978,0.01,1222011202.0,0,UNLIKELY,False,,92ef8b650d3b82478ae562b97a7d3f1a5bd778f11ff9a069b393b3a0eab593b5,2
3\My Documents\My Music\Amazon MP3\Sugarland\Enjoy The Ride\AlbumArt_{CC7380CD-69FB-4B03-9872-A0F7ED9EBDFD}_Small.jpg,AlbumArt_{CC7380CD-69FB-4B03-9872-A0F7ED9EBDFD}_Small.jpg,.jpg,image,2895,0.0,1222011202.0,0,UNLIKELY,False,,3edf570967fb45d10e4b838bde29cb123b342dfea6b4a1614b770f0784359558,2
3\My Documents\My Music\Amazon MP3\Sugarland\Enjoy The Ride\desktop.ini,desktop.ini,.ini,other,308,0.0,1222011202.0,0,UNLIKELY,False,,e4d9c24855734e393098a69d4446206aa459fe70052a7c2fdd86bdb247c68758,1
3\My Documents\My Music\Amazon MP3\Sugarland\Enjoy The Ride\Folder.jpg,Folder.jpg,.jpg,image,9978,0.01,1222011202.0,0,UNLIKELY,False,,92ef8b650d3b82478ae562b97a7d3f1a5bd778f11ff9a069b393b3a0eab593b5,2
3\My Documents\My Music\Bruce Springsteen\desktop.ini,desktop.ini,.ini,other,362,0.0,1206644132.0,0,UNLIKELY,False,,f39dd48b54211cec83c45114f71e4d05b9baf15c9e1de2b50f83cb748f05b614,1
3\My Documents\My Music\Bruce Springsteen\Thumbs.db,Thumbs.db,.db,other,5632,0.01,1223526614.0,0,UNLIKELY,False,,f34ec0275c0505bdc449947a4840d89bb8558564f9a8ccf8432ef9a21568769e,1
3\My Documents\My Music\Bruce Springsteen\Magic\06 Girls in Their Summer Clothes.mp3,06 Girls in Their Summer Clothes.mp3,.mp3,audio,10442392,9.96,1223523782.0,1,UNLIKELY,False,,00c2d3bc52d351c48af9d025f84dadd4542560c8b34329dbc0aa2de929a2bf81,2
3\My Documents\My Music\Bruce Springsteen\Magic\AlbumArtSmall.jpg,AlbumArtSmall.jpg,.jpg,image,2468,0.0,1206643900.0,0,UNLIKELY,False,,e58174f1c701131cff2fde5ee7d64126f71af094c161927e25b8be5d37769733,2
3\My Documents\My Music\Bruce Springsteen\Magic\AlbumArt_{3EC5F80D-07C7-4FB9-9D4A-C1BBB78EA112}_Large.jpg,AlbumArt_{3EC5F80D-07C7-4FB9-9D4A-C1BBB78EA112}_Large.jpg,.jpg,image,8775,0.01,1206643902.0,0,UNLIKELY,False,,2701b21cc02cb8173adfb1c9037ddced0ec56cf8d53b123457eefa2ff32c4d4f,2
3\My Documents\My Music\Bruce Springsteen\Magic\AlbumArt_{3EC5F80D-07C7-4FB9-9D4A-C1BBB78EA112}_Small.jpg,AlbumArt_{3EC5F80D-07C7-4FB9-9D4A-C1BBB78EA112}_Small.jpg,.jpg,image,2468,0.0,1206643900.0,0,UNLIKELY,False,,e58174f1c701131cff2fde5ee7d64126f71af094c161927e25b8be5d37769733,2
3\My Documents\My Music\Bruce Springsteen\Magic\desktop.ini,desktop.ini,.ini,other,361,0.0,1206644132.0,0,UNLIKELY,False,,39716fba5d13a1fe22f487f16657b44bf0bceebe41925cb88cc54f2046f7c83d,1
3\My Documents\My Music\Bruce Springsteen\Magic\Folder.jpg,Folder.jpg,.jpg,image,8775,0.01,1206643902.0,0,UNLIKELY,False,,2701b21cc02cb8173adfb1c9037ddced0ec56cf8d53b123457eefa2ff32c4d4f,2
3\My Documents\My Music\Bruce Springsteen\Magic\Thumbs.db,Thumbs.db,.db,other,7168,0.01,1213370344.0,0,UNLIKELY,False,,ff4b36b6d68464c726b4319fe2d648dd50feae54e34499021595d784c2dee16d,1
3\My Documents\My Music\Gary Stadler & Singh Kaur\desktop.ini,desktop.ini,.ini,other,371,0.0,1207483180.0,0,UNLIKELY,False,,c28efbcceafba9d011fcd37aa673fa81cf59d26c2041e40c3d968956949466db,2
3\My Documents\My Music\Gary Stadler & Singh Kaur\Thumbs.db,Thumbs.db,.db,other,5632,0.01,1223526614.0,0,UNLIKELY,False,,99bb7cec2d3112f8b8fad70b346d67e4b75083bbee54d23f62b57944cf558d8e,2
3\My Documents\My Music\Gary Stadler & Singh Kaur\Fairy Night Songs\01 Nightsong.mp3,01 Nightsong.mp3,.mp3,audio,7424188,7.08,1207483152.0,1,UNLIKELY,False,,479ea8bccfd69a524da94cb646ff69494b3170a67ba6c3809012348a85fd9fcc,2
3\My Documents\My Music\Gary Stadler & Singh Kaur\Fairy Night Songs\02 Fairy Ring.mp3,02 Fairy Ring.mp3,.mp3,audio,18350692,17.5,1207483152.0,1,UNLIKELY,False,,362de1459615f986562d0adce0880c6cb5a33fe30f23ee15d24e7b342e7a4eeb,2
3\My Documents\My Music\Gary Stadler & Singh Kaur\Fairy Night Songs\03 In the Hollows of Trees.mp3,03 In the Hollows of Trees.mp3,.mp3,audio,6816580,6.5,1207483152.0,1,UNLIKELY,False,,1b76dc04bcfa7d955b16e8795cee424085f835b9c3f7231c765af37543750e60,2
3\My Documents\My Music\Gary Stadler & Singh Kaur\Fairy Night Songs\04 Fly Away.mp3,04 Fly Away.mp3,.mp3,audio,13471036,12.85,1207483154.0,1,UNLIKELY,False,,5535a8515c979e3f94d659487676befaae56d1ef2779e04607c973dce5f74f98,2
3\My Documents\My Music\Gary Stadler & Singh Kaur\Fairy Night Songs\05 Darkness.mp3,05 Darkness.mp3,.mp3,audio,17024812,16.24,1207483154.0,1,UNLIKELY,False,,743e02589d339a5351d9ba6c2b86426c5823b2c8fec4a7dd1a41d6ac61a62be0,2
3\My Documents\My Music\Gary Stadler & Singh Kaur\Fairy Night Songs\06 Midnight Myst.mp3,06 Midnight Myst.mp3,.mp3,audio,13116076,12.51,1207483154.0,1,UNLIKELY,False,,421e76ff044490a908274f99713ccd66f0e8b9daede936fab6ccb8acd0fd44f5,2
3\My Documents\My Music\Gary Stadler & Singh Kaur\Fairy Night Songs\07 Laura's Hill.mp3,07 Laura's Hill.mp3,.mp3,audio,10262824,9.79,1207483156.0,1,UNLIKELY,False,,664d4388d8753c88f1f019f14f38c7df81e9b295d0d46cd0ab378c13cea5ec04,2
3\My Documents\My Music\Gary Stadler & Singh Kaur\Fairy Night Songs\08 Lullaby.mp3,08 Lullaby.mp3,.mp3,audio,10229416,9.76,1207483156.0,1,UNLIKELY,False,,b2ddf98d6badc50a5944435a95ad0ba9a9f2f1fc39aa5d3b6a082edc7fb11fc0,2
3\My Documents\My Music\Gary Stadler & Singh Kaur\Fairy Night Songs\08 Lullaby.zip,08 Lullaby.zip,.zip,other,6275625,5.98,1208024190.0,0,UNLIKELY,False,,f78f1389296d9d3b8785f9ab01d4aeb35711df0030216b4c4c93c836f65c0935,1
3\My Documents\My Music\Gary Stadler & Singh Kaur\Fairy Night Songs\09 A Spark in the Night.mp3,09 A Spark in the Night.mp3,.mp3,audio,18711916,17.85,1224381642.0,1,UNLIKELY,False,,8a336f1ed19cff6af055889bc4e05a38edf1bec2dc63115055a76f6f3a3d9ae8,3
3\My Documents\My Music\Gary Stadler & Singh Kaur\Fairy Night Songs\AlbumArtSmall.jpg,AlbumArtSmall.jpg,.jpg,image,2451,0.0,1207481512.0,0,UNLIKELY,False,,ccd88dc11e88fe45a0810551812f4e1206478ab1bb4a98f5b80a161714d4b1f8,4
3\My Documents\My Music\Gary Stadler & Singh Kaur\Fairy Night Songs\AlbumArt_{E126C102-C85E-48E1-B87A-FCA22DE21191}_Large.jpg,AlbumArt_{E126C102-C85E-48E1-B87A-FCA22DE21191}_Large.jpg,.jpg,image,10092,0.01,1207481514.0,0,UNLIKELY,False,,22065c2f507e1eca765a662f6515fbb5be5c696140a551b8ac7f0c9f7430e307,4
3\My Documents\My Music\Gary Stadler & Singh Kaur\Fairy Night Songs\AlbumArt_{E126C102-C85E-48E1-B87A-FCA22DE21191}_Small.jpg,AlbumArt_{E126C102-C85E-48E1-B87A-FCA22DE21191}_Small.jpg,.jpg,image,2451,0.0,1207481512.0,0,UNLIKELY,False,,ccd88dc11e88fe45a0810551812f4e1206478ab1bb4a98f5b80a161714d4b1f8,4
3\My Documents\My Music\Gary Stadler & Singh Kaur\Fairy Night Songs\desktop.ini,desktop.ini,.ini,other,370,0.0,1207483180.0,0,UNLIKELY,False,,8af796638dbe287000d46b9a8a578bea0f675116a2e4a14d10736ff548ce0f7b,2
3\My Documents\My Music\Gary Stadler & Singh Kaur\Fairy Night Songs\Folder.jpg,Folder.jpg,.jpg,image,10092,0.01,1207481514.0,0,UNLIKELY,False,,22065c2f507e1eca765a662f6515fbb5be5c696140a551b8ac7f0c9f7430e307,4
3\My Documents\My Music\Gary Stadler & Singh Kaur\Fairy Night Songs\Thumbs.db,Thumbs.db,.db,other,7680,0.01,1208332420.0,0,UNLIKELY,False,,7382846f1f7686e1aeaa9397fff4d7174543789e021d934e491495c4396374ec,2
3\My Documents\My Music\My Pictures\'34 coupe.jpg,'34 coupe.jpg,.jpg,image,93038,0.09,1169446270.0,0,UNLIKELY,False,,c8026de2571689a5d7ab658eaab463ea4aa85d4c2068a3e01d8cbf163ee58d60,1
3\My Documents\My Music\My Pictures\'34bluecoup.jpg,'34bluecoup.jpg,.jpg,image,77845,0.07,1169479650.0,0,UNLIKELY,False,,06fb056bd7557fa4cc2675680ad7aca0042cb263c762d5e27864ae6c4adaab1f,1
3\My Documents\My Music\My Pictures\071130-ns-andromeda1-02.jpg,071130-ns-andromeda1-02.jpg,.jpg,image,61128,0.06,1196656010.0,0,UNLIKELY,False,,640c33768bd09230240d8b54b666440985db3155c0298aeb6de80f4416df05ab,2
3\My Documents\My Music\My Pictures\14-7x27plan.jpg,14-7x27plan.jpg,.jpg,image,17052,0.02,1160706334.0,0,UNLIKELY,False,,94ef5d89cdc0710a709064deaff5a9489f83bfab8e51eea67892e6ce067e12f3,1
3\My Documents\My Music\My Pictures\16112.jpg,16112.jpg,.jpg,image,22252,0.02,1209776520.0,0,UNLIKELY,False,,d4e7eaf4f035483271946610151a0c16c956019602b3a4a9b29be21feb340999,1
3\My Documents\My Music\My Pictures\1792 Mt. Holly.jpg,1792 Mt. Holly.jpg,.jpg,image,5404,0.01,1218592654.0,0,UNLIKELY,False,,555cfc8ecd4d0825c38befa0bddc4eb8503e17742891533e7d9de852f1b22638,2
3\My Documents\My Music\My Pictures\20th century blue.jpg,20th century blue.jpg,.jpg,image,57275,0.05,1176864634.0,0,UNLIKELY,False,,f3861184c123a57c75db67680a156411be50db8822777e698ed5db0f036a2861,1
3\My Documents\My Music\My Pictures\20th herald.jpg,20th herald.jpg,.jpg,image,8460,0.01,1176864690.0,0,UNLIKELY,False,,d6938314f66aa3f8bf75817ff1c505d7d31d2665945dba38412d54f7605114a9,1
3\My Documents\My Music\My Pictures\2275082-Raffles_Hotel_Singapore_1_Beach_Road_Singapore_189673-Singapore.jpg,2275082-Raffles_Hotel_Singapore_1_Beach_Road_Singapore_189673-Singapore.jpg,.jpg,image,10214,0.01,1208335812.0,0,UNLIKELY,False,,db3f308f6ceb24afc86a8ec4e5aa569c81de0ac31d3c3f298e6d4bdac76b2057,1
3\My Documents\My Music\My Pictures\4-8-2 MOUNTAIN.jpg,4-8-2 MOUNTAIN.jpg,.jpg,image,42565,0.04,1155624004.0,0,UNLIKELY,False,,4402f65b2302bda9fd9cf97b08a1a49f032765cad52a7c914b3f66b4c5edfd17,1
3\My Documents\My Music\My Pictures\4619ef135ff38b47c3da5c7963d6c8fe.jpg,4619ef135ff38b47c3da5c7963d6c8fe.jpg,.jpg,image,4649,0.0,1249536386.0,0,UNLIKELY,False,,8a28b405170d7b64dc1fb89f05a63759e547fbe0a58012e0c8eb2766f1b3db89,1
3\My Documents\My Music\My Pictures\5-side cottage.gif,5-side cottage.gif,.gif,image,13818,0.01,1183186988.0,0,UNLIKELY,False,,517e1206cb4df46fd069703b26c460f993e2788971026b508af5640b71c45c2c,1
3\My Documents\My Music\My Pictures\555px-Rickwood_site_plan.png,555px-Rickwood_site_plan.png,.png,image,152779,0.15,1247503990.0,0,UNLIKELY,False,,bbe1423863396886a52046ad50e0806a05b826aa6dd4ed4cef5ff4361c59776d,1
3\My Documents\My Music\My Pictures\5sidefloorplan.bmp,5sidefloorplan.bmp,.bmp,image,1673586,1.6,1183255732.0,0,UNLIKELY,False,,5c23da8b5d7339e87eff5be3744d5e0070e06cc7d4fff95bec8b6a1bb6ec0e47,1
3\My Documents\My Music\My Pictures\A Near Perfect Life.bmp,A Near Perfect Life.bmp,.bmp,image,653814,0.62,1189714596.0,0,UNLIKELY,False,,58d19fc21c748823e3c3aec998b7a298605ba2176748d7fa3f3814dfb01faa67,1
3\My Documents\My Music\My Pictures\Afghan 12-year-old.jpg,Afghan 12-year-old.jpg,.jpg,image,19890,0.02,1157863046.0,0,UNLIKELY,False,,4477011565fed32f7c430f0aaa760adb02e5d39abbf80bbee95946c77c02d178,1
3\My Documents\My Music\My Pictures\american flyer.jpg,american flyer.jpg,.jpg,image,109941,0.1,1165502282.0,0,UNLIKELY,False,,fb52d28e386ce4f8a070eab5d0f33e3f6e96f63057a6e18099e9a74836439dcb,1
3\My Documents\My Music\My Pictures\Am_Paint_Horse.jpg,Am_Paint_Horse.jpg,.jpg,image,73402,0.07,1173144832.0,0,UNLIKELY,False,,db19a487d46046291be2ffeb83291c4ed6f2e083d79dfa765dd3fa6d43bd4566,1
3\My Documents\My Music\My Pictures\An Irish park.jpg,An Irish park.jpg,.jpg,image,179843,0.17,1214865136.0,0,UNLIKELY,False,,92d5c37bb115f0532ac4fd4d442c61a3c42ad835122c4088045f02eeb967d59e,1
3\My Documents\My Music\My Pictures\anchor& rope.gif,anchor& rope.gif,.gif,image,4131,0.0,1171826220.0,0,UNLIKELY,False,,2215fb60771c4589ffaacf544d59a949900ac4cb57853f958e707d9dcc9e53eb,1
3\My Documents\My Music\My Pictures\Antartica.bmp,Antartica.bmp,.bmp,image,151478,0.14,1193276302.0,0,UNLIKELY,False,,dd25c2b393c390f2d4e75414b0aaa15860231eb46678281e1e9836df432f18d0,1
3\My Documents\My Music\My Pictures\apple.jpg,apple.jpg,.jpg,image,4623,0.0,1220910866.0,0,UNLIKELY,False,,b21bbba1bf356a4d94b0f6dcb808369307035a1820a0489db1f7f80aaaedbe58,1
3\My Documents\My Music\My Pictures\ARLINGTON.jpg,ARLINGTON.jpg,.jpg,image,51337,0.05,1163358532.0,0,UNLIKELY,False,,06a6586506cca3440771c3b2251ec08d63a9ca4e80023c670840abd83d3032cc,1
3\My Documents\My Music\My Pictures\art deco endpiece.jpg,art deco endpiece.jpg,.jpg,image,5032,0.0,1218592654.0,0,UNLIKELY,False,,7d92a0493c52556f1cf575d9bc10791654162bf159de05ccab3e35cd919461e4,1
3\My Documents\My Music\My Pictures\arumlily.jpg,arumlily.jpg,.jpg,image,74703,0.07,1150443412.0,0,UNLIKELY,False,,6ff7e927c2e94ecec3a0393e59d6b2321b7fe0667ad830a18a3c7c0d635d5fdf,1
"3\My Documents\My Music\My Pictures\Ashland, VA.jpg","Ashland, VA.jpg",.jpg,image,6640,0.01,1184487528.0,0,UNLIKELY,False,,6b59ad370bfea9ce7b77e23e0eb87f50c3df90b18b16aafb96d4463dcb87268b,1
3\My Documents\My Music\My Pictures\autumn.gif,autumn.gif,.gif,image,83754,0.08,1203452726.0,0,UNLIKELY,False,,9f15a9b395eff68fe3566b0c4539d343f65ea3f739f0537f4ad20066bad84071,1
3\My Documents\My Music\My Pictures\Baby Walrus--Alaska.jpg,Baby Walrus--Alaska.jpg,.jpg,image,95546,0.09,1190857742.0,0,UNLIKELY,False,,42809b56d85f6739bc0fe65ffb693b4bf719fdec6a72e39420b6af590e2651fe,1
3\My Documents\My Music\My Pictures\BACKYARD7.jpg,BACKYARD7.jpg,.jpg,image,39040,0.04,1165695524.0,0,UNLIKELY,False,,b8ea7842e0c0cb67de43515debf7f089bbde66ee799a225565a6c9003941fe0b,1
3\My Documents\My Music\My Pictures\BACKYARDPLAN.jpg,BACKYARDPLAN.jpg,.jpg,image,43893,0.04,1165695604.0,0,UNLIKELY,False,,017ade43e7cd4d4a338886327f25905030983d5454db0f542164ac9d9579051b,1
3\My Documents\My Music\My Pictures\Bar Harbor sunrise.jpg,Bar Harbor sunrise.jpg,.jpg,image,32399,0.03,1187453640.0,0,UNLIKELY,False,,aa43a84c0309c7d30a0f5b498f2e9200d45199704db23d022d0682998d558809,1
3\My Documents\My Music\My Pictures\Bateman Yeti.jpg,Bateman Yeti.jpg,.jpg,image,69968,0.07,1185771680.0,0,UNLIKELY,False,,418e82c4c41a8f6a94fb7863cf51ceab6ca68703e1240277165389c2d5db82a4,1
3\My Documents\My Music\My Pictures\Bateman071907a.jpg,Bateman071907a.jpg,.jpg,image,41536,0.04,1185771664.0,0,UNLIKELY,False,,6c55be8145f7e004b6dce60eb7ce3d8c5721715e4fd60025b3b0509d980abe37,1
3\My Documents\My Music\My Pictures\BB's.jpg,BB's.jpg,.jpg,image,265803,0.25,1192407834.0,0,UNLIKELY,False,,1b941c18e147c9b40fbaab1fafbb3310d1f3016389917b059b24f4ea7498e7b8,1
3\My Documents\My Music\My Pictures\bedfordfalls.jpg,bedfordfalls.jpg,.jpg,image,35418,0.03,1171170764.0,0,UNLIKELY,False,,30d4ace935869c34f57c45b81766e1ef2d99051701fdf7caef72c11ae315d246,3
3\My Documents\My Music\My Pictures\bestfriends2.jpg,bestfriends2.jpg,.jpg,image,45493,0.04,1208336686.0,0,UNLIKELY,False,,00a9f07b59850f7a540e80c8f51c5471d447c6a20a7576468b4b9d68bcbe938c,1
3\My Documents\My Music\My Pictures\BLACK WOLF.jpg,BLACK WOLF.jpg,.jpg,image,35167,0.03,1154621330.0,0,UNLIKELY,False,,130bd84d45eb109c1a4544098a395c7e48c6427f8fbe01e5d99f259c96900201,1
3\My Documents\My Music\My Pictures\blue chaput.png,blue chaput.png,.png,image,1364,0.0,1188707692.0,0,UNLIKELY,False,,b0db581559a953b338e8e694554d09467331aedc1d4e5020758b404c563c6ba1,1
3\My Documents\My Music\My Pictures\bluevsoe.jpg,bluevsoe.jpg,.jpg,image,81167,0.08,1205742404.0,0,UNLIKELY,False,,512d64cd157e80d7c2ea759512f2fecef0cfe3e797b6d37231b277733f2d76b8,1
3\My Documents\My Music\My Pictures\Boathouse.jpg,Boathouse.jpg,.jpg,image,73679,0.07,1164678596.0,0,UNLIKELY,False,,5c58a928c74612e7518c00e4cb7ff337a527f2c5bbb1cab91589094d2e2e021b,1
3\My Documents\My Music\My Pictures\bottom.jpg,bottom.jpg,.jpg,image,904,0.0,1210008428.0,0,UNLIKELY,False,,2082e3263651a9b6651e652eca8e8782c04110a59f7523c001d6653750c1e18f,1
3\My Documents\My Music\My Pictures\BRAIN.jpg,BRAIN.jpg,.jpg,image,50190,0.05,1185917274.0,0,UNLIKELY,False,,f16d6dbe9a45df3063a8604c358600de193f73bfd5c0763c130a68bb7a3f349f,1
3\My Documents\My Music\My Pictures\Brickyard.jpg,Brickyard.jpg,.jpg,image,179698,0.17,1179629972.0,0,UNLIKELY,False,,7ee2b9bdcb3556028ec520e14a9a22b6375c63064147fd9b2e842c9102f6020d,1
3\My Documents\My Music\My Pictures\camps europe.png,camps europe.png,.png,image,476737,0.45,1248486292.0,0,UNLIKELY,False,,ffdb11cf4f953f3e37c7c86a9e349ee48219b9a65a45561ef89751cb59516e40,1
3\My Documents\My Music\My Pictures\camps poland.png,camps poland.png,.png,image,110907,0.11,1248486150.0,0,UNLIKELY,False,,21e09d0a02e81d82eb0624c909c42e57b7e537a709d42799647c61b43cec683c,1
"3\My Documents\My Music\My Pictures\Canal in Riva, Italy.jpg","Canal in Riva, Italy.jpg",.jpg,image,90026,0.09,1215168610.0,0,UNLIKELY,False,,3a222a2dbed8bb01dfbbc89f1678b97a4cd285152fc75c8f71e731939d452ebb,1
3\My Documents\My Music\My Pictures\Carrog Station.jpg,Carrog Station.jpg,.jpg,image,47841,0.05,1184486744.0,0,UNLIKELY,False,,091a3c4a8d39239f9a3edb9884a904b3b6d37bbb93c44d102d181672d24893cf,1
3\My Documents\My Music\My Pictures\CASCO BAY MAP.gif,CASCO BAY MAP.gif,.gif,image,73156,0.07,1249676184.0,0,UNLIKELY,False,,bdab1f203d3b0efd53c52ec9f46f7c97cde7e5b3d86c7fc68547fd6c25478018,1
3\My Documents\My Music\My Pictures\cat revell.jpg,cat revell.jpg,.jpg,image,10872,0.01,1249021584.0,0,UNLIKELY,False,,accf4691805c96e1822502d8c6fd7e67620897090bf4bbdda7df85710ad94f7d,1
3\My Documents\My Music\My Pictures\cecile_bonnefond.jpg,cecile_bonnefond.jpg,.jpg,image,8490,0.01,1194742196.0,0,UNLIKELY,False,,3aa4ec00a4763358541faacef39d3ac3fe8f02cb90b54c876124c828aa616171,1
3\My Documents\My Music\My Pictures\ceremonial labyrinth.jpg,ceremonial labyrinth.jpg,.jpg,image,14417,0.01,1179943956.0,0,UNLIKELY,False,,c647f943abde044eff0bdaf2fcd02b8b18af137a72bd1aaf5489fdf6913edd81,1
3\My Documents\My Music\My Pictures\charlie chaput.jpg,charlie chaput.jpg,.jpg,image,3186,0.0,1158709024.0,0,UNLIKELY,False,,92d68960578491f1593214c1c4e084c7ffb028250746a8774a51109b0be17f27,1
3\My Documents\My Music\My Pictures\charlie.pope.jpg,charlie.pope.jpg,.jpg,image,13912,0.01,1158710982.0,0,UNLIKELY,False,,5a2ec2d520107dbbca41a7cf3fee04d40ea7f3968537a56d7d3cb186b5d533cc,1
3\My Documents\My Music\My Pictures\charter2.gif,charter2.gif,.gif,image,18058,0.02,1208074072.0,0,UNLIKELY,False,,469c3ea49032db396e56dd2037bba72c6db86dbc0b424f85302c348adc298b85,1
3\My Documents\My Music\My Pictures\Chelmno.jpg,Chelmno.jpg,.jpg,image,257572,0.25,1248463026.0,0,UNLIKELY,False,,80d6e1405ae5550538254887bcf5a1fb97f5abbef4483c9bd1fd2e7441f7eb36,1
3\My Documents\My Music\My Pictures\Chrysanthemum-Large.jpg,Chrysanthemum-Large.jpg,.jpg,image,158643,0.15,1151208480.0,0,UNLIKELY,False,,43dc6b3b041478b68190f3c57534f6d96a97f3ce7203bdf0e0e23cd8ef4ee979,1
3\My Documents\My Music\My Pictures\Cinderella.jpg,Cinderella.jpg,.jpg,image,21812,0.02,1172813126.0,0,UNLIKELY,False,,f89b986b610cac686bec0c1ba672a0fb0879deb6ca5e2fb69247a13f010d77c6,1
3\My Documents\My Music\My Pictures\cn6060482.gif,cn6060482.gif,.gif,image,12821,0.01,1155624480.0,0,UNLIKELY,False,,d6ebe47a848d4b2c2ded3aa86daa59d00086cadc11c9148e4eca474dc051ad4e,1
3\My Documents\My Music\My Pictures\cnhotel112.jpg,cnhotel112.jpg,.jpg,image,27007,0.03,1205738524.0,0,UNLIKELY,False,,40a18984fca65676a4d3542e141c69dbdf54ee6ae14ee4dcf8dcbae46fc9a287,1
3\My Documents\My Music\My Pictures\CofEAirOfSuperiority.jpg,CofEAirOfSuperiority.jpg,.jpg,image,25085,0.02,1217876934.0,0,UNLIKELY,False,,c8f165553c2151e282524cb5ad661a5822b52210508fceee7087b75f69ce8c5b,1
3\My Documents\My Music\My Pictures\color guard.jpg,color guard.jpg,.jpg,image,4169,0.0,1185675424.0,0,UNLIKELY,False,,7ed67b6888c8fc8e5d083f12c51b06b2d002817de817e9105d7d46785b3c295d,1
3\My Documents\My Music\My Pictures\Coming Home B-17 909.jpg,Coming Home B-17 909.jpg,.jpg,image,111005,0.11,1215205058.0,0,UNLIKELY,False,,16a96869c8b6fc258824b0299c074d78ce2eadc210718d6b960888b415f53532,1
3\My Documents\My Music\My Pictures\Coming Home DC-3.jpg,Coming Home DC-3.jpg,.jpg,image,83507,0.08,1215205216.0,0,UNLIKELY,False,,8486bbab45cb0edca43f9ac3c94791ff868a692b04a11665af9dffceff3c8125,1
3\My Documents\My Music\My Pictures\Coming Home Lysander Agents.jpg,Coming Home Lysander Agents.jpg,.jpg,image,84653,0.08,1215204974.0,0,UNLIKELY,False,,58052221f98091a7f78f6c7b5faf25f3a21c21d423354a6cdc5835fbac22d386,1
3\My Documents\My Music\My Pictures\Coming Home Memphis Belle.jpg,Coming Home Memphis Belle.jpg,.jpg,image,67719,0.06,1215205224.0,0,UNLIKELY,False,,1dba6bee6e25fc5d5d137cfd0fc74035dd997503a17b949aad0c2e98de01691e,1
3\My Documents\My Music\My Pictures\Coming Home P-38.jpg,Coming Home P-38.jpg,.jpg,image,42736,0.04,1215206112.0,0,UNLIKELY,False,,01a433e925de2767747bfcd36151a1f310f80992457cc315952ba9bfa69f278c,1
3\My Documents\My Music\My Pictures\Coming Home Salisbury Cathedral.jpg,Coming Home Salisbury Cathedral.jpg,.jpg,image,106799,0.1,1215204928.0,0,UNLIKELY,False,,4bdb99f0585ca81553aacb09116f09ccf427cbffd3dab6cea0af6fa4d67f4c67,1
3\My Documents\My Music\My Pictures\Coming Home Snowy Alps.jpg,Coming Home Snowy Alps.jpg,.jpg,image,64147,0.06,1215204946.0,0,UNLIKELY,False,,a6b865ff2ef3b4fefd711b6d8718bab8485243725f15a110f0021a11b5d8ea6a,1
3\My Documents\My Music\My Pictures\Coming Home Spitfire.jpg,Coming Home Spitfire.jpg,.jpg,image,65124,0.06,1215205010.0,0,UNLIKELY,False,,6980110c5612a86816effd428deea24a0071ece856d6a356c695fc8e4388213c,1
3\My Documents\My Music\My Pictures\Coming Home Spitfires.jpg,Coming Home Spitfires.jpg,.jpg,image,68143,0.06,1215205168.0,0,UNLIKELY,False,,fca4de731f69f4581bc45540c30da217e1fee64b3a7ca03b90b28eba9aa1e1d3,1
3\My Documents\My Music\My Pictures\common man.jpg,common man.jpg,.jpg,image,38771,0.04,1188890886.0,0,UNLIKELY,False,,da0920742af10ada118fb59e3c4c80254d28cd034b6958da45eff32228acb646,1
3\My Documents\My Music\My Pictures\Compass.gif,Compass.gif,.gif,image,6559,0.01,1132906882.0,0,UNLIKELY,False,,54b01d399cd6b9e24f04dc3f74875b215aa6c16a848d74ffd3b0fdd1c158310e,1
3\My Documents\My Music\My Pictures\cond.chaput.jpg,cond.chaput.jpg,.jpg,image,15603,0.01,1158710660.0,0,UNLIKELY,False,,f636da9da4878d09e04f8b7ea5c25d88e7c7a169cb3e88898f1c9defabd33a2b,1
3\My Documents\My Music\My Pictures\cond.lucchaput.jpg,cond.lucchaput.jpg,.jpg,image,2112,0.0,1158711454.0,0,UNLIKELY,False,,6c8e922b4b5c08406763286549b614b356daa246d02e8466959619311cf887e4,1
3\My Documents\My Music\My Pictures\cottage-walk.jpg,cottage-walk.jpg,.jpg,image,37410,0.04,1184570252.0,0,UNLIKELY,False,,fcd8fc5254440fb9640c51fe71b44ebe493daa1d7e93e8f932ec44b4e006ab1b,1
3\My Documents\My Music\My Pictures\CottageDormer.jpg,CottageDormer.jpg,.jpg,image,295897,0.28,1183425928.0,0,UNLIKELY,False,,89d5f3bb67415de30261f98a6d14ee6220ad2c553c4fb8cfee809732f6d3f8eb,1
"3\My Documents\My Music\My Pictures\Cushing, ME boat.jpg","Cushing, ME boat.jpg",.jpg,image,16811,0.02,1171256366.0,0,UNLIKELY,False,,6e62d8cccad3e452b462f2a9c254d768a8d10ee7cb8c3f5f2abc721abec3f6a8,1
3\My Documents\My Music\My Pictures\CV1943MESSCAR.jpg,CV1943MESSCAR.jpg,.jpg,image,41731,0.04,1158468934.0,0,UNLIKELY,False,,d97f36ee2c7a4b5d46646ec5833867997fa3586926b314305d56acfba05d3c68,1
3\My Documents\My Music\My Pictures\cv603.jpg,cv603.jpg,.jpg,image,61134,0.06,1158344930.0,0,UNLIKELY,False,,6c62823814f5f381aade21bda417d04e5500615908ed2b1b914d4772fdaebaa4,1
3\My Documents\My Music\My Pictures\CVCREWIN CANADA.jpg,CVCREWIN CANADA.jpg,.jpg,image,32302,0.03,1158468774.0,0,UNLIKELY,False,,63d73d516b46c0d049d168badc5b6f5d6c1aac91ad47843fc011547de19e2cb3,1
3\My Documents\My Music\My Pictures\CVGP9.gif,CVGP9.gif,.gif,image,12787,0.01,1158468370.0,0,UNLIKELY,False,,3ccf4ef29ac7188b2750fa29400258645af87c6f7c827c88e37524ec1977fd38,1
3\My Documents\My Music\My Pictures\cvherald leaf.jpg,cvherald leaf.jpg,.jpg,image,10052,0.01,1158346906.0,0,UNLIKELY,False,,11fb16f422b04558d64a6ff05d53e6cfbd4c7712befca73c76b401fa6c196619,1
3\My Documents\My Music\My Pictures\cvherald.jpg,cvherald.jpg,.jpg,image,4358,0.0,1158346994.0,0,UNLIKELY,False,,fc22e5819cb56ec78e70d4a31bff661250d248792352951208dcb0a8f66034fd,1
3\My Documents\My Music\My Pictures\Cvinterior.jpg,Cvinterior.jpg,.jpg,image,26940,0.03,1158346856.0,0,UNLIKELY,False,,d39ed06624532df933ea5c51fd369fc89c6c7d161ddf58b077f590b64c262a86,1
3\My Documents\My Music\My Pictures\CVPATCH.gif,CVPATCH.gif,.gif,image,63628,0.06,1158469652.0,0,UNLIKELY,False,,2b7ac4b6dedaf6ead9fcbb48c6a657fa65ac3e5e75317f6df407d1384892fce7,1
3\My Documents\My Music\My Pictures\CVSTATIONAGENT.jpg,CVSTATIONAGENT.jpg,.jpg,image,34702,0.03,1158468580.0,0,UNLIKELY,False,,98a4f426170abf75c93c7ecb8e28f62ddd98a4df9d1508e7e648dad3117ec10c,1
3\My Documents\My Music\My Pictures\cynbar95.gif,cynbar95.gif,.gif,image,1717,0.0,1147979740.0,0,UNLIKELY,False,,19c56d18ec5f593eb26e6f48ba79cbb380cae07b6ce8630f814c6c597d1a72ed,1
3\My Documents\My Music\My Pictures\d3_bf96.gif,d3_bf96.gif,.gif,image,3158,0.0,1139117646.0,0,UNLIKELY,False,,6c246eea25ae27e6bb58be3c2e74271b7a623e0d200676d84c8e5bf2540dd75d,1
3\My Documents\My Music\My Pictures\Dahlia-Closeup.jpg,Dahlia-Closeup.jpg,.jpg,image,215698,0.21,1151208412.0,0,UNLIKELY,False,,d0e170d9f74c1bc6559b2c1ce11ba5373c0d193cfe9e32f44c03a80811ea02d1,1
3\My Documents\My Music\My Pictures\Damon_with_his_new_co_worker[1].jpg,Damon_with_his_new_co_worker[1].jpg,.jpg,image,76549,0.07,1178491710.0,0,UNLIKELY,False,,30d943f5f50a0960b6dc55cdec9047a4e8c9267bf4eed1ca66535b35ddea31be,1
3\My Documents\My Music\My Pictures\dandelion.jpg,dandelion.jpg,.jpg,image,73743,0.07,1150530686.0,0,UNLIKELY,False,,8d27db7252b8e9aed311463f2d159d3803e7353217afaf3a7c57290d40fb09e0,1
3\My Documents\My Music\My Pictures\Danish Cottage Doors.jpg,Danish Cottage Doors.jpg,.jpg,image,1458509,1.39,1183488546.0,0,UNLIKELY,False,,733971a677bf4bd8d94faf3f1e4fc4f8dbaa933df0ac0a8f83b9f5a18f65b383,1
3\My Documents\My Music\My Pictures\Danish Cottage Stairs.jpg,Danish Cottage Stairs.jpg,.jpg,image,2147746,2.05,1183489428.0,0,UNLIKELY,False,,7fde2331116dd4e20d1881ee07c7a7968ae468d03e8b419ad4bab1154cb437c7,1
3\My Documents\My Music\My Pictures\dark green chaput.png,dark green chaput.png,.png,image,1136,0.0,1188707998.0,0,UNLIKELY,False,,85caf0f37e5e256a2d4d8c2d80bc7a05186b57f9141442a211a8d40980431f0c,1
3\My Documents\My Music\My Pictures\DE BOW.gif,DE BOW.gif,.gif,image,17762,0.02,1166437410.0,0,UNLIKELY,False,,f5bc335d05c7fa7b681b56ae1655bc3aa400cd7b40a1661699739e6b890dd5bd,1
3\My Documents\My Music\My Pictures\DE North Atlantic.jpg,DE North Atlantic.jpg,.jpg,image,168391,0.16,1166434298.0,0,UNLIKELY,False,,dc5d1a0c8cced0a4eb514c30bd1d6abf0ec1584af4599b5ec8ad508f86957822,1
3\My Documents\My Music\My Pictures\DE TURNING.jpg,DE TURNING.jpg,.jpg,image,80418,0.08,1166437188.0,0,UNLIKELY,False,,4a63ee0ecb0cc069cf8dcb5d709a8d0e7bb0281f6d267f9dad1d8c27bce20501,1
3\My Documents\My Music\My Pictures\Dealy Plaza.jpg,Dealy Plaza.jpg,.jpg,image,144339,0.14,1179110072.0,0,UNLIKELY,False,,114dbb8171929ee3c718e2d8fad6d978705b9c77bd78164848088347fcd1ac7c,1
3\My Documents\My Music\My Pictures\denis chaput shield.ppt,denis chaput shield.ppt,.ppt,other,55808,0.05,1158815766.0,0,UNLIKELY,False,,9114a18723f380e4c06349c77303906094e987604586468b04148505240ae1fa,1
3\My Documents\My Music\My Pictures\denischaput.cropped.jpg,denischaput.cropped.jpg,.jpg,image,18236,0.02,1158814936.0,0,UNLIKELY,False,,4610fccccea4e54f264230422245cc281e85d0cb5767321f43ce4c44fa02ef7a,1
3\My Documents\My Music\My Pictures\denischaput.jpg,denischaput.jpg,.jpg,image,88412,0.08,1158709526.0,0,UNLIKELY,False,,d5ff2cb9b98732271f0dead001e1f93ab0ad8d294277c5fc6a2be27187048952,1
3\My Documents\My Music\My Pictures\Desktop.ini,Desktop.ini,.ini,other,107,0.0,1265041398.0,0,UNLIKELY,False,,b1109664eb24cda95f9fb32a9db14467df1f320c4c3a6cf06b099557e75d56a8,1
3\My Documents\My Music\My Pictures\dining car oep.jpg,dining car oep.jpg,.jpg,image,25245,0.02,1205735276.0,0,UNLIKELY,False,,e92579a7f8279b25cf8deeef896d76689bbee3412c31cd9bc328a7040a238553,2
3\My Documents\My Music\My Pictures\Dining Car.jpg,Dining Car.jpg,.jpg,image,78263,0.07,1186968418.0,0,UNLIKELY,False,,e8edb2ba9d4d2f1f612f7955beeeffd86211e1679e84d628b3736b88682e4e89,1
3\My Documents\My Music\My Pictures\dividr6.gif,dividr6.gif,.gif,image,3287,0.0,1139117702.0,0,UNLIKELY,False,,c46c446bd63d4870bcf17298dfe63926593cb549bc82098c30447e1ae28f0deb,1
3\My Documents\My Music\My Pictures\dogs.jpg,dogs.jpg,.jpg,image,669950,0.64,1213914898.0,0,UNLIKELY,False,,757387ac55172bb8b9c3598b8d00a703cb4b37bf1bba2c554f80dec334a4d0d9,1
3\My Documents\My Music\My Pictures\dormerporch.bmp,dormerporch.bmp,.bmp,image,1673586,1.6,1185614716.0,0,UNLIKELY,False,,089f7000b76d5b4cb8d631f2972e216ec5094fa924bac74eb8fc8ab5313e138b,1
3\My Documents\My Music\My Pictures\drake1.bmp,drake1.bmp,.bmp,image,84798,0.08,1155015016.0,0,UNLIKELY,False,,a1adad31f2c2a791f6da356019d15768d25e959100d672fb749fff3669a76445,1
3\My Documents\My Music\My Pictures\drake2.bmp,drake2.bmp,.bmp,image,92910,0.09,1155015074.0,0,UNLIKELY,False,,0333d5bfc87f6ec7759d1d3e1c4f6bcaa911b4ad914d094b39947b6949c55929,1
3\My Documents\My Music\My Pictures\Drake_at_curve.jpg,Drake_at_curve.jpg,.jpg,image,37428,0.04,1155015268.0,0,UNLIKELY,False,,40b7611fcf57fed82e5aa4f32f7cb49a7de3ce99ab055caf788efd5d9997c403,1
3\My Documents\My Music\My Pictures\DUTY.jpg,DUTY.jpg,.jpg,image,22508,0.02,1163358524.0,0,UNLIKELY,False,,340a1ee42fdd053c3a466da8a36fe0665288f060ad818abdbde3db63bd79af42,1
3\My Documents\My Music\My Pictures\Earlier.JPG,Earlier.JPG,.jpg,image,124418,0.12,1180564966.0,0,UNLIKELY,False,,31b166625ca8a1ab5ae4cc31977c0867226d2598124c8ec9dd95b46b87f9985e,1
3\My Documents\My Music\My Pictures\Einstein at Princeton.ppt,Einstein at Princeton.ppt,.ppt,other,88064,0.08,1186616004.0,0,UNLIKELY,False,,9bc2fb35ce0c3e7b6c4e179c014849adf5e90b5c7b60c31a9eec2cee25f4cef6,1
3\My Documents\My Music\My Pictures\English village Dorn.jpg,English village Dorn.jpg,.jpg,image,139720,0.13,1219425996.0,0,UNLIKELY,False,,a946dc4154e70cfa77cd9f1a375567218e79c720fa1e16751d464674122ebe12,1
3\My Documents\My Music\My Pictures\enigmamachine.jpg,enigmamachine.jpg,.jpg,image,29130,0.03,1190513438.0,0,UNLIKELY,False,,8facf39b072d8d924cb660a38394115c2db20ac85488b871c6a37a5410ccc97c,1
3\My Documents\My Music\My Pictures\Escher's jewel.jpg,Escher's jewel.jpg,.jpg,image,138732,0.13,1172123688.0,0,UNLIKELY,False,,221dba466142539a897c9c293cd9e1880a682667c456d4386a2d3500329163e8,1
3\My Documents\My Music\My Pictures\Eskimo nebula.jpg,Eskimo nebula.jpg,.jpg,image,241360,0.23,1180312834.0,0,UNLIKELY,False,,00a2a3b25efc8f32d5c7f6311477e04ea88042e96a203348a0ee6d622001c02f,1
3\My Documents\My Music\My Pictures\FIERY RAILS.jpg,FIERY RAILS.jpg,.jpg,image,14997,0.01,1158657084.0,0,UNLIKELY,False,,6be404911a397468d86513ac50aa3cfb0049b7a2965e2e206b9fd07be911380b,1
3\My Documents\My Music\My Pictures\file.gif,file.gif,.gif,image,108927,0.1,1215099100.0,0,UNLIKELY,False,,47b0546c317734d188dd0c9684583e550601f806889fbe36df7ca5b7403a33e1,1
3\My Documents\My Music\My Pictures\filigree-divider_11_sm.gif,filigree-divider_11_sm.gif,.gif,image,815,0.0,1139116738.0,0,UNLIKELY,False,,d619166023d6c7d02288fb154ae40a6b6b5cce31ee2b68e1fc2989e1ccf49542,1
3\My Documents\My Music\My Pictures\filigree-divider_16_sm.gif,filigree-divider_16_sm.gif,.gif,image,501,0.0,1142481188.0,0,UNLIKELY,False,,f9d813c659ce43a8cc6e98f77e89c3717cbec159be5baed116f118bcb8f57d58,1
3\My Documents\My Music\My Pictures\filigree-divider_2_sm.gif,filigree-divider_2_sm.gif,.gif,image,756,0.0,1139116818.0,0,UNLIKELY,False,,df3e83fab453e0c13d15e2d79ed056e2a21e34c6dafe5e6b3487dde26bb10918,1
3\My Documents\My Music\My Pictures\filigree-divider_7_sm.gif,filigree-divider_7_sm.gif,.gif,image,671,0.0,1139116782.0,0,UNLIKELY,False,,f8e449d52322abc9dfbcd97c9ab28e5801905e02d7dc281f50d7d0022a7e1f9b,1
3\My Documents\My Music\My Pictures\FINLAND.jpg,FINLAND.jpg,.jpg,image,367084,0.35,1185684752.0,0,UNLIKELY,False,,56b3ad43e56bade27cd6190a95531822909ba259dd460615d64ce18da7106807,1
"3\My Documents\My Music\My Pictures\Five Islands, Maine.jpg","Five Islands, Maine.jpg",.jpg,image,35385,0.03,1186968172.0,0,UNLIKELY,False,,f21eeb2af9086c3010e6fbdb9fec55297ebfc3a30086cc953d84ef959d5011f5,1
"3\My Documents\My Music\My Pictures\Five Islands, Maine2.jpg","Five Islands, Maine2.jpg",.jpg,image,26950,0.03,1186968276.0,0,UNLIKELY,False,,c5078191ed239b368305cc9f7f3c2a929670b2586cf645431db47f3a56fdf093,1
3\My Documents\My Music\My Pictures\flags.png,flags.png,.png,image,33263,0.03,1183682528.0,0,UNLIKELY,False,,fa9e98b181c63c5364808d43b4f713c84e492315b8483ede444c0530742d07ef,1
3\My Documents\My Music\My Pictures\floral-divider_10_sm.gif,floral-divider_10_sm.gif,.gif,image,1090,0.0,1147979640.0,0,UNLIKELY,False,,085dc7fecb0a4f1c22fc30e28dce4904f018e14be9a8fec104ca1b2c50ef2c3e,1
3\My Documents\My Music\My Pictures\floral-divider_8_md.gif,floral-divider_8_md.gif,.gif,image,3430,0.0,1139116618.0,0,UNLIKELY,False,,053c816a19e54e77dabfcc66fff6cd454c46c3182f8bae9d4e7cf12e9b45aede,1
3\My Documents\My Music\My Pictures\FRASER CANYON.jpg,FRASER CANYON.jpg,.jpg,image,366349,0.35,1183619596.0,0,UNLIKELY,False,,12ecee413837d40b452e51884643194d407e26f330e2dd89505d3202c7fc195f,1
3\My Documents\My Music\My Pictures\FRAUD Check_2067[1].jpg,FRAUD Check_2067[1].jpg,.jpg,image,19526,0.02,1175380584.0,0,UNLIKELY,False,,8e20ad300634f606d473d672d69f47b171eca5e650109ca59a064c2695f6ce60,1
3\My Documents\My Music\My Pictures\g-royal-hudson.jpg,g-royal-hudson.jpg,.jpg,image,37557,0.04,1155623486.0,0,UNLIKELY,False,,41500589dfac59ba9cc057295dc95ef1e7351f8a0a12ff7f48889ba4d7fc485a,1
3\My Documents\My Music\My Pictures\Galaxy Diner heading.gif,Galaxy Diner heading.gif,.gif,image,7257,0.01,1188705504.0,0,UNLIKELY,False,,c527e5c3b6abe645db1803a97a46dfd60d92552e74711235d5547fbcc20834bd,1
3\My Documents\My Music\My Pictures\gate.jpg,gate.jpg,.jpg,image,56813,0.05,1184569040.0,0,UNLIKELY,False,,287e854571a07b750181a52f780a22bf6661f724c132c3c4fcd015360717a61f,1
3\My Documents\My Music\My Pictures\geppetto'.jpg,geppetto'.jpg,.jpg,image,28667,0.03,1247288218.0,0,UNLIKELY,False,,99ef38e0cc03875ca43957dff764c94278232f2d998a65f44f6930851a0a53e3,1
3\My Documents\My Music\My Pictures\globesticker2.png,globesticker2.png,.png,image,35570,0.03,1247793958.0,0,UNLIKELY,False,,f9d208d30ac31217c60f6bb66f70db7b68a73a5bd25e219255d273c9e26472bf,1
3\My Documents\My Music\My Pictures\Gme%20Chaput.jpg,Gme%20Chaput.jpg,.jpg,image,13962,0.01,1159592874.0,0,UNLIKELY,False,,2e2bf3d4ae977f244132cad127500d674ba1ca800b5ffda78b4d873bb78ffb87,1
3\My Documents\My Music\My Pictures\goat canyon trestle.jpg,goat canyon trestle.jpg,.jpg,image,23848,0.02,1183532240.0,0,UNLIKELY,False,,a9a2531448050ca3413915621c0509050dc8dd0c5c3b4218d094e4cf7c078429,1
3\My Documents\My Music\My Pictures\GOLD LEAF DOME.jpg,GOLD LEAF DOME.jpg,.jpg,image,100356,0.1,1183603296.0,0,UNLIKELY,False,,3b4c44dfb7e60bcf8a091f3b3802fdb3864e5262402d3433d84de3d2af16fc35,1
3\My Documents\My Music\My Pictures\gold_suite.jpg,gold_suite.jpg,.jpg,image,28555,0.03,1205740336.0,0,UNLIKELY,False,,298ded0fc9670a16a1420aa5bcc10bfe7b7ebe757e8f41d1c018bc3175b3ac80,1
3\My Documents\My Music\My Pictures\grand central at bight.jpg,grand central at bight.jpg,.jpg,image,82691,0.08,1176864846.0,0,UNLIKELY,False,,4c7d76b1301e2e880ae8490a689cdd7d8e0f900679bae0d7a6a78b9b7f42a80f,1
3\My Documents\My Music\My Pictures\green dog.ppt,green dog.ppt,.ppt,other,432640,0.41,1191744850.0,0,UNLIKELY,False,,791a745c09bb77960fb036e1cf9d060a1e23e0394b88da739e02d374f57c2f1b,1
3\My Documents\My Music\My Pictures\grosmont-gv.jpg,grosmont-gv.jpg,.jpg,image,19502,0.02,1184487788.0,0,UNLIKELY,False,,167fceb9f6789b1144534ddcb00d246259ade4f35a6f4fa500780339ff526be1,1
3\My Documents\My Music\My Pictures\hajj.jpg,hajj.jpg,.jpg,image,299938,0.29,1182546802.0,0,UNLIKELY,False,,1064c5923018847f4fd4914e289315ced8ac4ed36fc5c50805c520c81c43b375,1
3\My Documents\My Music\My Pictures\harvard-yard-snow.jpg,harvard-yard-snow.jpg,.jpg,image,84502,0.08,1185685238.0,0,UNLIKELY,False,,9a583ffdd70e8d209d42e41a58e19648cff8bae4bc14cdbcc9dac52a3b84545d,1
3\My Documents\My Music\My Pictures\hodges-1955-convertible.jpg,hodges-1955-convertible.jpg,.jpg,image,32084,0.03,1187164802.0,0,UNLIKELY,False,,7d2a6924f4b9fcce3936715fd72030c9cbd1556a2f06029c69670583c3d5aad7,1
3\My Documents\My Music\My Pictures\horse & kid.jpg,horse & kid.jpg,.jpg,image,20867,0.02,1173059354.0,0,UNLIKELY,False,,50250e7802198583c6e4b0bdb0ca9d12f9f0692b98e36414c4a7cf53b6419d48,1
3\My Documents\My Music\My Pictures\horseback.jpg,horseback.jpg,.jpg,image,11969,0.01,1156914626.0,0,UNLIKELY,False,,22f6ee320de1fcd8bac65d532fe2af708687523f3dde388444971efe8dc8ce72,1
3\My Documents\My Music\My Pictures\house.bmp,house.bmp,.bmp,image,4678299,4.46,1169421210.0,0,UNLIKELY,False,,11794b2941292857198bde7efeafcd7a84412a211d64eecdda8d49734cfffade,1
3\My Documents\My Music\My Pictures\HunterHouse450pxWide.jpg,HunterHouse450pxWide.jpg,.jpg,image,261940,0.25,1247949066.0,0,UNLIKELY,False,,d7fa4518c2bf807a4ed09cd1af51026e07412dce784fbb517f233e9948f7ec50,1
3\My Documents\My Music\My Pictures\INSIDE THE GUARD TOWER.jpg,INSIDE THE GUARD TOWER.jpg,.jpg,image,78852,0.08,1158656378.0,0,UNLIKELY,False,,d659790f0ef44e5c2ac46b6abeaccd73211ffedb50619b5517cb9c4e1b88a02f,1
3\My Documents\My Music\My Pictures\interior.jpg,interior.jpg,.jpg,image,3962,0.0,1158711680.0,0,UNLIKELY,False,,71e9f4a5154c678ebb1b7414de5e3a42e06c1656dad338375bedb719f1385311,1
3\My Documents\My Music\My Pictures\intricate.scroll.gif,intricate.scroll.gif,.gif,image,9850,0.01,1133687912.0,0,UNLIKELY,False,,cdeb59ee7c010f05aa5894c9f286af9e81af1437c9d503cbe939af20ae22cc7e,1
3\My Documents\My Music\My Pictures\iowa fog.jpg,iowa fog.jpg,.jpg,image,490040,0.47,1209492666.0,0,UNLIKELY,False,,33efd45529bdd0dda8378355184c65ad7c99470a1e2d1ca3282f58e1698af848,1
3\My Documents\My Music\My Pictures\iris-closeup.jpg,iris-closeup.jpg,.jpg,image,79442,0.08,1150529650.0,0,UNLIKELY,False,,6db68173511f6b28b86469ea3f2ee552a674ac0b045acdc9148ee5209aafd12c,1
3\My Documents\My Music\My Pictures\Jack.jpg,Jack.jpg,.jpg,image,29828,0.03,1191001908.0,0,UNLIKELY,False,,827a8b4e8507fbb582c1543d14bd48c8767059d39d9718172a72f262fb891f85,1
3\My Documents\My Music\My Pictures\JalalMohammadzai.jpg,JalalMohammadzai.jpg,.jpg,image,78772,0.08,1156909982.0,0,UNLIKELY,False,,8c897f98ee00938e74e36fcc9e832d58bcdf8520435a38f0847385c3f8d05d37,1
3\My Documents\My Music\My Pictures\JEEP.jpg,JEEP.jpg,.jpg,image,190091,0.18,1161799004.0,0,UNLIKELY,False,,ec02ddd2e053ce0a26a2f3fdc2ea754f496a83fa35a30b78deb3ecc577ed51c8,1
3\My Documents\My Music\My Pictures\Kaabah.jpg,Kaabah.jpg,.jpg,image,229280,0.22,1207810574.0,0,UNLIKELY,False,,3a7845acbed7a983c05d9648ba016e93cf2811f65ed4e946b4b9a1d0ead9fb2d,1
3\My Documents\My Music\My Pictures\kiev winter.jpg,kiev winter.jpg,.jpg,image,103938,0.1,1154070074.0,0,UNLIKELY,False,,8e3b01916f5ac3fb47028037b646d774184378239b10d24bd205957e68d895d0,1
3\My Documents\My Music\My Pictures\kinkade-evening-on-avenue.jpg,kinkade-evening-on-avenue.jpg,.jpg,image,283576,0.27,1187486100.0,0,UNLIKELY,False,,b808183f02b67e977492bc8f8e5c55fd0799e2d5b44b29d993b9a7f66f6b8c39,1
3\My Documents\My Music\My Pictures\Kiss.jpg,Kiss.jpg,.jpg,image,41550,0.04,1208109890.0,0,UNLIKELY,False,,ba6edd2cf4839f3016e9f7a882652ff0c8669f863eb75c6060dc8468d0743130,1
3\My Documents\My Music\My Pictures\kol13a.jpg,kol13a.jpg,.jpg,image,22232,0.02,1209623350.0,0,UNLIKELY,False,,2e769d0778a1db206bff0a6bb7a6c2716d68bf17925cf60a1ee46da1afe8318f,1
3\My Documents\My Music\My Pictures\kol14a.jpg,kol14a.jpg,.jpg,image,22751,0.02,1209623606.0,0,UNLIKELY,False,,02f45a9c31677c5602ffca8138742c717689f41f45c78e56756af590438ed34e,1
3\My Documents\My Music\My Pictures\kol15a.jpg,kol15a.jpg,.jpg,image,28005,0.03,1209623454.0,0,UNLIKELY,False,,924abb085319b31321dd5ba6df873a1a6c4d8b2d798a003129d62a5b5a622178,1
3\My Documents\My Music\My Pictures\kol16a.jpg,kol16a.jpg,.jpg,image,26416,0.03,1209623402.0,0,UNLIKELY,False,,9f6f90849565f4a1494980bc4b1a108d66eb5056d17c3c6432f91d2b3e891f02,1
3\My Documents\My Music\My Pictures\kol1a.jpg,kol1a.jpg,.jpg,image,16704,0.02,1209623278.0,0,UNLIKELY,False,,fdacb001725ff3d1b3d13e4ce6cd806afdb479563820e835104068d8451a6fb6,1
3\My Documents\My Music\My Pictures\kol4a.jpg,kol4a.jpg,.jpg,image,14758,0.01,1209623720.0,0,UNLIKELY,False,,56f04cd14f33e823e0a28d87edebbf2bf453349d655d631849b835d9d46c753e,1
3\My Documents\My Music\My Pictures\L-SHAPE.jpg,L-SHAPE.jpg,.jpg,image,84137,0.08,1164749848.0,0,UNLIKELY,False,,f0823d2cd052ad48ee3f38033a30e7cdc63a2e6a5d6614cb34d07a7b41e91db8,1
3\My Documents\My Music\My Pictures\L-Shaped With Deck.jpg,L-Shaped With Deck.jpg,.jpg,image,82096,0.08,1164678250.0,0,UNLIKELY,False,,473ca24189d3b87c06e0e31e86bed9a28fdc456c1b451782f387aed8f5d1d432,1
3\My Documents\My Music\My Pictures\lab_image_seanymph2.jpg,lab_image_seanymph2.jpg,.jpg,image,11801,0.01,1220924844.0,0,UNLIKELY,False,,3402589bebcab17f156b96b7a9edf11e6cb8fd9abc0300fc27bdd7abd1b85ac6,1
3\My Documents\My Music\My Pictures\leaf.jpg,leaf.jpg,.jpg,image,1156,0.0,1134853328.0,0,UNLIKELY,False,,4d6ec4eb4aea3c4d1ec32af44c294e97cc5e5231a94d072ab8b100cebe5adec9,1
"3\My Documents\My Music\My Pictures\leba, poland1.jpg","leba, poland1.jpg",.jpg,image,33858,0.03,1249536692.0,0,UNLIKELY,False,,e018bf9bff92afd541ff63eef08dd2e4960f4e3e892edcb36c4362166fd6dce7,1
3\My Documents\My Music\My Pictures\leba10.jpg,leba10.jpg,.jpg,image,899018,0.86,1249537764.0,0,UNLIKELY,False,,9f4f078815bef0868818d653557698366f5164ee8b3caeaf2fe956ce0e3d0252,1
3\My Documents\My Music\My Pictures\leba2.jpg,leba2.jpg,.jpg,image,4330,0.0,1249536758.0,0,UNLIKELY,False,,4f5849d8f3d5b8973769fab62f0ed8f43964ffab5c882f9d3e0a85abaf2378b0,1
3\My Documents\My Music\My Pictures\leba3.jpg,leba3.jpg,.jpg,image,4066,0.0,1249536756.0,0,UNLIKELY,False,,194e42171e635bf46fe470de09d87a26d2848a5611dde7676bc3cbe97d221268,1
3\My Documents\My Music\My Pictures\leba5.jpg,leba5.jpg,.jpg,image,22871,0.02,1249538114.0,0,UNLIKELY,False,,199d7b467a7b599ba35d75023cd1ceb8fe44b6a429dd31ed38b65e0b3219b485,1
3\My Documents\My Music\My Pictures\leba7.jpg,leba7.jpg,.jpg,image,861249,0.82,1249537272.0,0,UNLIKELY,False,,d06357c15fcc3268205b8271037c4bdd712b97967018c47b5f2ef8459f9fbd3d,1
3\My Documents\My Music\My Pictures\leba9.jpg,leba9.jpg,.jpg,image,1512612,1.44,1249537672.0,0,UNLIKELY,False,,74887a6deaf8294965018f62cdf61ca73635c3cb22b575bc379d92072bcb55a9,1
3\My Documents\My Music\My Pictures\loft.jpg,loft.jpg,.jpg,image,35211,0.03,1185617878.0,0,UNLIKELY,False,,35442f041497bea76d71c57aa21cfd345686e56d098e1910f181105365826705,1
3\My Documents\My Music\My Pictures\logo2.gif,logo2.gif,.gif,image,5279,0.01,1158719954.0,0,UNLIKELY,False,,adf3c07e1fe1359048b49d5a0ab87e9924639fc6e67e6f6919d7e9bcc9d59b73,1
3\My Documents\My Music\My Pictures\Lone Ranger.jpg,Lone Ranger.jpg,.jpg,image,59968,0.06,1158481232.0,0,UNLIKELY,False,,d7f65bb155f13cf3a0a75e0c4a1e8c5f78fed0a1c03e88032a74b42119a71f58,1
3\My Documents\My Music\My Pictures\lovecraft.png,lovecraft.png,.png,image,1004410,0.96,1185750846.0,0,UNLIKELY,False,,b58193a2661203c04af4b480cf987b1e34763f7e9f8b345666d8fba6c3ced941,1
3\My Documents\My Music\My Pictures\Lowell's gate.jpg,Lowell's gate.jpg,.jpg,image,5425,0.01,1159262746.0,0,UNLIKELY,False,,4f8053a1341c7e7a85409ada45e8d151fb6a4f6584a8adf52e8106a87f896a13,1
3\My Documents\My Music\My Pictures\lowell's stairs.jpg,lowell's stairs.jpg,.jpg,image,4899,0.0,1159262814.0,0,UNLIKELY,False,,d8b797a739307f6613409e3fd5ac190afdcaa00b18652d9a9b4e6fe9e29ad011,1
3\My Documents\My Music\My Pictures\lowell_anvil.jpg,lowell_anvil.jpg,.jpg,image,20589,0.02,1159262546.0,0,UNLIKELY,False,,9140b5d19941c18627021e2545ea1f75a6186b36b042b804ff8675776918e160,1
3\My Documents\My Music\My Pictures\Lucia.jpg,Lucia.jpg,.jpg,image,101761,0.1,1189054520.0,0,UNLIKELY,False,,94f85f2467ddcde0533c06e0f8f0e86b49b5e1107ca5ec7a7084ba0e69a5f69c,1
3\My Documents\My Music\My Pictures\MadameX3.jpg,MadameX3.jpg,.jpg,image,72111,0.07,1191110416.0,0,UNLIKELY,False,,d160ebe705232329cc8a49bddcf87bf51dfb3ee4fb747b7d87bbd51f4ba101c7,1
3\My Documents\My Music\My Pictures\madison-flag-x.jpg,madison-flag-x.jpg,.jpg,image,138548,0.13,1247951068.0,0,UNLIKELY,False,,11d10329181ead3eac0edc38d626cf169dade9b9d05c59c7cef4d156ff0be485,1
3\My Documents\My Music\My Pictures\MapTownPawletend.jpg,MapTownPawletend.jpg,.jpg,image,5404,0.01,1218592654.0,0,UNLIKELY,False,,555cfc8ecd4d0825c38befa0bddc4eb8503e17742891533e7d9de852f1b22638,2
3\My Documents\My Music\My Pictures\Mata Hari.jpg,Mata Hari.jpg,.jpg,image,9942,0.01,1187939584.0,0,UNLIKELY,False,,6f93c57c36917df74e2d174c3f304581cea44da3061b8d8391b74783fd06c139,1
3\My Documents\My Music\My Pictures\media_nl;jsessionid=0a0108431f435d93484c8ae949a786fdaf2f123240cf.jpg,media_nl;jsessionid=0a0108431f435d93484c8ae949a786fdaf2f123240cf.jpg,.jpg,image,152425,0.15,1207814554.0,0,UNLIKELY,False,,3dbcdbaa8e0b64d160356f10e8c61c8de8ced75bea80cd76fa32a270eaf740ff,1
3\My Documents\My Music\My Pictures\memories.jpg,memories.jpg,.jpg,image,50676,0.05,1207386732.0,0,UNLIKELY,False,,96ea62441c17562cf7aa235fe822fea683afdf7cbb6c900283d53c5a517637a6,1
3\My Documents\My Music\My Pictures\Midnight.JPG,Midnight.JPG,.jpg,image,319631,0.3,1180556230.0,0,UNLIKELY,False,,bd373c57b6623ac96ace376bdbbb4d81ddde772062338dcccea0d67136754e15,1
3\My Documents\My Music\My Pictures\MorganCountyCourthouseTH.jpg,MorganCountyCourthouseTH.jpg,.jpg,image,29468,0.03,1247948988.0,0,UNLIKELY,False,,859dfe05f8051a24df2533baaaf6bff1bfb89cca16437ad55a92311ec81711b6,1
3\My Documents\My Music\My Pictures\MOULIN ROSE.jpg,MOULIN ROSE.jpg,.jpg,image,78889,0.08,1163840518.0,0,UNLIKELY,False,,8c80e2101ec0954505c3db85236232f20506dc7b76d6471366ed15cd69f58796,1
3\My Documents\My Music\My Pictures\MountHollystation.jpg,MountHollystation.jpg,.jpg,image,71099,0.07,1218592656.0,0,UNLIKELY,False,,a6ff3590f29f46f6433e0b12086f2d82441da5f21291f814337b379b58c1137a,1
3\My Documents\My Music\My Pictures\movementmounting.jpg,movementmounting.jpg,.jpg,image,23350,0.02,1248744350.0,0,UNLIKELY,False,,b125486bf603848031f3f8cc8b5da738c3191d9c97da933cbd1e2313ffe05488,1
3\My Documents\My Music\My Pictures\Moving_Out.jpg,Moving_Out.jpg,.jpg,image,32276,0.03,1209621684.0,0,UNLIKELY,False,,755627ff2e7564d86f1049b4b075a22578603bec464fa773e4ac784282a1023f,1
3\My Documents\My Music\My Pictures\Mt. Holly station.jpg,Mt. Holly station.jpg,.jpg,image,14798,0.01,1217481688.0,0,UNLIKELY,False,,4909a19de2049b8addcf39246b191bbf4da4844c4cdd75d06fad6bbb7386a6b1,1
3\My Documents\My Music\My Pictures\mums2.jpg,mums2.jpg,.jpg,image,28362,0.03,1151205960.0,0,UNLIKELY,False,,c6b88009c94f61d6720f18050f49ee06faeba11101f412dd9347b66c5b1c40a1,1
3\My Documents\My Music\My Pictures\murderontheorientexpress.jpg,murderontheorientexpress.jpg,.jpg,image,93133,0.09,1205736970.0,0,UNLIKELY,False,,b230d4bce6567e7ebb11abc0b90370e0e824f41d13de28bf8a9c1f45b998e92e,1
3\My Documents\My Music\My Pictures\National Airport.jpg,National Airport.jpg,.jpg,image,23809,0.02,1165786194.0,0,UNLIKELY,False,,b3a81155406f23c9416f9402629010f9f4750c062d0ec0bb5de354f4100b3e07,1
3\My Documents\My Music\My Pictures\neonopen24_gif.png,neonopen24_gif.png,.png,image,5233,0.0,1220910870.0,0,UNLIKELY,False,,a0d2d6dd2dc9445cc4d7634518f80e874287432801f462011f032d442b8a8e7c,1
3\My Documents\My Music\My Pictures\New_20th_Century_Ltd.jpg,New_20th_Century_Ltd.jpg,.jpg,image,32015,0.03,1176864468.0,0,UNLIKELY,False,,75a5b97a7b5ed9e5094383f3adc3b7a15914ad79fb95b6d6c5fa94265cfcef04,1
3\My Documents\My Music\My Pictures\Nicolaas_Rubens_art.jpg,Nicolaas_Rubens_art.jpg,.jpg,image,96221,0.09,1183025204.0,0,UNLIKELY,False,,7f7cd47b78cfb0dab1d1bf5cf2b5cf4083b65133adf26470d124a1c43793fa80,1
3\My Documents\My Music\My Pictures\Norse_Nine_Worlds.jpg,Norse_Nine_Worlds.jpg,.jpg,image,22109,0.02,1205299114.0,0,UNLIKELY,False,,c54525df7a2980be71f1a168f0ff704c2c5bbd1562d2b530351275a2ba392bd2,1
3\My Documents\My Music\My Pictures\oak stairs painted.jpg,oak stairs painted.jpg,.jpg,image,81994,0.08,1185619060.0,0,UNLIKELY,False,,f674c48edc07049152d31a9c6e72c5e50dea46a8dc57ccfd1dd0c51dca38e2b4,1
3\My Documents\My Music\My Pictures\oep.jpg,oep.jpg,.jpg,image,25245,0.02,1205735276.0,0,UNLIKELY,False,,e92579a7f8279b25cf8deeef896d76689bbee3412c31cd9bc328a7040a238553,2
3\My Documents\My Music\My Pictures\oep32.jpg,oep32.jpg,.jpg,image,138507,0.13,1205737838.0,0,UNLIKELY,False,,6955e4674e6ac1c9e4c4d7291694c40620f6231e30d779c6f1c2bdb664bde9b2,1
3\My Documents\My Music\My Pictures\Ogunquit River.jpg,Ogunquit River.jpg,.jpg,image,15434,0.01,1192467328.0,0,UNLIKELY,False,,d158cdf8a8d638176fde64f52298063ae4f38c51fa50898b48d465533532d872,1
3\My Documents\My Music\My Pictures\orchid3.jpg,orchid3.jpg,.jpg,image,88131,0.08,1150092450.0,0,UNLIKELY,False,,3b5c503ba7b2784d9de83d66037fd61626e273657f8770a4b8d45e83b05e8f71,1
3\My Documents\My Music\My Pictures\orient-express.jpg,orient-express.jpg,.jpg,image,17196,0.02,1205772020.0,0,UNLIKELY,False,,38fba4636036d49d23d34a6bc6acfb25cc728f021ace4add38e2bcd2925554d9,1
3\My Documents\My Music\My Pictures\OVERHEAD BLUEPRINT.bmp,OVERHEAD BLUEPRINT.bmp,.bmp,image,4678299,4.46,1170550184.0,0,UNLIKELY,False,,60ba005e04cf4d54b396c2500917bb592d0639d41e27b109db7e731f9b51cd29,1
3\My Documents\My Music\My Pictures\OVERHEAD NIGHT.bmp,OVERHEAD NIGHT.bmp,.bmp,image,4678299,4.46,1170552026.0,0,UNLIKELY,False,,cdbff0429290705e6ae9191bf890efbeebd91b43c6377b5bd35e6caa0edc9b69,1
3\My Documents\My Music\My Pictures\OVERHEAD NO ROOF.bmp,OVERHEAD NO ROOF.bmp,.bmp,image,4678299,4.46,1171061782.0,0,UNLIKELY,False,,7422b0275fbf2a42a1d60e5378266e8398007d5622d82ef1e067d1f883f4ee2d,1
3\My Documents\My Music\My Pictures\OVERHEAD WITH EXTRA ROOM.bmp,OVERHEAD WITH EXTRA ROOM.bmp,.bmp,image,2590614,2.47,1171182230.0,0,UNLIKELY,False,,8f380455e8e0196e228f790ad2360d7cf5e77d575544877115d5c4c13e984f60,1
3\My Documents\My Music\My Pictures\OVERHEAD WITH EXTRA ROOM2.bmp,OVERHEAD WITH EXTRA ROOM2.bmp,.bmp,image,2590614,2.47,1171182404.0,0,UNLIKELY,False,,f6cd7bd30645755115528fc1e3b43bf785ed4b0a44784abb97496fa246388571,1
3\My Documents\My Music\My Pictures\OVERHEAD&FRONT.bmp,OVERHEAD&FRONT.bmp,.bmp,image,4678299,4.46,1171061582.0,0,UNLIKELY,False,,6883b504b714dd2dd750218e95e25dad96bfb9771159330dad141a8dd86a0e33,1
3\My Documents\My Music\My Pictures\OVERHEAD.bmp,OVERHEAD.bmp,.bmp,image,2590614,2.47,1171181554.0,0,UNLIKELY,False,,ece2564982212a44cbb6845003708a9308e22aa6bf16e7790175f194a4860d42,1
3\My Documents\My Music\My Pictures\panoramique_en.jpg,panoramique_en.jpg,.jpg,image,14625,0.01,1183607152.0,0,UNLIKELY,False,,bc15ab29efe5a632750cb555e87ebb06da43043768a69f12722604deb4092676,1
3\My Documents\My Music\My Pictures\Paragliding.jpg,Paragliding.jpg,.jpg,image,159425,0.15,1204477850.0,0,UNLIKELY,False,,829513288444a446dee5c0a3a54fe7df4a0179773cacc4a5d51e301f0a2b1601,1
3\My Documents\My Music\My Pictures\ParisVictoriaOrientExpress.jpg,ParisVictoriaOrientExpress.jpg,.jpg,image,30472,0.03,1205736768.0,0,UNLIKELY,False,,f3a869c0c5ff78df0ef760eed020180459a9e8669d4a1f80a6a7b08be0d5ac24,1
3\My Documents\My Music\My Pictures\ParnKing.jpg,ParnKing.jpg,.jpg,image,32118,0.03,1187996392.0,0,UNLIKELY,False,,f9e1fc74cc78e5fce97149c41616757eb23d98b59fb1312ce8bde8623a65e42e,1
3\My Documents\My Music\My Pictures\Pathfinder Force Norwich Cathedral.jpg,Pathfinder Force Norwich Cathedral.jpg,.jpg,image,48501,0.05,1215204900.0,0,UNLIKELY,False,,e94606147df45c6b99490f6f69ff7390d268f279b543775999d729b9e025fe41,1
3\My Documents\My Music\My Pictures\Pavarotti.jpg,Pavarotti.jpg,.jpg,image,143531,0.14,1189292178.0,0,UNLIKELY,False,,9b063abc03f8bfa5ec52e0fad95f750e16bb7528fcdf35fcae085b87ddfd7887,1
3\My Documents\My Music\My Pictures\PearsCherries1.jpg,PearsCherries1.jpg,.jpg,image,51553,0.05,1165695970.0,0,UNLIKELY,False,,5bf0a743a1780f7fb69a0ebc91dfb7dbfbe05a6a03540d8f22012e197a0a8391,2
3\My Documents\My Music\My Pictures\PearsCherries2.jpg,PearsCherries2.jpg,.jpg,image,69673,0.07,1165695662.0,0,UNLIKELY,False,,4fd39d43e176c1d9c182436a2f63d3c27751c318c89aeaf8abb1f0fa8eca41ed,1
3\My Documents\My Music\My Pictures\PearsCherries3.jpg,PearsCherries3.jpg,.jpg,image,35043,0.03,1165695918.0,0,UNLIKELY,False,,d50f1931bd730c2385968d09e4f0ddf16ccc7c0be8edc214ff353e1473cc6a4b,1
3\My Documents\My Music\My Pictures\PearsCherries4.jpg,PearsCherries4.jpg,.jpg,image,51553,0.05,1165695970.0,0,UNLIKELY,False,,5bf0a743a1780f7fb69a0ebc91dfb7dbfbe05a6a03540d8f22012e197a0a8391,2
3\My Documents\My Music\My Pictures\PearsCherries5.jpg,PearsCherries5.jpg,.jpg,image,35418,0.03,1165695926.0,0,UNLIKELY,False,,150784abcaf1efb8dadace4b6f1f4aa5ec4eef703aa9a0763061b10ec7276612,1
3\My Documents\My Music\My Pictures\PEARSPLANFIRST.jpg,PEARSPLANFIRST.jpg,.jpg,image,47373,0.05,1165695796.0,0,UNLIKELY,False,,79538222ebff8158646aac9e8e16a4f5f3818213acc5343da874a2c93a05c784,1
3\My Documents\My Music\My Pictures\PEARSPLANSECOND.jpg,PEARSPLANSECOND.jpg,.jpg,image,37091,0.04,1165695864.0,0,UNLIKELY,False,,fd60ca60bc0bfc9546ec18b9a6e257fb3d6756a7d0e4bf026885b749f6a3db7e,1
3\My Documents\My Music\My Pictures\Periodic_Table.jpg,Periodic_Table.jpg,.jpg,image,657255,0.63,1206154560.0,0,UNLIKELY,False,,6e9027d087c91ba2ed1fd381b8450032fe357d3e2529b71f2efb07164df34a17,1
3\My Documents\My Music\My Pictures\Picture1.jpg,Picture1.jpg,.jpg,image,51211,0.05,1186529536.0,0,UNLIKELY,False,,ab4ef254c6222daaf753df2207a590f94bb25435ee9d729df110abcba4c8b32e,1
3\My Documents\My Music\My Pictures\Pink Chaput.png,Pink Chaput.png,.png,image,1511,0.0,1188707370.0,0,UNLIKELY,False,,7b74b4c2dd0091e59c647f9a2bd39a5232c9ad0510301828c2355acf8780aa33,1
3\My Documents\My Music\My Pictures\PINK CLIFFS.jpg,PINK CLIFFS.jpg,.jpg,image,69704,0.07,1162181846.0,0,UNLIKELY,False,,61b16c1fe823866b9e8813719be0c56b381010740476f5fd70a4e94a247774ed,1
3\My Documents\My Music\My Pictures\poland.gif,poland.gif,.gif,image,75476,0.07,1248461552.0,0,UNLIKELY,False,,1070088e8ab4bb9456c2b0b5878de2b03a3925c9bfb7420fd6bbf2b8fe123187,1
3\My Documents\My Music\My Pictures\policeline.gif,policeline.gif,.gif,image,6580,0.01,1183948152.0,0,UNLIKELY,False,,718c3c03f6ce1c59287d515adc1f8c0dae20bca632b5ff041e55f32714aeb49e,1
3\My Documents\My Music\My Pictures\Quebec flag.jpg,Quebec flag.jpg,.jpg,image,1492,0.0,1166550976.0,0,UNLIKELY,False,,eae02e9e28006aa40304e4e1fc0b791c04fad9ca8d95665d78816b396fd8dcbd,1
3\My Documents\My Music\My Pictures\quebec.jpg,quebec.jpg,.jpg,image,82778,0.08,1164275476.0,0,UNLIKELY,False,,4cad7f6226ac26fe7c49d76f6d9c82b286b84a2ed5a915e380052b69041bfaeb,1
3\My Documents\My Music\My Pictures\RCMusic Hall organ.jpg,RCMusic Hall organ.jpg,.jpg,image,3666,0.0,1169439412.0,0,UNLIKELY,False,,9b9062c3af9288a1cb1effb049b083c421696b45ebd29b7ea018d68231c2feb2,1
3\My Documents\My Music\My Pictures\RDCinSnow.jpg,RDCinSnow.jpg,.jpg,image,6004,0.01,1189482184.0,0,UNLIKELY,False,,75fd552d8f9c018d7fd7ce088cbc650a9b28b13bb7a3ff84f71a83ca8d5c3d21,1
3\My Documents\My Music\My Pictures\RED OCTOBER.jpg,RED OCTOBER.jpg,.jpg,image,12172,0.01,1161742468.0,0,UNLIKELY,False,,57b0fd75696477572ff263755a6eff122609524554076d0a1e93dd75253a57e4,1
3\My Documents\My Music\My Pictures\RED RYDER.bmp,RED RYDER.bmp,.bmp,image,1530834,1.46,1185566586.0,0,UNLIKELY,False,,b6a442902eecaf029a8aba81d5d0e8124bff89e29c1ae6a14f9f43fa18f47377,1
3\My Documents\My Music\My Pictures\Remote Cabin.jpg,Remote Cabin.jpg,.jpg,image,31113,0.03,1164820784.0,0,UNLIKELY,False,,fef965bc34dda3bb83fc5cb4602ca0bcc2b38b49a16a98540216966951f2fe6a,1
3\My Documents\My Music\My Pictures\ripplestation.jpg,ripplestation.jpg,.jpg,image,34552,0.03,1184487400.0,0,UNLIKELY,False,,abe718f4a118443f39fb499f4a7d9086a82249d6875039d38a908e551d647c37,1
3\My Documents\My Music\My Pictures\Riva Aquarama with sundeck.jpg,Riva Aquarama with sundeck.jpg,.jpg,image,65723,0.06,1215621288.0,0,UNLIKELY,False,,c4dd1ba79ee4c08e8f82f0842bcf36607cc6aaa808948ce0e443787d33fe5e50,1
3\My Documents\My Music\My Pictures\Riva boatworks for Veuve Clicquot.jpg,Riva boatworks for Veuve Clicquot.jpg,.jpg,image,41203,0.04,1215616064.0,0,UNLIKELY,False,,ff433f62b7f095624cded7f5cd13100661a9cd705d7f61097a66a1ea0be94358,1
3\My Documents\My Music\My Pictures\River Fireworks.jpg,River Fireworks.jpg,.jpg,image,109857,0.1,1215204644.0,0,UNLIKELY,False,,f7acb75c08e93a03031cf3102bffcdedffe912bedaafe5bf9503e1ff47c9e0c0,1
3\My Documents\My Music\My Pictures\ROYALHUDSON.jpg,ROYALHUDSON.jpg,.jpg,image,4844,0.0,1155623232.0,0,UNLIKELY,False,,3934c579a5c9eab64c64f385ce718df7b68872db1c2596aec3acca79c2db96a2,1
3\My Documents\My Music\My Pictures\runaways.jpg,runaways.jpg,.jpg,image,9998,0.01,1183667848.0,0,UNLIKELY,False,,2c642b73f279de7250dfc1761b8272197b9b0bd64e1071767c312cade6b5d412,1
3\My Documents\My Music\My Pictures\runes.gif,runes.gif,.gif,image,7293,0.01,1205428332.0,0,UNLIKELY,False,,99df0873364ef4b811d06c2c69a939b290ab83cea5b6d4d22b83bcf6d7923205,1
3\My Documents\My Music\My Pictures\Sample Pictures.lnk,Sample Pictures.lnk,.lnk,other,668,0.0,1161239960.0,0,UNLIKELY,False,,8d56c41d8bb2a78641b28a6d982e6afa51b0afff8f80b7d6c4685a0531db497d,1
3\My Documents\My Music\My Pictures\Sargent.gif,Sargent.gif,.gif,image,56105,0.05,1197515712.0,0,UNLIKELY,False,,a063be3a9a21f293abf3de2b5885fe4d3aaf6076c42e603ae7d803eb7a86782e,1
3\My Documents\My Music\My Pictures\scchristmas.jpg,scchristmas.jpg,.jpg,image,360782,0.34,1158132522.0,0,UNLIKELY,False,,48d8af1bd3ac6575734fe310d5dd640fe490bf5f47684aa50650937038da5d1a,1
3\My Documents\My Music\My Pictures\scext.bmp,scext.bmp,.bmp,image,720054,0.69,1158132092.0,0,UNLIKELY,False,,2935a70380dd6970d11f3b1a0e25787bbcd12a504627f6cbc34b90b633e26cd0,1
3\My Documents\My Music\My Pictures\scext1.jpg,scext1.jpg,.jpg,image,91232,0.09,1158132690.0,0,UNLIKELY,False,,a7d24ae41551cb901707280e209d7849ef7cdba2a4cf978f04cf0d78a091a89c,1
3\My Documents\My Music\My Pictures\scext2.gif,scext2.gif,.gif,image,84779,0.08,1158132810.0,0,UNLIKELY,False,,4c01067524a6f9f1da66552412f70f244e8b044a5aad57bc26c6d3d921550fcd,1
3\My Documents\My Music\My Pictures\scext3.jpg,scext3.jpg,.jpg,image,62097,0.06,1158132860.0,0,UNLIKELY,False,,c3b15ba5ce7178c3c679760e25e2d70d1460ee23007fdfae1db2532a950dceb6,1
3\My Documents\My Music\My Pictures\scext3minn.jpg,scext3minn.jpg,.jpg,image,44765,0.04,1158132978.0,0,UNLIKELY,False,,119aa9c6b6fae6c64833f26f0397ecc3678c2ee3bcfa71814e0aa1f0ee125837,1
3\My Documents\My Music\My Pictures\scext4.jpg,scext4.jpg,.jpg,image,221453,0.21,1158133198.0,0,UNLIKELY,False,,fa2a3d83d6ebd1db7950175cc70a694e3299a07100b8f0e6961740aadd7486f7,1
3\My Documents\My Music\My Pictures\scext5.jpg,scext5.jpg,.jpg,image,28193,0.03,1158133482.0,0,UNLIKELY,False,,1e03f3cac3a7b9ab05412386946e46d3c43bb4ab435c01048ac1348dc40511f6,1
3\My Documents\My Music\My Pictures\scext6.jpg,scext6.jpg,.jpg,image,54428,0.05,1158133576.0,0,UNLIKELY,False,,a59968687331911969e065eed714f70b5f7dc357dcd4a17389b6f94d8cfdfc6f,1
3\My Documents\My Music\My Pictures\scint.jpg,scint.jpg,.jpg,image,104422,0.1,1158132038.0,0,UNLIKELY,False,,d40ae98e9ce3f28ca60ccc973fccfa8928bfebfe9df186029a440c06ed700c07,1
3\My Documents\My Music\My Pictures\scint1.jpg,scint1.jpg,.jpg,image,246020,0.23,1158132608.0,0,UNLIKELY,False,,a61303a4683714db87097f6faed63000f8dd3189e9c87f7f6bd85493b312492c,1
3\My Documents\My Music\My Pictures\sherman.jpg,sherman.jpg,.jpg,image,7250,0.01,1185677116.0,0,UNLIKELY,False,,cd8631a1b84967c92525f3ce97c7992051e954c08bd8f9ffa50d1afcc861f6f0,1
3\My Documents\My Music\My Pictures\shermanmap.jpg,shermanmap.jpg,.jpg,image,46346,0.04,1212303010.0,0,UNLIKELY,False,,0eac0dbcdbd39a145a725e0ae30e1e5206c65661ff1f7ff78cae8d797764bcb0,1
3\My Documents\My Music\My Pictures\smallGME.jpg,smallGME.jpg,.jpg,image,4823,0.0,1241392758.0,0,UNLIKELY,False,,4b557e8c018264f0133b4493f07d11fc20d0b461f8ea941c40212944a4d65411,1
3\My Documents\My Music\My Pictures\snow crystal.bmp,snow crystal.bmp,.bmp,image,284294,0.27,1204443652.0,0,UNLIKELY,False,,5a8a00a80ebaf565514f16f420fed50b56bf78709e1afd2b2164b327ca754c7d,1
3\My Documents\My Music\My Pictures\snow white lobby.jpg,snow white lobby.jpg,.jpg,image,100511,0.1,1247287358.0,0,UNLIKELY,False,,03cd2694840d142747bfe0f6ab71bffb06fc29418ff5a9b39732fde1a1513623,1
3\My Documents\My Music\My Pictures\snowplow.jpg,snowplow.jpg,.jpg,image,30875,0.03,1185766592.0,0,UNLIKELY,False,,926e31c4a040c7940b9a6a34354211ead1fb86d09b16cd373f3b92e2c3cf0892,1
3\My Documents\My Music\My Pictures\sonic boom.jpg,sonic boom.jpg,.jpg,image,85765,0.08,1196130474.0,0,UNLIKELY,False,,404af3fdd0b1956aeb9a04c1cedc011e6d2b3ee6fc18fd906a83a51417d1b6e7,1
3\My Documents\My Music\My Pictures\south station.jpg,south station.jpg,.jpg,image,76252,0.07,1187460920.0,0,UNLIKELY,False,,59dde43f1f6e98bb5d2e9e5b5226b6caa5c43ec93d5f9df7d51f8ae55b6bfc73,1
3\My Documents\My Music\My Pictures\spiral stair.jpg,spiral stair.jpg,.jpg,image,37402,0.04,1185617892.0,0,UNLIKELY,False,,6d569baf6786c661d33610c03a96176aa9fe39602b3d42469c62217349679266,1
3\My Documents\My Music\My Pictures\spiral stairs right height.jpg,spiral stairs right height.jpg,.jpg,image,11734,0.01,1185619148.0,0,UNLIKELY,False,,67c9957eeaab688e0ab980d4a57f06162c53f6c533c14c0e33d9dd0a5d36b131,1
3\My Documents\My Music\My Pictures\SQUALL LINE.jpg,SQUALL LINE.jpg,.jpg,image,19192,0.02,1163357984.0,0,UNLIKELY,False,,896688f4e591e0c8a87acf31c069c871dd9d9fe06878424c36c3a00de7cecdab,1
3\My Documents\My Music\My Pictures\stapleford park dining.jpg,stapleford park dining.jpg,.jpg,image,111698,0.11,1249179606.0,0,UNLIKELY,False,,00755031e570ea8b7baeb65395432ecf9bc4e0890b10b25bd2bd95e6450539eb,1
3\My Documents\My Music\My Pictures\stapleford park3.jpg,stapleford park3.jpg,.jpg,image,243556,0.23,1249179736.0,0,UNLIKELY,False,,4dfe9829e7878991b65f4c115e0dba1f8237080da27dfe398ee2367571c25212,1
3\My Documents\My Music\My Pictures\stapleford park6.jpg,stapleford park6.jpg,.jpg,image,45077,0.04,1249179876.0,0,UNLIKELY,False,,fdf7011f0b811b9f6580348b259949f0cb3537e245e70498138c95c03674c3f3,1
3\My Documents\My Music\My Pictures\stapleford7.jpg,stapleford7.jpg,.jpg,image,49910,0.05,1249179920.0,0,UNLIKELY,False,,33fe76799706df672c9c978f306d3dbdc6af48c8ac5c837c6efab8eae231a825,1
3\My Documents\My Music\My Pictures\Star Chart.jpg,Star Chart.jpg,.jpg,image,61128,0.06,1196656010.0,0,UNLIKELY,False,,640c33768bd09230240d8b54b666440985db3155c0298aeb6de80f4416df05ab,2
3\My Documents\My Music\My Pictures\starting to snow.jpg,starting to snow.jpg,.jpg,image,58449,0.06,1158656102.0,0,UNLIKELY,False,,218a9c3a3612ca8527127524544c05a1d3a68ebc5f5bc8dbe486244dd1cf5027,1
3\My Documents\My Music\My Pictures\station2.jpg,station2.jpg,.jpg,image,8548,0.01,1184487216.0,0,UNLIKELY,False,,10152a3eddde601dcf46adebc2837d0c81c03cb87324b6ea6ea3a7db471cdd28,1
3\My Documents\My Music\My Pictures\steam in the night.jpg,steam in the night.jpg,.jpg,image,122225,0.12,1176862812.0,0,UNLIKELY,False,,b75a0267f5eec9c4c7e03f12773ba14f3647811909a86dd8ca7d311365436123,1
3\My Documents\My Music\My Pictures\STEAMSNOW.jpg,STEAMSNOW.jpg,.jpg,image,23833,0.02,1155625072.0,0,UNLIKELY,False,,978b969af45914258cbe38de75b76996b7891f34b1f444da5e97a41c20964f8d,1
3\My Documents\My Music\My Pictures\Stevie1.jpg,Stevie1.jpg,.jpg,image,10493,0.01,1249536604.0,0,UNLIKELY,False,,c9679314debed0b1349ae95ebc2d4ae256e3dca36d7e36252fb6229dd8054937,1
3\My Documents\My Music\My Pictures\Stevie2.jpg,Stevie2.jpg,.jpg,image,15476,0.01,1249777454.0,0,UNLIKELY,False,,1ccbbdbc44ea08cd44b4f2ac52eb7d4f41b3712833d5965e318f04e9a11f628d,1
3\My Documents\My Music\My Pictures\stevie3.jpg,stevie3.jpg,.jpg,image,16918,0.02,1249778050.0,0,UNLIKELY,False,,ebd72364124352a96676d48f4097711fd7e1d73218f2e59ca91ccc7c61a06741,1
3\My Documents\My Music\My Pictures\Stevie4.jpg,Stevie4.jpg,.jpg,image,8184,0.01,1249778124.0,0,UNLIKELY,False,,e120fa16f65bc9591af85e636d1ed95f744ca07123fcb0738929338ef4526af8,1
3\My Documents\My Music\My Pictures\Streetcar Interior.jpg,Streetcar Interior.jpg,.jpg,image,93715,0.09,1158131932.0,0,UNLIKELY,False,,bf0d8c215ee503945a5f7f78a11ede270353debcae365b94df6ecabc5c3733bf,1
3\My Documents\My Music\My Pictures\streetcar_small.jpg,streetcar_small.jpg,.jpg,image,35660,0.03,1158132194.0,0,UNLIKELY,False,,1daf023f8e691342f5db5e8cb12d02c6a1239121ff280f5fa24a306a9658f249,1
3\My Documents\My Music\My Pictures\support_denmark_defend_freedom.gif,support_denmark_defend_freedom.gif,.gif,image,6162,0.01,1164932488.0,0,UNLIKELY,False,,7b037c642c545d79346514c6d757b544259c62866d04e64f23cec6c6d030c95c,1
3\My Documents\My Music\My Pictures\surplice.jpg,surplice.jpg,.jpg,image,3511,0.0,1181645132.0,0,UNLIKELY,False,,2259300dbdd38951ffbe6b26c9af8df1fcd0656eaa6a4a3423bd91ac0638dd0d,1
3\My Documents\My Music\My Pictures\sweta.jpg,sweta.jpg,.jpg,image,12035,0.01,1185413128.0,0,UNLIKELY,False,,8d20d3ba7711340a63606a133a1bfd3860852b9ece2a1dd5589afe4bf9920b32,1
3\My Documents\My Music\My Pictures\t53_r_engine.jpg,t53_r_engine.jpg,.jpg,image,18131,0.02,1207813576.0,0,UNLIKELY,False,,1e2a9c42cc269320b5fb0f22e2a2a5d9e02b36b3ca5f3ad1e3ac85780021f693,1
3\My Documents\My Music\My Pictures\tallest horse.jpg,tallest horse.jpg,.jpg,image,60981,0.06,1197096732.0,0,UNLIKELY,False,,bdb52fc53c7140e905260f886a7e52da9791e95336f9beb002bd17045d940a0c,1
3\My Documents\My Music\My Pictures\tennggremlinspainting2.jpg,tennggremlinspainting2.jpg,.jpg,image,222653,0.21,1247288802.0,0,UNLIKELY,False,,395346b64e1749f9d8c84881dc2545fcd383dfbf8f9e6d4b5ca22967771eceb3,1
3\My Documents\My Music\My Pictures\The+Oriental+Express_98.jpg,The+Oriental+Express_98.jpg,.jpg,image,57654,0.05,1205737976.0,0,UNLIKELY,False,,9cdc1743ec6be104cd250aa2d0771bc39f0b293d3f9ddec62fbd6ccd5a34539d,1
3\My Documents\My Music\My Pictures\therapy.jpg,therapy.jpg,.jpg,image,13157,0.01,1187987426.0,0,UNLIKELY,False,,910755d94a8811d7dcc974d8600c74bbe1f3d2ad1b971762d0e59fd63fbdac9b,1
3\My Documents\My Music\My Pictures\Thumbs.db,Thumbs.db,.db,other,4372208,4.17,1249802142.0,0,UNLIKELY,False,,ead0a397bd6dc5859e1cf3bb2160918138b1537fbf30b3e2a339914801c5f71b,1
3\My Documents\My Music\My Pictures\timber wolf parrish.jpg,timber wolf parrish.jpg,.jpg,image,31059,0.03,1187486122.0,0,UNLIKELY,False,,99cd85894dca4fdda0c4a905f0334ae53364b5601f06905bc1224cf2cdf82dbd,1
3\My Documents\My Music\My Pictures\tornado1.jpg,tornado1.jpg,.jpg,image,43168,0.04,1148459684.0,0,UNLIKELY,False,,5a1ef05cf1ee24fb350e51e2b5bb4fa877c0a00e0167469913092dcccb9fa86b,1
3\My Documents\My Music\My Pictures\tower.jpg,tower.jpg,.jpg,image,60062,0.06,1184570312.0,0,UNLIKELY,False,,f405d56fa2e220bdc72b20a9fb2dfb3dee59b47b9caf98d449afa7fbb0d5d9ce,1
3\My Documents\My Music\My Pictures\tower1a.jpg,tower1a.jpg,.jpg,image,29541,0.03,1209625144.0,0,UNLIKELY,False,,8b34bf31f0b297b649b143e84869d591dc50af0ed67f1ae1aa53b88c149b9305,1
3\My Documents\My Music\My Pictures\tower2a.jpg,tower2a.jpg,.jpg,image,28365,0.03,1209625186.0,0,UNLIKELY,False,,f035b44125c1db3f83b5d58637899203e5ef2b6e7a0abb826586bce67c122f19,1
3\My Documents\My Music\My Pictures\tracks1a.jpg,tracks1a.jpg,.jpg,image,28435,0.03,1209625334.0,0,UNLIKELY,False,,4f2be344b2cd53cc30b9baeb315fdf2bbeda75f3b6e8acf3e486abe33ea73b8a,1
3\My Documents\My Music\My Pictures\TRAINSHED1950.jpg,TRAINSHED1950.jpg,.jpg,image,71345,0.07,1158467818.0,0,UNLIKELY,False,,02a2afa98b619ccd264522344dd725929c8fcc949a9011a164cec2a00f12c7d6,1
3\My Documents\My Music\My Pictures\trainstat3.jpg,trainstat3.jpg,.jpg,image,14511,0.01,1184486586.0,0,UNLIKELY,False,,b70bc9486c27d76802298f64e10e8f3e92dffeb065faa9da760aae5f8b75eb6a,1
3\My Documents\My Music\My Pictures\Trap Shotgun.jpg,Trap Shotgun.jpg,.jpg,image,6845,0.01,1180219324.0,0,UNLIKELY,False,,19b7dc3a99e2cb67fe331b42977fa0ca5ea3840c438e2953ac3769826b746fe6,1
3\My Documents\My Music\My Pictures\Treblinka,Treblinka,[none],other,148762,0.14,1248656530.0,0,UNLIKELY,False,,f560a66676753c4ddd86f9528c5869df4d6251fc25d80b92bfb77765360f5876,1
3\My Documents\My Music\My Pictures\trolley.jpg,trolley.jpg,.jpg,image,185346,0.18,1158132306.0,0,UNLIKELY,False,,24f45ab290e4f76ff012aa8f5dcd8351e65bf5bc72a3adf5db8b640efd56c1b0,1
3\My Documents\My Music\My Pictures\TWENTIETH BLACK.jpg,TWENTIETH BLACK.jpg,.jpg,image,51712,0.05,1155457382.0,0,UNLIKELY,False,,9f7627ba17151f4595f613eb04b3b4c33cc34e1879d728e7b320fdeb14ee1f49,1
3\My Documents\My Music\My Pictures\UKRAINETORNADO.jpg,UKRAINETORNADO.jpg,.jpg,image,78299,0.07,1163840446.0,0,UNLIKELY,False,,4aa0f8248110ad6235fed57c78349997244fb14cdfd110abdc660bd8fa8507ff,1
3\My Documents\My Music\My Pictures\UrbanCamo%20jackets.gif,UrbanCamo%20jackets.gif,.gif,image,386293,0.37,1219519340.0,0,UNLIKELY,False,,eec9ecf2a64814e1e0fdad0fc11da13e74657434faaad4ac5a8f8d1170316777,1
3\My Documents\My Music\My Pictures\VeniceSimplonVictoriaExpress.jpg,VeniceSimplonVictoriaExpress.jpg,.jpg,image,35003,0.03,1205736848.0,0,UNLIKELY,False,,fac575b2cf1da94cc85e029207e6e80dc9a7a7615439bda43ec66ceddb93ef09,2
3\My Documents\My Music\My Pictures\VERMONTTownship.jpg,VERMONTTownship.jpg,.jpg,image,26180,0.02,1218592652.0,0,UNLIKELY,False,,e657451e176e01759efb0ec697563e2ceb312d4dfc3392f0ec1a78cfada621cc,2
3\My Documents\My Music\My Pictures\Versailles.jpg,Versailles.jpg,.jpg,image,44707,0.04,1167883634.0,0,UNLIKELY,False,,b56d002758b4c6dde4fac543c00ee5c0cc2171698121b458afea5da8a1c130fb,2
3\My Documents\My Music\My Pictures\vintage_pullman.jpg,vintage_pullman.jpg,.jpg,image,31682,0.03,1205740366.0,0,UNLIKELY,False,,2b572ae8a399b9399f400500940a1dce5f807dd266f8474417674f4f54d5ca3c,2
3\My Documents\My Music\My Pictures\vsoe_cab12.jpg,vsoe_cab12.jpg,.jpg,image,18660,0.02,1205739970.0,0,UNLIKELY,False,,1c0b4b2a4c3bd63dcfe97ed5d0a2ca7094f9d166a07bd81ea07a2938c7834f4b,1
3\My Documents\My Music\My Pictures\vsoe_cab24.jpg,vsoe_cab24.jpg,.jpg,image,22084,0.02,1205739962.0,0,UNLIKELY,False,,7fa9df3603ab632ce5ea6eddd6b8e63c2d896a6b5589f3b335e2c36f2091586a,2
3\My Documents\My Music\My Pictures\vsoe_cabin_suite.jpg,vsoe_cabin_suite.jpg,.jpg,image,12436,0.01,1205739998.0,0,UNLIKELY,False,,f191ea6f863a68b57a9ffd617111d7ca61749b153ff19d9e6ff6410d6f6e3c89,1
3\My Documents\My Music\My Pictures\vsoe_carriage_sleeping.jpg,vsoe_carriage_sleeping.jpg,.jpg,image,8607,0.01,1248843348.0,0,UNLIKELY,False,,11cda890d3814132616f7813b4cdecd0145a857b0f5b30757732d1f8fb4eb77a,1
3\My Documents\My Music\My Pictures\vsoe_rest_dtl2.jpg,vsoe_rest_dtl2.jpg,.jpg,image,32892,0.03,1218152172.0,0,UNLIKELY,False,,6b58e1b4c342a3f0194c2ed2f25602b9efc71512dd6bb3b1a8ec19f66dada455,1
3\My Documents\My Music\My Pictures\vsoe_staff17.jpg,vsoe_staff17.jpg,.jpg,image,22764,0.02,1208335464.0,0,UNLIKELY,False,,66df0f13c859f95871f6987b5940e3d1b88a4d3d419dd51df31c0e1d721d2c2c,1
3\My Documents\My Music\My Pictures\VTSHIELD.gif,VTSHIELD.gif,.gif,image,6963,0.01,1158099982.0,0,UNLIKELY,False,,49a9869c1916a5543f448fee2611947e4173f2215c7ef551f535e7b70065338f,1
3\My Documents\My Music\My Pictures\welch54fordsunlinerconv.jpg,welch54fordsunlinerconv.jpg,.jpg,image,95593,0.09,1187164442.0,0,UNLIKELY,False,,b31da129726deb529aff41d619278ab0658b27b65adca5103dc1b78e796450b5,2
3\My Documents\My Music\My Pictures\welcome_to_paradise_canvas.jpg,welcome_to_paradise_canvas.jpg,.jpg,image,90372,0.09,1207102408.0,0,UNLIKELY,False,,b0800e6dca507ac93ab4a9d40de5d9386c579f514182746e137c198124749dfc,1
3\My Documents\My Music\My Pictures\white buffalo stones.jpg,white buffalo stones.jpg,.jpg,image,66772,0.06,1156095418.0,0,UNLIKELY,False,,b6d9f46c382545c434e532598e20760812ad3c1f7dd6b0366f59085f3c9e7fe9,2
3\My Documents\My Music\My Pictures\white buffalo2.jpg,white buffalo2.jpg,.jpg,image,10853,0.01,1156094706.0,0,UNLIKELY,False,,9ac306a06919ce65105b82dca4446735c9093a131490a633e7fc9dde0c7865eb,2
3\My Documents\My Music\My Pictures\wildtexiris.bmp,wildtexiris.bmp,.bmp,image,14745654,14.06,1150440794.0,0,UNLIKELY,False,,199a2ee877577a91d9cfd24fc54601e1d2d864e7af948e2054c3bfde9ed6ef4d,2
3\My Documents\My Music\My Pictures\Winchester 1200.jpg,Winchester 1200.jpg,.jpg,image,7605,0.01,1180365686.0,0,UNLIKELY,False,,57a8e34b25cb4ed2a954da95a2933c424705861dc7c5bb1e1f831a1cfcc49f07,2
3\My Documents\My Music\My Pictures\winterlightandlavenderm.jpg,winterlightandlavenderm.jpg,.jpg,image,21069,0.02,1217877662.0,0,UNLIKELY,False,,cddd62507f79f3ea3231ba38ef8ec65ea79a85c52bb1cc8e762dd70a902bc807,2
3\My Documents\My Music\My Pictures\Winter_on_the_Central_Vermont.jpg,Winter_on_the_Central_Vermont.jpg,.jpg,image,100767,0.1,1158346140.0,0,UNLIKELY,False,,ef3317e65e7d56b56c10d23b48f5da5bf2d2005adf9d6d09f446b3182c167936,2
3\My Documents\My Music\My Pictures\WOBBLY PIN.jpg,WOBBLY PIN.jpg,.jpg,image,45667,0.04,1183528542.0,0,UNLIKELY,False,,fdac51b6f896d6092d14a3687bc016f2ba2d5202c46a348310990085b399bf1c,3
3\My Documents\My Music\My Pictures\workers4a.jpg,workers4a.jpg,.jpg,image,16485,0.02,1209625380.0,0,UNLIKELY,False,,0077b205f8195b9afedd0416f164a9eedabe2b2d8525f560b907fa1226280de7,3
3\My Documents\My Music\My Pictures\ws.jpg,ws.jpg,.jpg,image,74329,0.07,1215730348.0,0,UNLIKELY,False,,00eeceae4ded75d78660f0fe0b6196b7744fc9f2d4ae3f365c5b7641b19105d9,3
3\My Documents\My Music\My Pictures\ZARA.gif,ZARA.gif,.gif,image,2904,0.0,1188167268.0,0,UNLIKELY,False,,1cb37f65581728d583bac67a3d447fdffb09230a71919e1a25ad8d6e04abf4bf,3
3\My Documents\My Music\My Pictures\leaves\S6300385.jpg,S6300385.jpg,.jpg,image,883299,0.84,1192251944.0,0,UNLIKELY,False,,7fe65f7355e6fbb8c0043a2329b27164c5ab84df097cb73e343bf35dc1727d47,1
3\My Documents\My Music\My Pictures\leaves\S6300386.jpg,S6300386.jpg,.jpg,image,872908,0.83,1192251954.0,0,UNLIKELY,False,,04eb42c2b240ad20428468b9b1aa461beaa501cee9f5be1effd69c932ecf3a3f,1
3\My Documents\My Music\My Pictures\leaves\S6300387.jpg,S6300387.jpg,.jpg,image,878265,0.84,1192251968.0,0,UNLIKELY,False,,a67b7a01ac3c0d43b638cbbebbfb1b1b91d5dfb9bda8a5a6deb2f34a31d62027,1
3\My Documents\My Music\My Pictures\leaves\S6300388.jpg,S6300388.jpg,.jpg,image,885935,0.84,1192251986.0,0,UNLIKELY,False,,f61fb4c5e9819fc5fd4cf07fcbf7fffad3dff786e381e948769cd0bdc0952cb3,1
3\My Documents\My Music\My Pictures\leaves\S6300389.jpg,S6300389.jpg,.jpg,image,883800,0.84,1192252024.0,0,UNLIKELY,False,,3a130bca3bb449d7849c59f4b492bf6e3255a85d2f4fcbd9de2d1ed1e248cb79,1
3\My Documents\My Music\My Pictures\leaves\S6300390.jpg,S6300390.jpg,.jpg,image,873948,0.83,1192252042.0,0,UNLIKELY,False,,4a7f42200d4e3de09e0f921e80dd376e5547f3e2046405ec6bf32f29d791baa9,1
3\My Documents\My Music\My Pictures\leaves\S6300391.jpg,S6300391.jpg,.jpg,image,878862,0.84,1192252050.0,0,UNLIKELY,False,,da9df096fa3c58dd0fa34b1ea7e2f0e2e2435bb3ac706742d27ca4fa0222426d,1
3\My Documents\My Music\My Pictures\leaves\S6300392.jpg,S6300392.jpg,.jpg,image,870210,0.83,1192252162.0,0,UNLIKELY,False,,c07b599eaa93b0e03e203462b6f915a0d3faf1718c8cb30c6b0c8de21bd40775,1
3\My Documents\My Music\My Pictures\leaves\S6300393.jpg,S6300393.jpg,.jpg,image,896935,0.86,1192252172.0,0,UNLIKELY,False,,8ac7f480491bcb906ad1d75d71a990ecf23c4591647de118efb8da227aa8e356,1
3\My Documents\My Music\My Pictures\leaves\S6300394.jpg,S6300394.jpg,.jpg,image,886205,0.85,1192252264.0,0,UNLIKELY,False,,117c4f226c3b468adc35cadcc4e3058115fca8e247a8f8bdaedbac4e65ce0b20,1
3\My Documents\My Music\My Pictures\leaves\S6300395.jpg,S6300395.jpg,.jpg,image,882029,0.84,1192252304.0,0,UNLIKELY,False,,697fd8f82ac746466cb28b47ab2edc8a655d9cec651451cf0b6fb4ace4b627d2,1
3\My Documents\My Music\My Pictures\leaves\S6300396.jpg,S6300396.jpg,.jpg,image,871241,0.83,1192252324.0,0,UNLIKELY,False,,6dbbd4319fe5554565e267dd09e1c37506dd900370ac0ea7e63471419024c590,1
3\My Documents\My Music\My Pictures\leaves\S6300397.jpg,S6300397.jpg,.jpg,image,889460,0.85,1192252412.0,0,UNLIKELY,False,,e21e0a5c536bf7956addc86671b179ff44109b22396ac6afb3aefd5d5d87d8ea,1
3\My Documents\My Music\My Pictures\leaves\S6300398.jpg,S6300398.jpg,.jpg,image,880058,0.84,1192252424.0,0,UNLIKELY,False,,5fcb7cd7f4e5c9371545fd07b35a8cccfab3ac48a4d646c697cdb6ff2324f471,1
3\My Documents\My Music\My Pictures\leaves\S6300399.jpg,S6300399.jpg,.jpg,image,883415,0.84,1192252484.0,0,UNLIKELY,False,,e137aa6dc716186ae301cd0718810f3891ea4a6152b1bf06380afc99d9a50e8c,1
3\My Documents\My Music\My Pictures\leaves\S6300400.jpg,S6300400.jpg,.jpg,image,878056,0.84,1192252510.0,0,UNLIKELY,False,,3e59763703629d5ac846a5001cc098c16ba5828e3586e7091266565fd1d0ef04,1
3\My Documents\My Music\My Pictures\leaves\S6300401.jpg,S6300401.jpg,.jpg,image,881291,0.84,1192252536.0,0,UNLIKELY,False,,e6e3e6a8c9d8c099ea31ae3aaa5c619d884e13a2607b012dbc6f61f296a56f10,1
3\My Documents\My Music\My Pictures\leaves\S6300402.jpg,S6300402.jpg,.jpg,image,877670,0.84,1192252556.0,0,UNLIKELY,False,,192f15849627111723018ad68044848a1ed4fb54803a4be439d231f319a47528,1
3\My Documents\My Music\My Pictures\leaves\S6300403.jpg,S6300403.jpg,.jpg,image,879978,0.84,1192252574.0,0,UNLIKELY,False,,a2d23e633ef14521aaebf2921f1dd2b826db47a16cc279fb2c1a77ed9b9f8be1,1
3\My Documents\My Music\My Pictures\leaves\S6300404.jpg,S6300404.jpg,.jpg,image,876444,0.84,1192252592.0,0,UNLIKELY,False,,b7863b05fd8aa29a162e2cdc9fd16716dd3ebd5c75fcf9de62eb2983456c0060,1
3\My Documents\My Music\My Pictures\leaves\S6300405.jpg,S6300405.jpg,.jpg,image,876970,0.84,1192252606.0,0,UNLIKELY,False,,f3052c10cdefef5c3e87c8398d6c58ee0251e480db8bcedf179cef75bf4701e7,1
3\My Documents\My Music\My Pictures\leaves\S6300406.jpg,S6300406.jpg,.jpg,image,857165,0.82,1192252640.0,0,UNLIKELY,False,,5dc553e159e69ff47f1d0048124e89e7d8a227db9fcf0072c0a4d8025c46b4a2,1
3\My Documents\My Music\My Pictures\leaves\S6300407.jpg,S6300407.jpg,.jpg,image,877691,0.84,1192252692.0,0,UNLIKELY,False,,970a54a8f7b8da0282e2d778bc3ad56f7220f49f8fd539be498aafba32a37ff3,1
3\My Documents\My Music\My Pictures\leaves\S6300408.jpg,S6300408.jpg,.jpg,image,879710,0.84,1192252766.0,0,UNLIKELY,False,,c895fa696efb315d6dd879ba45abcb4969573df058b691f6ec60a77da6789df5,1
3\My Documents\My Music\My Pictures\leaves\S6300409.jpg,S6300409.jpg,.jpg,image,820567,0.78,1192252784.0,0,UNLIKELY,False,,737b1f7d52425dd1c7874290dad2cdf134f15661744c0244a4e759adb4df20c6,1
3\My Documents\My Music\My Pictures\leaves\S6300410.jpg,S6300410.jpg,.jpg,image,778804,0.74,1192252820.0,0,UNLIKELY,False,,6e1d0b9cbdf4e3afdf476e3d07f2777d10b8ead38f8e980abb0f0967a1b741ef,1
3\My Documents\My Music\My Pictures\leaves\S6300411.jpg,S6300411.jpg,.jpg,image,845927,0.81,1192252846.0,0,UNLIKELY,False,,90052b31e32d6883a6eb41fd719379153656c10e8f766c93493ff31eae143d3d,1
3\My Documents\My Music\My Pictures\leaves\S6300412.jpg,S6300412.jpg,.jpg,image,898236,0.86,1192252868.0,0,UNLIKELY,False,,0c0a63d02b2cfb501b7e66626794675a6d1f5ff1cc67f0a73048ee8bbf77fa64,1
3\My Documents\My Music\My Pictures\leaves\S6300413.jpg,S6300413.jpg,.jpg,image,885702,0.84,1192252884.0,0,UNLIKELY,False,,5e1b4501fb384b34b34e474832be5bc0698b9aa4d0234fd1a9e0acd7fb7bd73d,1
3\My Documents\My Music\My Pictures\leaves\S6300414.jpg,S6300414.jpg,.jpg,image,872214,0.83,1192252908.0,0,UNLIKELY,False,,d420b5a0057226d631451a0a66d35442f627865f17d5c98ae22890650544c68b,1
3\My Documents\My Music\My Pictures\leaves\S6300415.jpg,S6300415.jpg,.jpg,image,890256,0.85,1192252928.0,0,UNLIKELY,False,,8eafef66a2bcc8ea2c77e5375255627e1b7344de54828d69fcd8c98caac6a327,1
3\My Documents\My Music\My Pictures\leaves\S6300416.jpg,S6300416.jpg,.jpg,image,876459,0.84,1192252990.0,0,UNLIKELY,False,,873475b0fc49e0890b0e6eea18f136832b3f602fd7d033d8acba5383e4cf884a,1
3\My Documents\My Music\My Pictures\leaves\S6300417.jpg,S6300417.jpg,.jpg,image,868049,0.83,1192252998.0,0,UNLIKELY,False,,d6fa832d01acd41305229db1e1731bf073428a6496fc647e18dfeeb542e74acf,1
3\My Documents\My Music\My Pictures\leaves\S6300418.jpg,S6300418.jpg,.jpg,image,888378,0.85,1192253042.0,0,UNLIKELY,False,,f0fd55e52e12a72451b3ff7302449b2e84dc441bc52def8c5d397b4fcf2ac2cd,1
3\My Documents\My Music\My Pictures\leaves\S6300419.jpg,S6300419.jpg,.jpg,image,877644,0.84,1192253160.0,0,UNLIKELY,False,,6a29500eceb084a02588ad590fdfeb9ae4dd1993f23bab43b11ec39fc52abfe6,1
3\My Documents\My Music\My Pictures\leaves\S6300420.jpg,S6300420.jpg,.jpg,image,809851,0.77,1224898478.0,0,UNLIKELY,False,,d2d6abd93533e41789a3ac9863d49451b5cc312ddd97f1ef38995dfa07bec9aa,1
3\My Documents\My Music\My Pictures\leaves\S6300421.jpg,S6300421.jpg,.jpg,image,871942,0.83,1192253198.0,0,UNLIKELY,False,,a991bb3db06df5a78d29e5839072fac21384c21f60fefa1e3a521ae7f9930ad3,1
3\My Documents\My Music\My Pictures\leaves\S6300422.jpg,S6300422.jpg,.jpg,image,870052,0.83,1192253404.0,0,UNLIKELY,False,,6b2712b6a17276631d6a6e909f5ba31f4d85d7febd815e67e52315639698b02c,1
3\My Documents\My Music\My Pictures\leaves\S6300423.jpg,S6300423.jpg,.jpg,image,864396,0.82,1192253414.0,0,UNLIKELY,False,,6dc6b7e3e2bdb0c8862b6b8bed45443fc604e25e9b3d0a9d8462b0e3843b1a9b,1
3\My Documents\My Music\My Pictures\leaves\Thumbs.db,Thumbs.db,.db,other,183296,0.17,1224898482.0,0,UNLIKELY,False,,b55010f562eae52c5cb1a72e66745b73ad233aa16058b635200cba9dd538c0b7,1
3\My Documents\My Music\My Pictures\Microsoft Clip Organizer\j0201711.jpg,j0201711.jpg,.jpg,image,35173,0.03,1153518086.0,0,UNLIKELY,False,,f1b1acfc875708745c4add68f83be90279a718f0318e05f8a16a230f46096f9b,1
3\My Documents\My Music\My Pictures\Microsoft Clip Organizer\j0341563.jpg,j0341563.jpg,.jpg,image,33598,0.03,1153518084.0,0,UNLIKELY,False,,b1c867c8b8ac602442d2ad93ef9c59cb2d008eec35161dda7f7e91a154e3a4f8,1
3\My Documents\My Music\My Pictures\Microsoft Clip Organizer\j0399617.jpg,j0399617.jpg,.jpg,image,223258,0.21,1153518086.0,0,UNLIKELY,False,,d4e2ca5ba0bc76b1e83a03c8b7f3ff24dba786c84e2bfadcfca7dc8cbd59012b,1
3\My Documents\My Music\My Pictures\Microsoft Clip Organizer\j0399798.jpg,j0399798.jpg,.jpg,image,95726,0.09,1158052140.0,0,UNLIKELY,False,,7539f8932ecc11475d3f3d61724eafec66408dc26579357f22a47d3ef413d425,1
3\My Documents\My Music\My Pictures\Microsoft Clip Organizer\j0400382.jpg,j0400382.jpg,.jpg,image,151870,0.14,1153518084.0,0,UNLIKELY,False,,bafa95e0d6520475084ca75e25481dd1f14d0bc52490f74b6b44166d1205bd87,1
3\My Documents\My Music\My Pictures\Microsoft Clip Organizer\j0400383.jpg,j0400383.jpg,.jpg,image,342708,0.33,1153518084.0,0,UNLIKELY,False,,5200e9f7957b9e34d8756c098f12d33e30996e8d3000102416404d013d3e05cc,1
3\My Documents\My Music\My Pictures\Microsoft Clip Organizer\j0403364.jpg,j0403364.jpg,.jpg,image,263806,0.25,1153518094.0,0,UNLIKELY,False,,13866f5b0049506730f7c9035708829f94e02e0d8ce6be1c95695030ee942c4f,1
3\My Documents\My Music\My Pictures\Microsoft Clip Organizer\j0406673.jpg,j0406673.jpg,.jpg,image,275788,0.26,1153518086.0,0,UNLIKELY,False,,9f8d3566146307bbe347f9baae0964c18a1ea0c55ac7e5cd8e00fe294fd4a886,1
3\My Documents\My Music\My Pictures\Microsoft Clip Organizer\j0407300.jpg,j0407300.jpg,.jpg,image,108491,0.1,1153518086.0,0,UNLIKELY,False,,0f91f2c6058164a7cd9349ead90af8f6dd9fa9baaf3c59acd319b19c9caa7e18,1
3\My Documents\My Music\My Pictures\Microsoft Clip Organizer\j0422400.jpg,j0422400.jpg,.jpg,image,135646,0.13,1153518086.0,0,UNLIKELY,False,,69db769f96fff37c6b51a01554dc0335fcb0a7357b3172c1b3667ceddfdc612b,1
3\My Documents\My Music\My Pictures\Microsoft Clip Organizer\j0422634.jpg,j0422634.jpg,.jpg,image,131825,0.13,1153518086.0,0,UNLIKELY,False,,2a742e29a7a3f372dab383e80a454f16317a001f7302fc1734b12cd9aa323de0,1
3\My Documents\My Music\My Pictures\Microsoft Clip Organizer\j0423129.jpg,j0423129.jpg,.jpg,image,156074,0.15,1153518086.0,0,UNLIKELY,False,,4b5cbc7a9ac90ddd0ea98e53a04d1eb55492e3f2c7e6cdd668d5c0001d03b6d6,1
3\My Documents\My Music\My Pictures\Microsoft Clip Organizer\j0423131.jpg,j0423131.jpg,.jpg,image,152430,0.15,1153518086.0,0,UNLIKELY,False,,c6029253e6ab9f56d2dd1c84b0299605116c5182bff5a8bde1687f58ade07e77,1
3\My Documents\My Music\My Pictures\Microsoft Clip Organizer\PH01234J.jpg,PH01234J.jpg,.jpg,image,14355,0.01,1153518084.0,0,UNLIKELY,False,,8de61a56e9073a883ce3009e95c8b5641b000198ba5b5d452153e4a45d5e24b5,1
3\My Documents\My Music\My Pictures\Microsoft Clip Organizer\PH02978J.jpg,PH02978J.jpg,.jpg,image,130009,0.12,1153518084.0,0,UNLIKELY,False,,e3d4a46c30b4fc7d207a5a317882cc193bffaef76e1028d96d71d53c22cc0eeb,1
3\My Documents\My Music\My Pictures\Microsoft Clip Organizer\PH03846I.jpg,PH03846I.jpg,.jpg,image,84800,0.08,1153518084.0,0,UNLIKELY,False,,e2d3562aa0ce0c5c387aaeff2949812d127a114c96f3cbd822d0320d86126975,1
3\My Documents\My Music\My Pictures\Microsoft Clip Organizer\PH03972I.jpg,PH03972I.jpg,.jpg,image,30654,0.03,1153518084.0,0,UNLIKELY,False,,1d3bfb33f84c18b6802990186f243eeed9b97cae555f86329b27012612e88bdd,1
3\My Documents\My Music\My Pictures\Microsoft Clip Organizer\Thumbs.db,Thumbs.db,.db,other,80896,0.08,1163361948.0,0,UNLIKELY,False,,6d6a92cfc509392241921f0190634a732e99aec70ec8a3afb6b95ed58cd875a2,1
3\My Documents\My Music\My Pictures\My Playlists\movies.wpl,movies.wpl,.wpl,other,12294,0.01,1248065974.0,0,UNLIKELY,False,,768f96b07824c84fed3da3c59f0c1feadd34c255f5c910184747c93238f318f1,1
3\My Documents\My Music\My Pictures\My Playlists\MP3s.wpl,MP3s.wpl,.wpl,other,6057,0.01,1249435660.0,0,UNLIKELY,False,,8565ce627e7c2a9b1e6caac8935e1c1282e593000e6c36c7c5ceffa353c06a9e,1
3\My Documents\My Music\My Pictures\ZIPPY DOGS\303.jpg,303.jpg,.jpg,image,342665,0.33,1215015518.0,0,UNLIKELY,False,,89495f1dd9b495bc7b98b06b19aec4206ae1b365294048bbf38e8e0fcd65fe8d,1
3\My Documents\My Music\My Pictures\ZIPPY DOGS\304.jpg,304.jpg,.jpg,image,868602,0.83,1183999560.0,0,UNLIKELY,False,,0334339775d4a0264008ed4c73d3989b47fae94093b2ef8a1777dca6772f705a,3
3\My Documents\My Music\My Pictures\ZIPPY DOGS\305.jpg,305.jpg,.jpg,image,890264,0.85,1183999600.0,0,UNLIKELY,False,,4a442a04c210ea2241a8a78670823bd4a4c713f14640d7aabc06c57c34c89adc,3
3\My Documents\My Music\My Pictures\ZIPPY DOGS\306.jpg,306.jpg,.jpg,image,862579,0.82,1183999610.0,0,UNLIKELY,False,,5d2326f2c71511db1a79300c1f5144bf786ed7720a98a1aea60d4f52efeb9f4b,1
3\My Documents\My Music\My Pictures\ZIPPY DOGS\307.jpg,307.jpg,.jpg,image,875610,0.84,1183999614.0,0,UNLIKELY,False,,7e90d80a4c841c812b68df0620c0fdb5b5d575cba49bb9f53de508c73590bab0,3
3\My Documents\My Music\My Pictures\ZIPPY DOGS\308.jpg,308.jpg,.jpg,image,866133,0.83,1183999660.0,0,UNLIKELY,False,,3559dc887f281e4c296c1a1fc610f3777e46f36687af2c7b73e6446ff20b3fa5,3
3\My Documents\My Music\My Pictures\ZIPPY DOGS\309.jpg,309.jpg,.jpg,image,420647,0.4,1214850882.0,0,UNLIKELY,False,,85fa2bf07634b69bf131c99f7ad5a4510b9d7c3ac97a6c4798410866677eb9b5,1
3\My Documents\My Music\My Pictures\ZIPPY DOGS\310.jpg,310.jpg,.jpg,image,872429,0.83,1183999824.0,0,UNLIKELY,False,,fdf924a42045acae598055b75029206ad11bf580342cfe04be3f7c73a3856204,3
3\My Documents\My Music\My Pictures\ZIPPY DOGS\311.jpg,311.jpg,.jpg,image,891887,0.85,1183999834.0,0,UNLIKELY,False,,f128125b133c54fc26b98b91f82b4d7b56715daaa47a3d98452ec7899dba64d3,2
3\My Documents\My Music\My Pictures\ZIPPY DOGS\312.jpg,312.jpg,.jpg,image,883915,0.84,1183999838.0,0,UNLIKELY,False,,95878d14f50a4f955783538adce141e96e7ec991415f48764913a4b4892c7d1f,2
3\My Documents\My Music\My Pictures\ZIPPY DOGS\313.jpg,313.jpg,.jpg,image,866419,0.83,1183999878.0,0,UNLIKELY,False,,219b259abef2de14fccec518c6d54921dad5f8369af023ca948903b245d41aba,2
3\My Documents\My Music\My Pictures\ZIPPY DOGS\314.jpg,314.jpg,.jpg,image,322700,0.31,1218825012.0,0,UNLIKELY,False,,32cde2894bbc4e1f289762bcebd60f5156f298dbed7431a4d7ff402906d6132b,1
3\My Documents\My Music\My Pictures\ZIPPY DOGS\315.jpg,315.jpg,.jpg,image,867075,0.83,1184000074.0,0,UNLIKELY,False,,8dfa8eb2f7d16be1952146ee4b0ed9768c869f8cf4433550a8a602da5dd3aea5,2
3\My Documents\My Music\My Pictures\ZIPPY DOGS\316.jpg,316.jpg,.jpg,image,874440,0.83,1184000388.0,0,UNLIKELY,False,,eeea5a7f5d6e12480806e193f3e675d9e2c5f3d95ceaa78dc593caac5831a5b7,2
3\My Documents\My Music\My Pictures\ZIPPY DOGS\317.jpg,317.jpg,.jpg,image,869527,0.83,1184000396.0,0,UNLIKELY,False,,9c625eef6e3b163201f225dbd5b02f818ea07989ab45c734e796c3c397816742,2
3\My Documents\My Music\My Pictures\ZIPPY DOGS\318.jpg,318.jpg,.jpg,image,874582,0.83,1184000400.0,0,UNLIKELY,False,,82e465fb83f1387565696a887ab944269ba25dc5452b14b3e2184c81c8a65cf5,2
3\My Documents\My Music\My Pictures\ZIPPY DOGS\319.jpg,319.jpg,.jpg,image,890355,0.85,1184000406.0,0,UNLIKELY,False,,9f1811f3253909578082d1c218f25fd66d207fd0858b608476c7b768ac182ffd,2
3\My Documents\My Music\My Pictures\ZIPPY DOGS\320.jpg,320.jpg,.jpg,image,875685,0.84,1184000412.0,0,UNLIKELY,False,,2a1f2d3afc4a98b6ed6c3a304415e9efa4eb30a21c24131b6f0c76814859c059,2
3\My Documents\My Music\My Pictures\ZIPPY DOGS\321.jpg,321.jpg,.jpg,image,867884,0.83,1184175792.0,0,UNLIKELY,False,,294f455e70b1546028869522ae79cd2b58bad5487f34efc4478b7cc2dca3324c,1
3\My Documents\My Music\My Pictures\ZIPPY DOGS\322.jpg,322.jpg,.jpg,image,884600,0.84,1184175824.0,0,UNLIKELY,False,,09b4d33b5c957c76376883343e4bc36f6c8ce9443cffa7e493672d6a02ec624f,1
3\My Documents\My Music\My Pictures\ZIPPY DOGS\323.jpg,323.jpg,.jpg,image,876752,0.84,1184175844.0,0,UNLIKELY,False,,087b92560857d33f8cb10b05702cf004ef176c75f9bcb06dea28d91856ff9fcd,1
3\My Documents\My Music\My Pictures\ZIPPY DOGS\324.jpg,324.jpg,.jpg,image,886654,0.85,1184175848.0,0,UNLIKELY,False,,e67242ddd9da049aed402a1761d426067aaad85470ecb4e2c1b9265e3f71c4be,1
3\My Documents\My Music\My Pictures\ZIPPY DOGS\325.jpg,325.jpg,.jpg,image,780292,0.74,1214951934.0,0,UNLIKELY,False,,26ab81400db5b4dbcdb1d51e7b676d5504667b846b60d511e73e285a9737a3ab,1
3\My Documents\My Music\My Pictures\ZIPPY DOGS\326.jpg,326.jpg,.jpg,image,662841,0.63,1214851868.0,0,UNLIKELY,False,,864cd1912b357d27aac34c1db6f28e025094906d16aaa3e9ff19cdae893e19a2,1
3\My Documents\My Music\My Pictures\ZIPPY DOGS\327.jpg,327.jpg,.jpg,image,400472,0.38,1223837042.0,0,UNLIKELY,False,,547ecf276acae276485eb0bde08ee62d3a522c0e0a21310adbd6eab68a9e0aca,2
3\My Documents\My Music\My Pictures\ZIPPY DOGS\328.jpg,328.jpg,.jpg,image,511232,0.49,1214851688.0,0,UNLIKELY,False,,ee0fa41e830affeed890c66b1df921049ed2aacccac114e5ec016e57fe9bbcb0,1
3\My Documents\My Music\My Pictures\ZIPPY DOGS\329.jpg,329.jpg,.jpg,image,777566,0.74,1184176284.0,0,UNLIKELY,False,,caab61d34d6db7fc8dd9482f76a73d6dea73a0ec1b4d19b4adc9773ec3e4c4da,1
3\My Documents\My Music\My Pictures\ZIPPY DOGS\330.jpg,330.jpg,.jpg,image,787074,0.75,1184176292.0,0,UNLIKELY,False,,17afea3a331d7c977f4babf355d4ee63ca05230395a6a1ccd835e957e2175af6,1
3\My Documents\My Music\My Pictures\ZIPPY DOGS\331.jpg,331.jpg,.jpg,image,845818,0.81,1184176304.0,0,UNLIKELY,False,,e23b79ffc711d1261d7cd9cf08a73d1b2f28b52cc643b31bdc68397e5c6a37ee,1
3\My Documents\My Music\My Pictures\ZIPPY DOGS\332.jpg,332.jpg,.jpg,image,161316,0.15,1215016136.0,0,UNLIKELY,False,,fa0ce920269e6cbf1eadf47db369a19559a7575b0c4aed398e2d1d2be6c8a2ae,1
3\My Documents\My Music\My Pictures\ZIPPY DOGS\333.jpg,333.jpg,.jpg,image,894355,0.85,1184176350.0,0,UNLIKELY,False,,7141e129e8b9fd1e0acd8177fe7a20431bd0a69c9670efbfe4c2b908996633be,1
3\My Documents\My Music\My Pictures\ZIPPY DOGS\334.jpg,334.jpg,.jpg,image,648435,0.62,1215016742.0,0,UNLIKELY,False,,0a2114963273de07a333f14bd42c3ad64deaf1500bd0c3376803ca78418c992f,1
3\My Documents\My Music\My Pictures\ZIPPY DOGS\335.jpg,335.jpg,.jpg,image,867796,0.83,1184176398.0,0,UNLIKELY,False,,399f540f3b9c55210a1649aeacfe4379a6afe71ec97945f3410f35b465894333,1
3\My Documents\My Music\My Pictures\ZIPPY DOGS\336.jpg,336.jpg,.jpg,image,324919,0.31,1215017690.0,0,UNLIKELY,False,,76565a9d6c56118c6bb7245ade39f898e353eb2bc142a3ed90d83f9b128cac5e,1
3\My Documents\My Music\My Pictures\ZIPPY DOGS\337.jpg,337.jpg,.jpg,image,310022,0.3,1215018066.0,0,UNLIKELY,False,,9beb9f6b51f1bd9dcfd241397e75f11de13272e72f467db3656716de32ad8a52,1
3\My Documents\My Music\My Pictures\ZIPPY DOGS\338.jpg,338.jpg,.jpg,image,888450,0.85,1184176578.0,0,UNLIKELY,False,,6716a41abf666bb470870ceccdef281d9a00279c29860f1f6d81ba025c932ddd,1
3\My Documents\My Music\My Pictures\ZIPPY DOGS\339.jpg,339.jpg,.jpg,image,820323,0.78,1272515376.0,0,UNLIKELY,False,,f2af6d42d99cdda0b2c31b651fb9fed0785b539b5d463ad4fbdc594a6f37bf55,1
3\My Documents\My Music\My Pictures\ZIPPY DOGS\340.jpg,340.jpg,.jpg,image,870515,0.83,1184176618.0,0,UNLIKELY,False,,0dc1593f108d1c53cac8807f2648dd3cf3e30ec81467af1214ccae453e704135,1
3\My Documents\My Music\My Pictures\ZIPPY DOGS\341.jpg,341.jpg,.jpg,image,863834,0.82,1184176628.0,0,UNLIKELY,False,,3ba3ead0d214221447261b62a456ffe797377f4c5d91057f2e396ee192bf73cd,1
3\My Documents\My Music\My Pictures\ZIPPY DOGS\342.jpg,342.jpg,.jpg,image,886631,0.85,1184176644.0,0,UNLIKELY,False,,7fcee795df6d3d032339b23030ae1cc78f90385d489c8cba122066580c92e2ab,1
3\My Documents\My Music\My Pictures\ZIPPY DOGS\343.jpg,343.jpg,.jpg,image,850819,0.81,1184176664.0,0,UNLIKELY,False,,e7e67cffb68e11af978d957fef7b340307516e182ede67c9ef67ddcc83d2a481,1
3\My Documents\My Music\My Pictures\ZIPPY DOGS\345.jpg,345.jpg,.jpg,image,874141,0.83,1184176670.0,0,UNLIKELY,False,,74388945a15faac3ef685dd08c3b92bbd4ded9491d0c81aa29b90e29aa783c07,1
3\My Documents\My Music\My Pictures\ZIPPY DOGS\346.jpg,346.jpg,.jpg,image,329655,0.31,1214952976.0,0,UNLIKELY,False,,4f18f59fb1bb608913c717470bc7bf18619d983700653fd9efc58eee57e35c7e,1
3\My Documents\My Music\My Pictures\ZIPPY DOGS\347.jpg,347.jpg,.jpg,image,880054,0.84,1184176698.0,0,UNLIKELY,False,,7cfa73108d9903b91d67faf4d2ed40b79e28a239b75c589ea30eff572e8d35e3,1
3\My Documents\My Music\My Pictures\ZIPPY DOGS\348.jpg,348.jpg,.jpg,image,874818,0.83,1184176748.0,0,UNLIKELY,False,,66dcfa319c7461118f5dbbd5fb349a42018894192bd710194dece0b0424fdb0a,1
3\My Documents\My Music\My Pictures\ZIPPY DOGS\349.jpg,349.jpg,.jpg,image,882933,0.84,1184176762.0,0,UNLIKELY,False,,3f5b316f15d9f978aa769f31d4cbe9a75838c3c670ab2f19e8c024f25d0e7c83,1
3\My Documents\My Music\My Pictures\ZIPPY DOGS\350.jpg,350.jpg,.jpg,image,861180,0.82,1184176772.0,0,UNLIKELY,False,,1f1ddde9ddb9593e1eef0faec53ac47c4bd1f633666dabb3e940774cc5d51cb4,1
3\My Documents\My Music\My Pictures\ZIPPY DOGS\351.jpg,351.jpg,.jpg,image,822587,0.78,1184176778.0,0,UNLIKELY,False,,32d56e3e8a03f867f1b1cc73150e73cc9cf4346d18658649c2cc4a48b8616756,1
3\My Documents\My Music\My Pictures\ZIPPY DOGS\352.jpg,352.jpg,.jpg,image,386987,0.37,1214953356.0,0,UNLIKELY,False,,96c20ceffa742c4e33f8cd25e09b9d1ff202e88a726acc8049156409d20a4f25,1
3\My Documents\My Music\My Pictures\ZIPPY DOGS\353.jpg,353.jpg,.jpg,image,873227,0.83,1184176836.0,0,UNLIKELY,False,,f85be14586223011fcddd50b912bb3f653f604da78a32f418011e9accac604ad,1
3\My Documents\My Music\My Pictures\ZIPPY DOGS\354.jpg,354.jpg,.jpg,image,891041,0.85,1184176842.0,0,UNLIKELY,False,,7b50317622013844f7bdbe180b09caae1afa948f2897de3a8357292a63fb12dc,1
3\My Documents\My Music\My Pictures\ZIPPY DOGS\356.jpg,356.jpg,.jpg,image,878004,0.84,1184176852.0,0,UNLIKELY,False,,741ec3a55d5e8287d5284f41d2bcc3a434b5e625393f732b3f7159b39d452ba7,1
3\My Documents\My Music\My Pictures\ZIPPY DOGS\357.jpg,357.jpg,.jpg,image,881125,0.84,1184176864.0,0,UNLIKELY,False,,46cccc1e18c090dd6e6dff4bc6494a14a39ed29cee864b9915138eb2d94527ec,1
3\My Documents\My Music\My Pictures\ZIPPY DOGS\358.jpg,358.jpg,.jpg,image,877764,0.84,1184176886.0,0,UNLIKELY,False,,a465eaaa6222e4f9aa56aeb763ad9bc0eedab07a94da7771fbb9d86a4f7fc8fd,1
3\My Documents\My Music\My Pictures\ZIPPY DOGS\359.jpg,359.jpg,.jpg,image,682834,0.65,1214953570.0,0,UNLIKELY,False,,cb43c59cd5ac4d5f1041ee1ecb71b728f2aad8ab3b14b71d3eb983e0be3b5643,1
3\My Documents\My Music\My Pictures\ZIPPY DOGS\360.jpg,360.jpg,.jpg,image,852707,0.81,1184176906.0,0,UNLIKELY,False,,8ae43c0f6c01c93609527a65f104af17fb115d985f5336e2b4acafebe4de1023,1
3\My Documents\My Music\My Pictures\ZIPPY DOGS\361.jpg,361.jpg,.jpg,image,870156,0.83,1184176918.0,0,UNLIKELY,False,,3e31a3b02ebbfb1831c577704384a9fcf80674b0fd696fb5fc5cad3ac2418f57,1
3\My Documents\My Music\My Pictures\ZIPPY DOGS\362.jpg,362.jpg,.jpg,image,860633,0.82,1184176930.0,0,UNLIKELY,False,,996d60b8abd72d651fe47afe45e7f3eeb504bcde8a008483e97ae37e0d8859dc,1
3\My Documents\My Music\My Pictures\ZIPPY DOGS\363.jpg,363.jpg,.jpg,image,765127,0.73,1184176946.0,0,UNLIKELY,False,,57343aa60b5a628a97a96d53bf0f64a68e42d37cffcb6386e8f2b319391ea345,1
3\My Documents\My Music\My Pictures\ZIPPY DOGS\364.jpg,364.jpg,.jpg,image,869853,0.83,1184176956.0,0,UNLIKELY,False,,5135d113f526e4baa6d91320cbb8fab6b34d0735d13103862b23851aad961da4,1
3\My Documents\My Music\My Pictures\ZIPPY DOGS\365.jpg,365.jpg,.jpg,image,871076,0.83,1184176964.0,0,UNLIKELY,False,,dbc9caa797419a962beee30ff03f5b0f6364115c9478e5b57ff8d347f1c01176,1
3\My Documents\My Music\My Pictures\ZIPPY DOGS\366.jpg,366.jpg,.jpg,image,871522,0.83,1184176970.0,0,UNLIKELY,False,,b6ada052461dd1ffad4720d93c6a8684fb2db96da679cd695ab9f13e14616252,1
3\My Documents\My Music\My Pictures\ZIPPY DOGS\367.jpg,367.jpg,.jpg,image,868914,0.83,1184176976.0,0,UNLIKELY,False,,8b15613179921979c59d644531f4effb6f4df0cb271a7ab6275b3c8769ac4da2,1
3\My Documents\My Music\My Pictures\ZIPPY DOGS\368.jpg,368.jpg,.jpg,image,839807,0.8,1184176990.0,0,UNLIKELY,False,,e6f4d8b094b07985c8c2bd598d36f9d4d027d45d889cf0f87357f24fdbc360c0,1
3\My Documents\My Music\My Pictures\ZIPPY DOGS\369.jpg,369.jpg,.jpg,image,879973,0.84,1184177012.0,0,UNLIKELY,False,,78bf07effe245fea0875f60364449c346d98920b0d62a119f29fae3f3f769d4f,1
3\My Documents\My Music\My Pictures\ZIPPY DOGS\370.jpg,370.jpg,.jpg,image,879043,0.84,1184177026.0,0,UNLIKELY,False,,a1cf14d5cd923f66fd8990972d3e54ba1b99a5b89d7aff4f8a87efa8e470d7d9,1
3\My Documents\My Music\My Pictures\ZIPPY DOGS\371.jpg,371.jpg,.jpg,image,878400,0.84,1184177030.0,0,UNLIKELY,False,,4446592976ec99ac842471ffd7b70eee64fbce4a6d29aafd12ce98b0b7bc5e7e,1
3\My Documents\My Music\My Pictures\ZIPPY DOGS\372.jpg,372.jpg,.jpg,image,880594,0.84,1184177094.0,0,UNLIKELY,False,,eb1720c7904c6b60f755b8e972cac2d0cfd28798ab0c3f63457e6888c9c6b4f4,1
3\My Documents\My Music\My Pictures\ZIPPY DOGS\373.jpg,373.jpg,.jpg,image,881049,0.84,1184177108.0,0,UNLIKELY,False,,5e19b8151d79086b975b92ab9941ccfc14f9ef07c854175d5c8255e55bf263c9,1
3\My Documents\My Music\My Pictures\ZIPPY DOGS\374.jpg,374.jpg,.jpg,image,859098,0.82,1184177120.0,0,UNLIKELY,False,,e134ea09e23ade5fb6ec174924795a71f6c59c5a94361111a4fe84252ac6bae5,1
3\My Documents\My Music\My Pictures\ZIPPY DOGS\375.jpg,375.jpg,.jpg,image,872985,0.83,1184177126.0,0,UNLIKELY,False,,a0de3c2c71e82f00d24af1163a7b318d6291f9f51409b9cc06e487d8e9e32a6f,1
3\My Documents\My Music\My Pictures\ZIPPY DOGS\376.jpg,376.jpg,.jpg,image,871324,0.83,1184177130.0,0,UNLIKELY,False,,1d8a366ff5923a1399baaf5687dddec5bdb1cec0b54f1f4227137982d52eea56,1
3\My Documents\My Music\My Pictures\ZIPPY DOGS\377.jpg,377.jpg,.jpg,image,861303,0.82,1184177148.0,0,UNLIKELY,False,,e1336168551365d767e0cd22bd5b8e4f6e41adc96a749c8e48b1133ff346fce8,1
3\My Documents\My Music\My Pictures\ZIPPY DOGS\378.jpg,378.jpg,.jpg,image,837300,0.8,1214953706.0,0,UNLIKELY,False,,c26e7fc759f2cf8c995af6847a17b7bd09f2c96176f0e400879422b7ec69f543,1
3\My Documents\My Music\My Pictures\ZIPPY DOGS\379.jpg,379.jpg,.jpg,image,831805,0.79,1184177184.0,0,UNLIKELY,False,,8d939e4b68083fffa622542297f37b527fccf4d62931f76317fa5d3e4c53664d,1
3\My Documents\My Music\My Pictures\ZIPPY DOGS\380.jpg,380.jpg,.jpg,image,815963,0.78,1184177198.0,0,UNLIKELY,False,,ba5b628ad4215d2292fb9f22ed255bcd2eddf158df8fd31f49d3d241e2c8bb8f,1
3\My Documents\My Music\My Pictures\ZIPPY DOGS\381.jpg,381.jpg,.jpg,image,860064,0.82,1184177218.0,0,UNLIKELY,False,,836528c1bdb321acf01aa806666b55f299e86276f5663f201741550131c4026b,1
3\My Documents\My Music\My Pictures\ZIPPY DOGS\382.jpg,382.jpg,.jpg,image,863373,0.82,1184177230.0,0,UNLIKELY,False,,52c51d52c375142022ea7403b89d9a2b05dfc722c7f771b7d733462f60037a9c,1
3\My Documents\My Music\My Pictures\ZIPPY DOGS\383.jpg,383.jpg,.jpg,image,882670,0.84,1184177294.0,0,UNLIKELY,False,,62bbdddb965335b1d53bdee03ba55dc575a55bcd12b2bf9a9a20c66221311606,1
3\My Documents\My Music\My Pictures\ZIPPY DOGS\384.jpg,384.jpg,.jpg,image,881029,0.84,1184177310.0,0,UNLIKELY,False,,36ad492f79420562fe6d35a995ee95d4f03e1c198ca3255741af40d7cd46b542,1
3\My Documents\My Music\My Pictures\ZIPPY DOGS\385.jpg,385.jpg,.jpg,image,869348,0.83,1184177324.0,0,UNLIKELY,False,,89393a40f2cfc3099ebeb665c3d0e7b9c48c87c95011ae6051a2dedbe1ea469e,1
3\My Documents\My Music\My Pictures\ZIPPY DOGS\386.jpg,386.jpg,.jpg,image,877541,0.84,1184177334.0,0,UNLIKELY,False,,10f77ffee14416c0a34de5763d3d66113bd2f6ddfcec2e505e3d4a291caeb3cb,1
3\My Documents\My Music\My Pictures\ZIPPY DOGS\387.jpg,387.jpg,.jpg,image,847160,0.81,1184177352.0,0,UNLIKELY,False,,078dcab4b53ee48cde7076c42e445bca5adeac801b6f9dade9a5f60ee652d9a3,1
3\My Documents\My Music\My Pictures\ZIPPY DOGS\388.jpg,388.jpg,.jpg,image,794830,0.76,1184177392.0,0,UNLIKELY,False,,fe30e74e52f24dc5bf480717f519088bbf296936116791b2e91e6f5e80313c5c,1
3\My Documents\My Music\My Pictures\ZIPPY DOGS\389.jpg,389.jpg,.jpg,image,871071,0.83,1184177402.0,0,UNLIKELY,False,,ff1522c5858f9ff766cc426e8519d2264fcab9b6dcb4993425eb27a5a8268541,1
3\My Documents\My Music\My Pictures\ZIPPY DOGS\390.jpg,390.jpg,.jpg,image,875629,0.84,1184177408.0,0,UNLIKELY,False,,7f6e68dedfdcad97aa4c6134ef625685489f89c0d828666b3e0869a0be444383,1
3\My Documents\My Music\My Pictures\ZIPPY DOGS\391.jpg,391.jpg,.jpg,image,833979,0.8,1184177412.0,0,UNLIKELY,False,,2029d4c24e30fc385b6493ddbdc9cb978e5483b0762180fb9df7aba5ce56f5c8,1
3\My Documents\My Music\My Pictures\ZIPPY DOGS\392.jpg,392.jpg,.jpg,image,871444,0.83,1184177420.0,0,UNLIKELY,False,,d671f91bb9b64b61a0d60f1ea93d2ac809c4bd5df2d96f869989ac7f697d4f2a,1
3\My Documents\My Music\My Pictures\ZIPPY DOGS\393.jpg,393.jpg,.jpg,image,871101,0.83,1184177430.0,0,UNLIKELY,False,,527b5597a314450b14405447175ef4abe6b5a7437ab7b4d0b21af655ff52a63d,1
3\My Documents\My Music\My Pictures\ZIPPY DOGS\394.jpg,394.jpg,.jpg,image,861207,0.82,1184177442.0,0,UNLIKELY,False,,c4af121bbed9034a2767b5a446889f8c12a3b03b2f6863566d07b4c76ea1f6d8,1
3\My Documents\My Music\My Pictures\ZIPPY DOGS\395.jpg,395.jpg,.jpg,image,833124,0.79,1184177456.0,0,UNLIKELY,False,,24a7016223ac1a6883902fea7633b3bf34aab107123418a1130a282780ec5812,1
3\My Documents\My Music\My Pictures\ZIPPY DOGS\S6300084.jpg,S6300084.jpg,.jpg,image,606074,0.58,1183660176.0,0,UNLIKELY,False,,6667b5131a1425b7acd41b2ea010b84ad23d82c31ac482c59f441417bba8076b,2
3\My Documents\My Music\My Pictures\ZIPPY DOGS\S6300085.jpg,S6300085.jpg,.jpg,image,606335,0.58,1183660280.0,0,UNLIKELY,False,,91eb1fc2098dbec48a541d99b3b1dedbd32c2295b7f8f2f73f80721cae6a0fa3,2
3\My Documents\My Music\My Pictures\ZIPPY DOGS\S6300086.jpg,S6300086.jpg,.jpg,image,605873,0.58,1183660334.0,0,UNLIKELY,False,,03835daaf263b6705d6bd65cacddd9d7d86635563330e36a048235f30791c181,2
3\My Documents\My Music\My Pictures\ZIPPY DOGS\S6300087.jpg,S6300087.jpg,.jpg,image,601494,0.57,1183660378.0,0,UNLIKELY,False,,314ea0ce0cda6db31974d659b9d1723a1a0064cc493d2307225fdb2aa48ebfdb,2
3\My Documents\My Music\My Pictures\ZIPPY DOGS\S6300088.jpg,S6300088.jpg,.jpg,image,605524,0.58,1183660390.0,0,UNLIKELY,False,,fa1563fec0a97330739a73ebaa56f5d27b4800e1d81702c041e76ce953846e43,2
3\My Documents\My Music\My Pictures\ZIPPY DOGS\S6300089.jpg,S6300089.jpg,.jpg,image,605033,0.58,1183660394.0,0,UNLIKELY,False,,255910e0a44fb2810151e8d32eb30b611cbaf299a2bc8a8f5e2642f6bd100a0c,2
3\My Documents\My Music\My Pictures\ZIPPY DOGS\S6300090.jpg,S6300090.jpg,.jpg,image,547234,0.52,1183660536.0,0,UNLIKELY,False,,3f8c2f8e7296ad016f514eadba1c2a137b4ee16757c58b73fbbc85d30e073723,1
3\My Documents\My Music\My Pictures\ZIPPY DOGS\S6300091.jpg,S6300091.jpg,.jpg,image,607875,0.58,1183661036.0,0,UNLIKELY,False,,9e85595c2875d60dd2749a55079a6ba311767521694e4eb139b6a6db98e34b67,2
3\My Documents\My Music\My Pictures\ZIPPY DOGS\S6300092.jpg,S6300092.jpg,.jpg,image,881502,0.84,1183996268.0,0,UNLIKELY,False,,afd00713848407c7fec8834ed1fb194c08a50776329d1c5d5f9aa7d6833f4721,1
3\My Documents\My Music\My Pictures\ZIPPY DOGS\S6300094.jpg,S6300094.jpg,.jpg,image,841657,0.8,1183999514.0,0,UNLIKELY,False,,280ecb06034dc7ab9ccc51511eb698a750fcd5dcfaf8421a50b2439af736d355,1
3\My Documents\My Music\My Pictures\ZIPPY DOGS\S6300134.jpg,S6300134.jpg,.jpg,image,894316,0.85,1184176450.0,0,UNLIKELY,False,,c2b52d1eb1b710e22193ad42940d5b5013d7483212674fc86637c4b15c1c532d,1
3\My Documents\My Music\My Pictures\ZIPPY DOGS\S6300155.jpg,S6300155.jpg,.jpg,image,829897,0.79,1184176880.0,0,UNLIKELY,False,,fcf2115ccaeb2e8fba57212d9084f1d8f591adda1a6e67e85e8cdd8b34c7cd69,1
3\My Documents\My Music\My Pictures\ZIPPY DOGS\S6300194.jpg,S6300194.jpg,.jpg,image,811727,0.77,1184177470.0,0,UNLIKELY,False,,f46b591f46f8cddad70df3b7b66bf93d496e7aac95d86479c709b21a6a97bf47,1
3\My Documents\My Music\My Pictures\ZIPPY DOGS\S6300195.jpg,S6300195.jpg,.jpg,image,769628,0.73,1184177518.0,0,UNLIKELY,False,,32f9c4aa363c0ef4353346a9b0d9c32f7afd0c8f697c3e41143036a3b0b482b7,1
3\My Documents\My Music\My Pictures\ZIPPY DOGS\S6300196.jpg,S6300196.jpg,.jpg,image,869265,0.83,1184177588.0,0,UNLIKELY,False,,12308b87e8ef3e867e2bcd97027799a575d1811b59c99a3dd0b3e82ad0b138cd,1
3\My Documents\My Music\My Pictures\ZIPPY DOGS\S6300197.jpg,S6300197.jpg,.jpg,image,877955,0.84,1184177598.0,0,UNLIKELY,False,,7de950545f95980b5b59f102081f1dbe972313de1a31cf547c9dd2e3918a653f,1
3\My Documents\My Music\My Pictures\ZIPPY DOGS\S6300198.jpg,S6300198.jpg,.jpg,image,871190,0.83,1184177606.0,0,UNLIKELY,False,,e5d940c82ab4ec5a1ea64deaf56d21f685e1605a692907e195b43b09b9731dbc,1
3\My Documents\My Music\My Pictures\ZIPPY DOGS\S6300199.jpg,S6300199.jpg,.jpg,image,882456,0.84,1184177614.0,0,UNLIKELY,False,,c6bc471fbdb5f4c17b67f4602da9a6fcd36e037f78f86c6546c0f903b2efb76a,1
3\My Documents\My Music\My Pictures\ZIPPY DOGS\S6300200.jpg,S6300200.jpg,.jpg,image,887314,0.85,1184177626.0,0,UNLIKELY,False,,2e26d4a408705a6c83e22043da6e5e5c414e66dc8c7dd485dd213b07734d2838,1
3\My Documents\My Music\My Pictures\ZIPPY DOGS\S6300201.jpg,S6300201.jpg,.jpg,image,876262,0.84,1184177654.0,0,UNLIKELY,False,,024aed5946f34afd9a08a701dbf39ca400e1a715f56f6b06b9c0a165f28e5a6d,1
3\My Documents\My Music\My Pictures\ZIPPY DOGS\S6300202.jpg,S6300202.jpg,.jpg,image,880720,0.84,1184177672.0,0,UNLIKELY,False,,5f11c2ef28606849f051ae59d1dc87529fcd796f673a5edf3c1e1f604590f10a,1
3\My Documents\My Music\My Pictures\ZIPPY DOGS\S6300203.jpg,S6300203.jpg,.jpg,image,869784,0.83,1184177686.0,0,UNLIKELY,False,,cc8b790929932c5b94d825aef83ae20d00becd4d32803d312fd33261ca0e060a,1
3\My Documents\My Music\My Pictures\ZIPPY DOGS\S6300204.jpg,S6300204.jpg,.jpg,image,876925,0.84,1184177742.0,0,UNLIKELY,False,,e80c88e63c722e852016a2d863eb1d3b650916578d00ef74b4477f7a60fdb108,1
3\My Documents\My Music\My Pictures\ZIPPY DOGS\S6300205.jpg,S6300205.jpg,.jpg,image,877137,0.84,1184177766.0,0,UNLIKELY,False,,110c2cd16e2842b15eb6c874f267c786cb81a88a0ae731c6a3e1572d769fead7,1
3\My Documents\My Music\My Pictures\ZIPPY DOGS\S6300206.jpg,S6300206.jpg,.jpg,image,880660,0.84,1184178056.0,0,UNLIKELY,False,,89531262c9ba5dc975d78c8413fb10d5db4b0ac582343b20f8bdd1c520af2d36,1
3\My Documents\My Music\My Pictures\ZIPPY DOGS\sunshine.jpg,sunshine.jpg,.jpg,image,400472,0.38,1223842068.0,0,UNLIKELY,False,,547ecf276acae276485eb0bde08ee62d3a522c0e0a21310adbd6eab68a9e0aca,2
3\My Documents\My Music\My Pictures\ZIPPY DOGS\Thumbs.db,Thumbs.db,.db,other,827904,0.79,1224547348.0,0,UNLIKELY,False,,5b956f12b4c0448bbdc4234ff40d102001bac4f59a3181cce12ca35afd50aa8e,1
3\My Documents\My Music\Soundtrack\desktop.ini,desktop.ini,.ini,other,353,0.0,1209553570.0,0,UNLIKELY,False,,09bbd9192f63eb668939d07aa58fc6c31b4be16a32d9894256bd6f9690e396e8,1
3\My Documents\My Music\Soundtrack\Thumbs.db,Thumbs.db,.db,other,5632,0.01,1223526622.0,0,UNLIKELY,False,,d771563a034ffe1f96af142c7e8472e9d971bed304202af0cf98bfc31ab6a60a,1
3\My Documents\My Music\Tangerine Dream\desktop.ini,desktop.ini,.ini,other,348,0.0,1179594858.0,0,UNLIKELY,False,,345b169dd6accadb78f284dc845cd4941be24d0437424ec48fbf96c7d15f6908,1
3\My Documents\My Music\Tangerine Dream\Thumbs.db,Thumbs.db,.db,other,5632,0.01,1191804486.0,0,UNLIKELY,False,,f150f173499e08912f0f1c6f86a0539640253ef0d24598fd18f25c858d2a9dd6,1
3\My Documents\My Music\Tangerine Dream\Legend\04 Unicorn Theme.mp3,04 Unicorn Theme.mp3,.mp3,audio,6516540,6.21,1247352078.0,1,UNLIKELY,False,,044236c7074c1dac434950dbdc6e92d03b836c3dd98856e282df8587649b7d0d,1
3\My Documents\My Music\Tangerine Dream\Legend\07 Loved By The Sun.mp3,07 Loved By The Sun.mp3,.mp3,audio,11425888,10.9,1247352080.0,1,UNLIKELY,False,,f4d3c725d7d1a025d44e94cd63976ae5dcac33e27a059592c472b3435181338f,1
3\My Documents\My Music\Tangerine Dream\Legend\09 The Dance.mp3,09 The Dance.mp3,.mp3,audio,4629036,4.41,1247352080.0,1,UNLIKELY,False,,097eb8b748db8da3b54e3c4317c3b71c2337e13b5e75971fa0d81e025f366ab8,1
3\My Documents\My Music\Tangerine Dream\Legend\AlbumArtSmall.jpg,AlbumArtSmall.jpg,.jpg,image,2007,0.0,1247351934.0,0,UNLIKELY,False,,9098211fb8258498f45019962226c2bab91dd756a065d542e143869a60006d89,2
3\My Documents\My Music\Tangerine Dream\Legend\AlbumArt_{6F9F218C-AD7B-4640-9754-DB6655C349C9}_Large.jpg,AlbumArt_{6F9F218C-AD7B-4640-9754-DB6655C349C9}_Large.jpg,.jpg,image,7089,0.01,1247351944.0,0,UNLIKELY,False,,852d1a0441b5633aebd1687de6f60897fbb815c17352fef57f5eeeb483429db6,2
3\My Documents\My Music\Tangerine Dream\Legend\AlbumArt_{6F9F218C-AD7B-4640-9754-DB6655C349C9}_Small.jpg,AlbumArt_{6F9F218C-AD7B-4640-9754-DB6655C349C9}_Small.jpg,.jpg,image,2007,0.0,1247351934.0,0,UNLIKELY,False,,9098211fb8258498f45019962226c2bab91dd756a065d542e143869a60006d89,2
3\My Documents\My Music\Tangerine Dream\Legend\desktop.ini,desktop.ini,.ini,other,383,0.0,1247351958.0,0,UNLIKELY,False,,28db5f83078234e86892e077d1deea11af99c040520c540a91fdf533d65bd2ed,1
3\My Documents\My Music\Tangerine Dream\Legend\Folder.jpg,Folder.jpg,.jpg,image,7089,0.01,1247351944.0,0,UNLIKELY,False,,852d1a0441b5633aebd1687de6f60897fbb815c17352fef57f5eeeb483429db6,2
3\My Documents\My Music\Tangerine Dream\Legend\Thumbs.db,Thumbs.db,.db,other,6656,0.01,1258063892.0,0,UNLIKELY,False,,8723a5bd59b05529fc066f7c41429f51de2df0ec8c23caf704026f55e86a225a,1
3\My Documents\My Music\Unknown Artist\desktop.ini,desktop.ini,.ini,other,44,0.0,1207311264.0,0,UNLIKELY,False,,2715a15a5204ed6fdd1ffacf7f79513916b62d8b51dd89dbfa9bde3c08b36333,2
3\My Documents\My Music\Unknown Artist\Thumbs.db,Thumbs.db,.db,other,5632,0.01,1223526624.0,0,UNLIKELY,False,,41b68fd007d53092eb90a3489b812322782e0e5a92c7be6a61a563d4afd293f1,1
3\My Documents\My Music\Unknown Artist\Unknown Album (12-5-2007 11-29-16 AM)\01 THX_Movie_Intro.wma,01 THX_Movie_Intro.wma,.wma,audio,578287,0.55,1213723362.0,1,UNLIKELY,False,,d7a173438c808ee59bdbae929bce0450e274bacaa22a590320e1b452d014e7f6,1
3\My Documents\My Music\Unknown Artist\Unknown Album (12-5-2007 11-29-16 AM)\desktop.ini,desktop.ini,.ini,other,43,0.0,1196868558.0,0,UNLIKELY,False,,19bd39949e909c17f808985c512ec76020cc257cd57e0c0dbef1ae6fcd1c4d21,2
3\My Documents\My Music\Unknown Artist\Unknown Album (7-25-2006 9-42-11 PM)\01 THX_Movie_Intro.wma,01 THX_Movie_Intro.wma,.wma,audio,533585,0.51,1153874538.0,1,UNLIKELY,False,,89274efa751e93cd3cd52b5711bc8741dfdd2a2a17eacc5f116b946d2c9562cc,3
3\My Documents\My Music\Unknown Artist\Unknown Album (7-25-2006 9-42-11 PM)\desktop.ini,desktop.ini,.ini,other,43,0.0,1153874532.0,0,UNLIKELY,False,,19bd39949e909c17f808985c512ec76020cc257cd57e0c0dbef1ae6fcd1c4d21,2
3\My Documents\My Music\Untitled - 03-15-08\crickets.mp3,crickets.mp3,.mp3,audio,233161,0.22,1206738666.0,1,UNLIKELY,False,,59be6f487f7c7230e15db461de5901ce2e31ebe420c4d0e1f5afaa616c819a3a,2
3\My Documents\My Music\Whitesnake\desktop.ini,desktop.ini,.ini,other,379,0.0,1196868698.0,0,UNLIKELY,False,,b7f7d3cd50950cbd182a4087ff6951b6792f8d1a1c49f27d7d5c199c1efe11d7,1
3\My Documents\My Music\Whitesnake\Thumbs.db,Thumbs.db,.db,other,5632,0.01,1204180864.0,0,UNLIKELY,False,,1197f3fd237432babd1138a2c42e1bbae17b5c2e35f05683a240d24aac01a8ef,1
3\My Documents\My Music\Whitesnake\The Definitive Collection\15 Here I Go Again.mp3,15 Here I Go Again.mp3,.mp3,audio,10895488,10.39,1196868706.0,1,UNLIKELY,False,,e77085156ca770cfd5c575ce8d54b5ac512028098354c1539f30701f1e6d6cd2,2
3\My Documents\My Music\Whitesnake\The Definitive Collection\AlbumArtSmall.jpg,AlbumArtSmall.jpg,.jpg,image,2720,0.0,1196868560.0,0,UNLIKELY,False,,ebbab89be0d0af8c990caf8c8c26fbaaf832b6977703d8094d37d63495ae3eba,2
3\My Documents\My Music\Whitesnake\The Definitive Collection\AlbumArt_{FD737FD5-7E25-464B-9F33-6256F167FF43}_Large.jpg,AlbumArt_{FD737FD5-7E25-464B-9F33-6256F167FF43}_Large.jpg,.jpg,image,11618,0.01,1196868570.0,0,UNLIKELY,False,,2dda70ee4397aaff327e87da6264f9a3eb2d1cd0b4a7421d5f473d4dbc049231,2
3\My Documents\My Music\Whitesnake\The Definitive Collection\AlbumArt_{FD737FD5-7E25-464B-9F33-6256F167FF43}_Small.jpg,AlbumArt_{FD737FD5-7E25-464B-9F33-6256F167FF43}_Small.jpg,.jpg,image,2720,0.0,1196868560.0,0,UNLIKELY,False,,ebbab89be0d0af8c990caf8c8c26fbaaf832b6977703d8094d37d63495ae3eba,2
3\My Documents\My Music\Whitesnake\The Definitive Collection\desktop.ini,desktop.ini,.ini,other,378,0.0,1196868698.0,0,UNLIKELY,False,,3be9e155e05c0589969e510a164c62690623f7197dc2cdd62d28ddd1eaf7230f,1
3\My Documents\My Music\Whitesnake\The Definitive Collection\Folder.jpg,Folder.jpg,.jpg,image,11618,0.01,1196868570.0,0,UNLIKELY,False,,2dda70ee4397aaff327e87da6264f9a3eb2d1cd0b4a7421d5f473d4dbc049231,2
3\My Documents\My Music\Whitesnake\The Definitive Collection\Thumbs.db,Thumbs.db,.db,other,7680,0.01,1199857616.0,0,UNLIKELY,False,,37a4029538be856a8bd4592d4051e06f628731cbcebac85f08dc0dcdd99dcfc3,1
3\My Documents\My PhotoMovies\MOVIE & MUSIC.pmm,MOVIE & MUSIC.pmm,.pmm,other,11356,0.01,1203103294.0,0,UNLIKELY,False,,0a29c0fba73d9bc405a721c811c8338bb46f0a9f3d3fcc9d4fd32c4d3eebd374,1
3\My Documents\My PhotoMovies\My Movie 2_12_2008.pmm,My Movie 2_12_2008.pmm,.pmm,other,1898,0.0,1202874416.0,0,UNLIKELY,False,,e84f39548208d03dd32a3ceadb29905ddf6cc06e8beaa157b12cdc6be9991330,1
3\My Documents\My PhotoMovies\My Movie 2_15_2008.pmm,My Movie 2_15_2008.pmm,.pmm,other,1902,0.0,1203103424.0,0,UNLIKELY,False,,6f25684e7352fd9abd9932cb4e1a7531d1df228113af4bf795cbd65152bad8ce,1
3\My Documents\My PhotoMovies\My Movie 3_11_2008.pmm,My Movie 3_11_2008.pmm,.pmm,other,1902,0.0,1205269962.0,0,UNLIKELY,False,,32dfda2eedf55a1e3c18d544e90157dce1d2649ada6a3f4fefbae292aab96206,1
3\My Documents\My PhotoMovies\On The Road.pmm,On The Road.pmm,.pmm,other,10252,0.01,1202874686.0,0,UNLIKELY,False,,e2ddeb2fc00fefe999d2df4ab354ffce776aa5552e4656ae46588cb21574eedd,1
"3\My Documents\My PhotoMovies\My Received Files\Glossary of WWII German military terms Facts, Discussion Forum, and Encyclopedia Article.htm","Glossary of WWII German military terms Facts, Discussion Forum, and Encyclopedia Article.htm",.htm,other,1060246,1.01,1242793444.0,0,UNLIKELY,False,,fbf66225e673131adfdd5d2068efc7e8a59fd96c13a4bd76e19305fda7554edf,1
3\My Documents\My Pictures\at home\DOGS 001.jpg,DOGS 001.jpg,.jpg,image,606074,0.58,1213913822.0,0,UNLIKELY,False,,6667b5131a1425b7acd41b2ea010b84ad23d82c31ac482c59f441417bba8076b,2
3\My Documents\My Pictures\at home\DOGS 002.jpg,DOGS 002.jpg,.jpg,image,606335,0.58,1213913822.0,0,UNLIKELY,False,,91eb1fc2098dbec48a541d99b3b1dedbd32c2295b7f8f2f73f80721cae6a0fa3,2
3\My Documents\My Pictures\at home\DOGS 003.jpg,DOGS 003.jpg,.jpg,image,605873,0.58,1213913824.0,0,UNLIKELY,False,,03835daaf263b6705d6bd65cacddd9d7d86635563330e36a048235f30791c181,2
3\My Documents\My Pictures\at home\DOGS 006.jpg,DOGS 006.jpg,.jpg,image,867466,0.83,1213913860.0,0,UNLIKELY,False,,a0fb5b26306121d77e0f3027d5104306a12c279b710ec21fa953662fb6f93268,2
3\My Documents\My Pictures\at home\DOGS 007.jpg,DOGS 007.jpg,.jpg,image,868602,0.83,1213913860.0,0,UNLIKELY,False,,0334339775d4a0264008ed4c73d3989b47fae94093b2ef8a1777dca6772f705a,3
3\My Documents\My Pictures\at home\DOGS 008.jpg,DOGS 008.jpg,.jpg,image,890264,0.85,1213913862.0,0,UNLIKELY,False,,4a442a04c210ea2241a8a78670823bd4a4c713f14640d7aabc06c57c34c89adc,3
3\My Documents\My Pictures\at home\DOGS 010.jpg,DOGS 010.jpg,.jpg,image,875610,0.84,1213913864.0,0,UNLIKELY,False,,7e90d80a4c841c812b68df0620c0fdb5b5d575cba49bb9f53de508c73590bab0,3
3\My Documents\My Pictures\at home\DOGS 011.jpg,DOGS 011.jpg,.jpg,image,866133,0.83,1213913866.0,0,UNLIKELY,False,,3559dc887f281e4c296c1a1fc610f3777e46f36687af2c7b73e6446ff20b3fa5,3
3\My Documents\My Pictures\at home\DOGS 012.jpg,DOGS 012.jpg,.jpg,image,743035,0.71,1213915524.0,0,UNLIKELY,False,,c9fc86f09526453aea19846fff7b052ad075721295d9d3349fb527317d2acaeb,2
3\My Documents\My Pictures\at home\DOGS 013.jpg,DOGS 013.jpg,.jpg,image,872429,0.83,1213913868.0,0,UNLIKELY,False,,fdf924a42045acae598055b75029206ad11bf580342cfe04be3f7c73a3856204,3
3\My Documents\My Pictures\at home\DOGS 014.jpg,DOGS 014.jpg,.jpg,image,891887,0.85,1213913870.0,0,UNLIKELY,False,,f128125b133c54fc26b98b91f82b4d7b56715daaa47a3d98452ec7899dba64d3,2
3\My Documents\My Pictures\at home\DOGS 015.jpg,DOGS 015.jpg,.jpg,image,883915,0.84,1213913870.0,0,UNLIKELY,False,,95878d14f50a4f955783538adce141e96e7ec991415f48764913a4b4892c7d1f,2
3\My Documents\My Pictures\at home\DOGS 016.jpg,DOGS 016.jpg,.jpg,image,866419,0.83,1213913872.0,0,UNLIKELY,False,,219b259abef2de14fccec518c6d54921dad5f8369af023ca948903b245d41aba,2
3\My Documents\My Pictures\at home\DOGS 017.jpg,DOGS 017.jpg,.jpg,image,870547,0.83,1213913872.0,0,UNLIKELY,False,,f32628e1a7c70e1cdb71ad8cd3c7f991a8d7e245058f0aee3b50a9b032d1d4c2,1
3\My Documents\My Pictures\at home\DOGS 018.jpg,DOGS 018.jpg,.jpg,image,867075,0.83,1213913874.0,0,UNLIKELY,False,,8dfa8eb2f7d16be1952146ee4b0ed9768c869f8cf4433550a8a602da5dd3aea5,2
3\My Documents\My Pictures\at home\DOGS 019.jpg,DOGS 019.jpg,.jpg,image,874440,0.83,1213913876.0,0,UNLIKELY,False,,eeea5a7f5d6e12480806e193f3e675d9e2c5f3d95ceaa78dc593caac5831a5b7,2
3\My Documents\My Pictures\at home\DOGS 020.jpg,DOGS 020.jpg,.jpg,image,869527,0.83,1213913876.0,0,UNLIKELY,False,,9c625eef6e3b163201f225dbd5b02f818ea07989ab45c734e796c3c397816742,2
3\My Documents\My Pictures\at home\DOGS 021.jpg,DOGS 021.jpg,.jpg,image,874582,0.83,1213913878.0,0,UNLIKELY,False,,82e465fb83f1387565696a887ab944269ba25dc5452b14b3e2184c81c8a65cf5,2
3\My Documents\My Pictures\at home\DOGS 022.jpg,DOGS 022.jpg,.jpg,image,890355,0.85,1213913880.0,0,UNLIKELY,False,,9f1811f3253909578082d1c218f25fd66d207fd0858b608476c7b768ac182ffd,2
3\My Documents\My Pictures\at home\DOGS 023.jpg,DOGS 023.jpg,.jpg,image,875685,0.84,1213913880.0,0,UNLIKELY,False,,2a1f2d3afc4a98b6ed6c3a304415e9efa4eb30a21c24131b6f0c76814859c059,2
3\My Documents\My Pictures\at home\JUnior 001.jpg,JUnior 001.jpg,.jpg,image,420823,0.4,1208645062.0,0,UNLIKELY,False,,c163964ae57c98b81c3506774f690dbac1b8d26c1fc8aef267e128124835cbd8,1
3\My Documents\My Pictures\at home\JUnior 001A.jpg,JUnior 001A.jpg,.jpg,image,420823,0.4,1208644772.0,0,UNLIKELY,False,,5a46ebc2df29c7931b56b6413e47e82c4e7a3388f1edcda4975fb805ea8b077f,1
3\My Documents\My Pictures\at home\JUnior 002.jpg,JUnior 002.jpg,.jpg,image,135705,0.13,1208643330.0,0,UNLIKELY,False,,61dc58dbcd3fcef90fe0a5f08bbbc0ef83aa5c5c79098513402beaa27d8ea0a3,1
3\My Documents\My Pictures\at home\JUnior 002A.jpg,JUnior 002A.jpg,.jpg,image,618767,0.59,1208641978.0,0,UNLIKELY,False,,ff3ceae9e3be8399c05a0fc6dee457826fb8db63fd1a594b2c2eb7de2827efc1,1
3\My Documents\My Pictures\at home\JUnior 002B.jpg,JUnior 002B.jpg,.jpg,image,135705,0.13,1208643122.0,0,UNLIKELY,False,,5cddef742c58c8714af479e9ee6da62a7b99493396c20f11d3adf7e20846ea60,1
3\My Documents\My Pictures\at home\JUnior 003.jpg,JUnior 003.jpg,.jpg,image,508328,0.48,1208712032.0,0,UNLIKELY,False,,aec2228b786ad05b93bec600ab56ee0acebff6a3e75e5c5f72fbc9d4613db909,2
3\My Documents\My Pictures\at home\JUnior 003A.jpg,JUnior 003A.jpg,.jpg,image,508328,0.48,1208709150.0,0,UNLIKELY,False,,aec2228b786ad05b93bec600ab56ee0acebff6a3e75e5c5f72fbc9d4613db909,2
3\My Documents\My Pictures\at home\JUnior 004.jpg,JUnior 004.jpg,.jpg,image,601494,0.57,1208641056.0,0,UNLIKELY,False,,314ea0ce0cda6db31974d659b9d1723a1a0064cc493d2307225fdb2aa48ebfdb,2
3\My Documents\My Pictures\at home\JUnior 005.jpg,JUnior 005.jpg,.jpg,image,605524,0.58,1208641058.0,0,UNLIKELY,False,,fa1563fec0a97330739a73ebaa56f5d27b4800e1d81702c041e76ce953846e43,2
3\My Documents\My Pictures\at home\JUnior 006.jpg,JUnior 006.jpg,.jpg,image,605033,0.58,1208641058.0,0,UNLIKELY,False,,255910e0a44fb2810151e8d32eb30b611cbaf299a2bc8a8f5e2642f6bd100a0c,2
3\My Documents\My Pictures\at home\JUnior 007.jpg,JUnior 007.jpg,.jpg,image,607875,0.58,1208641060.0,0,UNLIKELY,False,,9e85595c2875d60dd2749a55079a6ba311767521694e4eb139b6a6db98e34b67,2
3\My Documents\My Pictures\at home\Thumbs.db,Thumbs.db,.db,other,153600,0.15,1223193694.0,0,UNLIKELY,False,,0888face013ad20bcc87defb9094a77986dde0764d3572cdb067952f14f3577f,1
3\My Documents\My Pictures\barnstable\Backside of Sandy Neck from Harbor.jpg,Backside of Sandy Neck from Harbor.jpg,.jpg,image,863407,0.82,1190439298.0,0,UNLIKELY,False,,eea25fe7c716b5958e7f791affc27e09e5d5e6beb4394a1ad1bb48e447c48951,2
3\My Documents\My Pictures\barnstable\Barnstable Harbor Entrance.jpg,Barnstable Harbor Entrance.jpg,.jpg,image,893372,0.85,1190439286.0,0,UNLIKELY,False,,791bdd6e44cabef5b2af3b54aa9701acab01dcaff142f70dc371f50fa42e7180,2
3\My Documents\My Pictures\barnstable\Barnstable Harbor.jpg,Barnstable Harbor.jpg,.jpg,image,893372,0.85,1190439286.0,0,UNLIKELY,False,,791bdd6e44cabef5b2af3b54aa9701acab01dcaff142f70dc371f50fa42e7180,2
3\My Documents\My Pictures\barnstable\BARNSTABLE HARBOR2.jpg,BARNSTABLE HARBOR2.jpg,.jpg,image,499236,0.48,1225241018.0,0,UNLIKELY,False,,9ac9072393faefb794d713bc318fcadf9b95cd7c74c7b224da93107385c0a277,1
3\My Documents\My Pictures\barnstable\Barnstable House.jpg,Barnstable House.jpg,.jpg,image,886669,0.85,1190430644.0,0,UNLIKELY,False,,4ca65f2baba715dd43f9068e484a3cdca604085798c272045640acef43db45a9,1
3\My Documents\My Pictures\barnstable\Copy of S6300320.jpg,Copy of S6300320.jpg,.jpg,image,881371,0.84,1190431440.0,0,UNLIKELY,False,,7dac74845cd19325ff189b381545f3d84c9f9554e653b61dc0eedc2308e8bdeb,1
3\My Documents\My Pictures\barnstable\Noel's.jpg,Noel's.jpg,.jpg,image,776951,0.74,1223338444.0,0,UNLIKELY,False,,b1f8f01584bf7ae5e548aa05ff594299e1c21907c0ca7ec1b6eef77c89a01ca8,1
3\My Documents\My Pictures\barnstable\S6300267.jpg,S6300267.jpg,.jpg,image,876935,0.84,1190342386.0,0,UNLIKELY,False,,39091229767d82c293f08e357d62483936bcaadb0acd9a6731bdc5984674c607,1
3\My Documents\My Pictures\barnstable\S6300268.jpg,S6300268.jpg,.jpg,image,873703,0.83,1190342450.0,0,UNLIKELY,False,,500969d734745e9c454274c23131e2f3aca0f2e981e039d0676fd2f863cc74a4,1
3\My Documents\My Pictures\barnstable\S6300276.jpg,S6300276.jpg,.jpg,image,878367,0.84,1190429334.0,0,UNLIKELY,False,,4c8dae905085650b47f526c64c79f0edef0b190030e0786550c4229b92530daa,1
3\My Documents\My Pictures\barnstable\S6300277.jpg,S6300277.jpg,.jpg,image,884105,0.84,1190429352.0,0,UNLIKELY,False,,52c0722b6d08ac8ac807e92a2f10a2882b159cb58945680ea4c7a3df232a0cb6,1
3\My Documents\My Pictures\barnstable\S6300278.jpg,S6300278.jpg,.jpg,image,861473,0.82,1190429360.0,0,UNLIKELY,False,,6693d34697ec17f81de8d0060bdd0049c70b0d9d7abd0e83ef7082890b24a18f,1
3\My Documents\My Pictures\barnstable\S6300279.jpg,S6300279.jpg,.jpg,image,888191,0.85,1190429398.0,0,UNLIKELY,False,,9d6a2d97d596e9936ff2b719d0192a1cc3cbb5731bf8a192acb0ec153ea2213b,1
3\My Documents\My Pictures\barnstable\S6300280.jpg,S6300280.jpg,.jpg,image,896099,0.85,1190429422.0,0,UNLIKELY,False,,c3b62a9d9114e4695aa51622998240c9c129c63421374e3b49e10576355c5f36,1
3\My Documents\My Pictures\barnstable\S6300281.jpg,S6300281.jpg,.jpg,image,869238,0.83,1190429532.0,0,UNLIKELY,False,,0852e3aa0af170ef147b0a47e2f36960c56a57b46139c83c3bb5160582927234,1
3\My Documents\My Pictures\barnstable\S6300282.jpg,S6300282.jpg,.jpg,image,876613,0.84,1190429568.0,0,UNLIKELY,False,,856d9e64e99b3adf80b5103555d8465ac7bd5cedb6e57cec47edb504b0f91868,1
3\My Documents\My Pictures\barnstable\S6300283.jpg,S6300283.jpg,.jpg,image,842381,0.8,1190429658.0,0,UNLIKELY,False,,cdafa25499eea35d545827a11ebffd50e2f5b2df075c8af00490d24b9015f855,1
3\My Documents\My Pictures\barnstable\S6300285.jpg,S6300285.jpg,.jpg,image,887060,0.85,1190429688.0,0,UNLIKELY,False,,b95f33e7bdbefd1b6d25418213fa90550840e077636773fe509fbd46cec8b024,1
3\My Documents\My Pictures\barnstable\S6300286.jpg,S6300286.jpg,.jpg,image,871955,0.83,1190429738.0,0,UNLIKELY,False,,6a95c377fa788dd0faf74ca3289201621e753b85fed0136ada9812fd532fd51f,1
3\My Documents\My Pictures\barnstable\S6300287.jpg,S6300287.jpg,.jpg,image,887404,0.85,1190429778.0,0,UNLIKELY,False,,9ce584b5e69a0cad75465481ba877fc89c2dffc8a5553de95183ef7815fae774,1
3\My Documents\My Pictures\barnstable\S6300288.jpg,S6300288.jpg,.jpg,image,888651,0.85,1190429802.0,0,UNLIKELY,False,,a55c85494a5d185577af40b7bab36670b02f5ffd38ce3fc7c51fbb5911438a11,1
3\My Documents\My Pictures\barnstable\S6300289.jpg,S6300289.jpg,.jpg,image,880525,0.84,1190429842.0,0,UNLIKELY,False,,36b417586112a72ab9332d05e6418117d25ff0672d01afdfc77bd1f933f68fce,1
3\My Documents\My Pictures\barnstable\S6300290.jpg,S6300290.jpg,.jpg,image,891679,0.85,1190429876.0,0,UNLIKELY,False,,ba67fc786e33d27994db9f61ae0426890e98862a07cf1d45642ac4bc2757aff4,1
3\My Documents\My Pictures\barnstable\S6300291.jpg,S6300291.jpg,.jpg,image,848180,0.81,1190429902.0,0,UNLIKELY,False,,9d56342e7ca28c5f3f758a06861c87c543ab5c0e2ee54bee5755ba457a97966a,1
3\My Documents\My Pictures\barnstable\S6300292.jpg,S6300292.jpg,.jpg,image,893097,0.85,1190429918.0,0,UNLIKELY,False,,5d2e1a4f179e98aa4c1dc08f3844935e5220a1032f0e516535de0c20487faf1e,1
3\My Documents\My Pictures\barnstable\S6300293.jpg,S6300293.jpg,.jpg,image,873466,0.83,1190429968.0,0,UNLIKELY,False,,3cff82f30a6786d1d3d310c28f4dd8e47b02bc607b3177f04c453ff3da261bb0,1
3\My Documents\My Pictures\barnstable\S6300294.jpg,S6300294.jpg,.jpg,image,883186,0.84,1190429980.0,0,UNLIKELY,False,,86b33d11e9b892e104b8d9069f71024bf2364149aa522b9e51a13c2057228206,1
3\My Documents\My Pictures\barnstable\S6300295.jpg,S6300295.jpg,.jpg,image,889947,0.85,1190430056.0,0,UNLIKELY,False,,3a954635e6f766d7d23a0b7a44da944959cdea46a618df49ad49b4f2a3081d62,1
3\My Documents\My Pictures\barnstable\S6300296.jpg,S6300296.jpg,.jpg,image,756399,0.72,1190430104.0,0,UNLIKELY,False,,d3927cd41ab0a8e1dde0e74174e5f02a405b3fa935ad82b2a33416e1c47618f0,1
3\My Documents\My Pictures\barnstable\S6300297.jpg,S6300297.jpg,.jpg,image,887856,0.85,1190430134.0,0,UNLIKELY,False,,e741e5c2ad7856e37ea4fff66ac0d0e5da80dd721562db053faf447ba662eb4e,1
3\My Documents\My Pictures\barnstable\S6300298.jpg,S6300298.jpg,.jpg,image,774298,0.74,1190430154.0,0,UNLIKELY,False,,e64d0fce2b2155a491b5bbc6357ffdf95a77b12ff5550898625e8bb43b9d85ae,1
3\My Documents\My Pictures\barnstable\S6300299.jpg,S6300299.jpg,.jpg,image,895780,0.85,1190430244.0,0,UNLIKELY,False,,ce41637aa6e802f6b8454ef78b6764aeadde51b3270997f577a8ee8b83a0e3fd,1
3\My Documents\My Pictures\barnstable\S6300300.jpg,S6300300.jpg,.jpg,image,874420,0.83,1190430290.0,0,UNLIKELY,False,,38b4cc3ec5a7bb1c45536bd8492ff9bbcde5f2d9281c016d2ab7c701a036dbfe,1
3\My Documents\My Pictures\barnstable\S6300301.jpg,S6300301.jpg,.jpg,image,887572,0.85,1190430328.0,0,UNLIKELY,False,,ba5072822e5b85ab78584be83ceb8e9a76919e0d170c1c21d5d8058b69059300,1
3\My Documents\My Pictures\barnstable\S6300302.jpg,S6300302.jpg,.jpg,image,867479,0.83,1190430350.0,0,UNLIKELY,False,,cd796f1f9d797b8fad7e955697016dd436305ff8865774e1bcef9386b8ed2a6e,1
3\My Documents\My Pictures\barnstable\S6300303.jpg,S6300303.jpg,.jpg,image,844900,0.81,1190430402.0,0,UNLIKELY,False,,b607b1bd1b35b089074e5a3410991eac2afcb525b68e14de7c91a70f720f706d,1
3\My Documents\My Pictures\barnstable\S6300304.jpg,S6300304.jpg,.jpg,image,875643,0.84,1190430434.0,0,UNLIKELY,False,,30cd253bcfd2bf21b1eba45987d6dc195f47ead8019c9f2048724dc5edd5874e,1
3\My Documents\My Pictures\barnstable\S6300305.jpg,S6300305.jpg,.jpg,image,885892,0.84,1190430508.0,0,UNLIKELY,False,,4e5a46ffc5bdfe093ab7f879491c4e4da3fdb25f03e24d04c90bc9bf744d001c,1
3\My Documents\My Pictures\barnstable\S6300306.jpg,S6300306.jpg,.jpg,image,871380,0.83,1190430586.0,0,UNLIKELY,False,,aa494eeaa9f7f4e12fea9fa6807cab474173d14ee22ae736e68d7f250fda07c3,1
3\My Documents\My Pictures\barnstable\S6300307.jpg,S6300307.jpg,.jpg,image,873545,0.83,1190430596.0,0,UNLIKELY,False,,eb47e11ebb49dcd27437d00fef1691c269c0ecbac831b3f354bbac6eedbf62cc,1
3\My Documents\My Pictures\barnstable\S6300308.jpg,S6300308.jpg,.jpg,image,881303,0.84,1190430622.0,0,UNLIKELY,False,,50da78a54a1e735cc13a12a8847b04474a843b4ef8cb3acb1ea6582619e07cad,1
3\My Documents\My Pictures\barnstable\S6300310.jpg,S6300310.jpg,.jpg,image,882859,0.84,1190430718.0,0,UNLIKELY,False,,c93aaf25009b658b1123023896fef5e54384fa19649408c13678a5bf3bebf00a,1
3\My Documents\My Pictures\barnstable\S6300311.jpg,S6300311.jpg,.jpg,image,877332,0.84,1190430746.0,0,UNLIKELY,False,,3f06c020af8023c244784dc0ff07a30b7ac7192c127ff651f91c784cdc787d82,1
3\My Documents\My Pictures\barnstable\S6300312.jpg,S6300312.jpg,.jpg,image,887274,0.85,1190430774.0,0,UNLIKELY,False,,143c38af90d99130b7dd8a0da7474c13a18f06ff446c76aaf56f9253cb2191d0,1
3\My Documents\My Pictures\barnstable\S6300313.jpg,S6300313.jpg,.jpg,image,892880,0.85,1190430810.0,0,UNLIKELY,False,,9ad834805b40ee459a9f393019e62a0bf4e35ea7e31c9b87289b3f5ee1608eb9,1
3\My Documents\My Pictures\barnstable\S6300314.jpg,S6300314.jpg,.jpg,image,879288,0.84,1190430844.0,0,UNLIKELY,False,,bb52592dcf7acdf5ebffbc46107492781f422c5eca276137e7c7f9d56464564d,1
3\My Documents\My Pictures\barnstable\S6300315.jpg,S6300315.jpg,.jpg,image,873184,0.83,1190430896.0,0,UNLIKELY,False,,fc39f768b088a36115184dba0a1c03bbec6fa65baea8d60b38b8ee10867dc308,1
3\My Documents\My Pictures\barnstable\S6300316.jpg,S6300316.jpg,.jpg,image,874948,0.83,1190430918.0,0,UNLIKELY,False,,a923b2d4295aa867fe4065b7653f5525ad303b3e9e628ff03d4080f8deb59835,1
3\My Documents\My Pictures\barnstable\S6300317.jpg,S6300317.jpg,.jpg,image,885313,0.84,1190430978.0,0,UNLIKELY,False,,8fc9e37d3220136666249a441fe21f4b2e0999254cf6be67edd0a368ac90835c,1
3\My Documents\My Pictures\barnstable\S6300318.jpg,S6300318.jpg,.jpg,image,870757,0.83,1190431012.0,0,UNLIKELY,False,,695e5dcaf8153d00587daf133b651bd6fd2941c41bc439c07174c37777bf1171,1
3\My Documents\My Pictures\barnstable\S6300319.jpg,S6300319.jpg,.jpg,image,881258,0.84,1190431050.0,0,UNLIKELY,False,,509b8f07bb715dcc4d1864e5edac67c1a5a09eb70d9bbe965934b24363fa8514,1
3\My Documents\My Pictures\barnstable\S6300320.jpg,S6300320.jpg,.jpg,image,776951,0.74,1223338062.0,0,UNLIKELY,False,,48fdcd90c24e6ee6e5d4e863627adc5d2e2843a522d4a8c3919404222048d823,1
3\My Documents\My Pictures\barnstable\S6300321.jpg,S6300321.jpg,.jpg,image,873882,0.83,1190432600.0,0,UNLIKELY,False,,3e08eda3b3be60bfbeb9f4c7885ce3ac915dfdbaecb973c306ad15ddb0321b8f,1
3\My Documents\My Pictures\barnstable\S6300322.jpg,S6300322.jpg,.jpg,image,871223,0.83,1190432612.0,0,UNLIKELY,False,,79d923ccbb6f03450554e2fe14f95711b4fc89f7ddd3125e73edd68d6ee0fd4c,1
3\My Documents\My Pictures\barnstable\S6300323.jpg,S6300323.jpg,.jpg,image,897075,0.86,1190432618.0,0,UNLIKELY,False,,e89f143fed5b3c73fc2788e44ccbce9167a448f53d96b6bb1469f5cf5de78fa1,1
3\My Documents\My Pictures\barnstable\S6300324.jpg,S6300324.jpg,.jpg,image,881941,0.84,1190432656.0,0,UNLIKELY,False,,c196f0c2bd41fc1153f4ba5c1c79a04b95acb15406dfdae78f4e343a608071de,2
3\My Documents\My Pictures\barnstable\S6300324002.jpg,S6300324002.jpg,.jpg,image,881941,0.84,1190432656.0,0,UNLIKELY,False,,c196f0c2bd41fc1153f4ba5c1c79a04b95acb15406dfdae78f4e343a608071de,2
3\My Documents\My Pictures\barnstable\S6300325.jpg,S6300325.jpg,.jpg,image,895014,0.85,1190432908.0,0,UNLIKELY,False,,aa15962e971ee4af6230cb77e287f08f77607adb76bb8113e742b54a49f07c59,2
3\My Documents\My Pictures\barnstable\S6300325002.jpg,S6300325002.jpg,.jpg,image,895014,0.85,1190432908.0,0,UNLIKELY,False,,aa15962e971ee4af6230cb77e287f08f77607adb76bb8113e742b54a49f07c59,2
3\My Documents\My Pictures\barnstable\S6300326.jpg,S6300326.jpg,.jpg,image,873455,0.83,1190432918.0,0,UNLIKELY,False,,1cd73ebb6ad7ebcde6f50f881261f258ae31d57c29da2ee1260f066d379764f3,2
3\My Documents\My Pictures\barnstable\S6300326002.jpg,S6300326002.jpg,.jpg,image,873455,0.83,1190432918.0,0,UNLIKELY,False,,1cd73ebb6ad7ebcde6f50f881261f258ae31d57c29da2ee1260f066d379764f3,2
3\My Documents\My Pictures\barnstable\S6300327.jpg,S6300327.jpg,.jpg,image,863793,0.82,1190433266.0,0,UNLIKELY,False,,e23238285201a9939757194bd8f1b7583bc320040da0edf7a4db172775288f24,2
3\My Documents\My Pictures\barnstable\S6300327002.jpg,S6300327002.jpg,.jpg,image,863793,0.82,1190433266.0,0,UNLIKELY,False,,e23238285201a9939757194bd8f1b7583bc320040da0edf7a4db172775288f24,2
3\My Documents\My Pictures\barnstable\S6300328.jpg,S6300328.jpg,.jpg,image,859885,0.82,1190433286.0,0,UNLIKELY,False,,2df937199eae40f0be69fa00af89a0a37c5e13d968f3f58d2b29f9f5531d3e3e,2
3\My Documents\My Pictures\barnstable\S6300328002.jpg,S6300328002.jpg,.jpg,image,859885,0.82,1190433286.0,0,UNLIKELY,False,,2df937199eae40f0be69fa00af89a0a37c5e13d968f3f58d2b29f9f5531d3e3e,2
3\My Documents\My Pictures\barnstable\S6300329.jpg,S6300329.jpg,.jpg,image,862086,0.82,1190433326.0,0,UNLIKELY,False,,a1b233aa05aa2e08338cb2ea288b670b1b25f230bbba0aee63ec0bcfe2cea897,2
3\My Documents\My Pictures\barnstable\S6300329002.jpg,S6300329002.jpg,.jpg,image,862086,0.82,1190433326.0,0,UNLIKELY,False,,a1b233aa05aa2e08338cb2ea288b670b1b25f230bbba0aee63ec0bcfe2cea897,2
3\My Documents\My Pictures\barnstable\S6300330.jpg,S6300330.jpg,.jpg,image,879846,0.84,1190433466.0,0,UNLIKELY,False,,c1c368ed06c8a1e16fa47a156a0d63a27beda0032483357ee6dbb56c610b9a99,2
3\My Documents\My Pictures\barnstable\S6300331.jpg,S6300331.jpg,.jpg,image,876317,0.84,1190439278.0,0,UNLIKELY,False,,a18f35831a83ee1d429bcf4b5ca2ab36e8c31ab8fd086247875b5ad0065c63f5,2
3\My Documents\My Pictures\barnstable\S6300331002.jpg,S6300331002.jpg,.jpg,image,876317,0.84,1190439278.0,0,UNLIKELY,False,,a18f35831a83ee1d429bcf4b5ca2ab36e8c31ab8fd086247875b5ad0065c63f5,2
3\My Documents\My Pictures\barnstable\S6300333.jpg,S6300333.jpg,.jpg,image,863407,0.82,1190439298.0,0,UNLIKELY,False,,eea25fe7c716b5958e7f791affc27e09e5d5e6beb4394a1ad1bb48e447c48951,2
3\My Documents\My Pictures\barnstable\S6300334.jpg,S6300334.jpg,.jpg,image,873909,0.83,1190439316.0,0,UNLIKELY,False,,212ac4043080af70fc369ef7604188bb045a424ab0f5b4e4b8c9f65407ec19f7,1
3\My Documents\My Pictures\barnstable\S6300335.jpg,S6300335.jpg,.jpg,image,877270,0.84,1190439370.0,0,UNLIKELY,False,,01a47cdcdb874ef653356a0d139f6033c96b4f2d4691ffb1f21f2e384bc148ea,1
3\My Documents\My Pictures\barnstable\S6300336.jpg.orig,S6300336.jpg.orig,.orig,other,869802,0.83,1190439388.0,0,UNLIKELY,False,,138cd828c746508e86ed0892232213bf0055e80ad6e2da36caee0ae1bc325981,1
3\My Documents\My Pictures\barnstable\Sandy Neck Dunes.jpg,Sandy Neck Dunes.jpg,.jpg,image,879846,0.84,1190433466.0,0,UNLIKELY,False,,c1c368ed06c8a1e16fa47a156a0d63a27beda0032483357ee6dbb56c610b9a99,2
3\My Documents\My Pictures\barnstable\Thumbs.db,Thumbs.db,.db,other,289280,0.28,1226847466.0,0,UNLIKELY,False,,84c7590d23ac50cb25094c2fa31a6859b57f9045892a561327e123b1095e0320,1
3\My Documents\My Videos\atl71.zip,atl71.zip,.zip,other,45714,0.04,1195707808.0,0,UNLIKELY,False,,520115f9a20e4f193be54d815312f6df0cac802c8b1f6764062caf637c312e54,1
3\My Documents\My Videos\Thumbs.db,Thumbs.db,.db,other,11776,0.01,1170626534.0,0,UNLIKELY,False,,a701185d7b1530ba01eca42b5648252fac1df52651e344bb97ab948dda4fc620,1
3\My Documents\My Videos\atl71\readme.txt,readme.txt,.txt,document,3108,0.0,1171772468.0,0,UNLIKELY,True," ͻ www. ͼ This dll-file was downloaded from www.dll-files.com If you downloaded this file from somewhere else, please let us know. ",e6d7605914a78939489135da63526d3d79b90e5ca56bc1fac8ab54594699be60,1
3\My Documents\My Videos\atl71\Ansi Version\atl71.dll,atl71.dll,.dll,other,106496,0.1,1171772468.0,0,UNLIKELY,False,,a5150ec1d1127ebfa2a18d97493da58da14d9ed920572969390dcb5e676ee10d,1
3\My Documents\My Videos\atl71\Unicode version\atl71.dll,atl71.dll,.dll,other,89088,0.08,1171772468.0,0,UNLIKELY,False,,3f25e7b097b65eaf82a6d5b58646dff38ca19347664f40c2b8a409b9d6939457,1
3\My Documents\My Videos\RealPlayer Downloads\LG VX6000 User Guide.meta,LG VX6000 User Guide.meta,.meta,other,717,0.0,1211759796.0,0,UNLIKELY,False,,e4d92d8d11fc0aa49f0214515a95ee7be3a361a90b7bede30b7922b58fed8d66,1
3\My Documents\My Videos\RealPlayer Downloads\LG VX6000 User Guide.swf,LG VX6000 User Guide.swf,.swf,other,6970,0.01,1211759792.0,0,UNLIKELY,False,,4a048760df529d179df3116d015fb868bb4ac6b43ad12e62d323038dcc6d05f7,1
3\My Documents\My Videos\RealPlayer Downloads\The Tube - Watchersweb - Micro-.meta,The Tube - Watchersweb - Micro-.meta,.meta,other,761,0.0,1221063210.0,0,UNLIKELY,False,,36591c3ed7e06fc58944fe45a49cc6a50d295dcc2f4a2ec61492228c5c4cc1c5,1
3\My Documents\My Videos\RealPlayer Downloads\The Tube - Watchersweb - Micro-.swf,The Tube - Watchersweb - Micro-.swf,.swf,other,141956,0.14,1221063208.0,0,UNLIKELY,False,,07d3d7a4cf61083190d142dce8a5bfb42bb64a02c91e78f50e296d931f979f87,1
3\My Documents\My Videos\RealPlayer Downloads\Thumbs.db,Thumbs.db,.db,other,17408,0.02,1217087786.0,0,UNLIKELY,False,,401317c9d1e7839ca4d5dc7951dc719419b9a8c371f02fca7c7afc403be2c9cd,1
3\My Documents\Philips Intelligent Agent\Philips_Intelligent_Agent_2.2_Setup.exe,Philips_Intelligent_Agent_2.2_Setup.exe,.exe,other,2118168,2.02,1218228122.0,0,UNLIKELY,False,,779e42285f95599cbddf51b8378176a103497a8c2cb8bdfcdd8fe6a444ca6df0,1
3\My Documents\Roxie\Slide1.GIF,Slide1.GIF,.gif,image,249452,0.24,1221345814.0,0,UNLIKELY,False,,8fac0eb36f4d6a6cd2bdd2535d9c33af61fa077a01db9bff1898a94a593aef26,1
3\My Documents\Roxie\Thumbs.db,Thumbs.db,.db,other,8704,0.01,1221458932.0,0,UNLIKELY,False,,64e676aaebb16ca6f040d502d923e4389322ad219cf647f8e70b53f23c6f7c44,1
3\My Documents\Start Menu\desktop.ini,desktop.ini,.ini,other,62,0.0,1092258432.0,0,UNLIKELY,False,,d18ec25d468d4a735ea38c8dfcd694827bb873f00bd67bd92640b850c41c356a,1
3\My Documents\Start Menu\Programs\50 FREE MP3s from eMusic!.lnk,50 FREE MP3s from eMusic!.lnk,.lnk,other,1378,0.0,1223645316.0,0,UNLIKELY,False,,b3d1ce5c6e6faff6b3f96eaa9c0081a7d4f920bdf3dc033df86fee527352c794,1
3\My Documents\Start Menu\Programs\desktop.ini,desktop.ini,.ini,other,234,0.0,1219768206.0,0,UNLIKELY,False,,5541f7889f6741820280552d8ff6c3e0f99add8002ce30a83bf078c1840b5d78,1
3\My Documents\Start Menu\Programs\Internet Explorer.lnk,Internet Explorer.lnk,.lnk,other,809,0.0,1247207832.0,0,UNLIKELY,False,,5d13dfb646d209daae1e6e0f0190267c961d5c644a331e4bb58d7e03966646bf,1
3\My Documents\Start Menu\Programs\Outlook Express.lnk,Outlook Express.lnk,.lnk,other,744,0.0,1219768206.0,0,UNLIKELY,False,,0d87961d4ad8f2689cba976edc3e24d942db68f66c844419c97bd056b57d56e1,1
3\My Documents\Start Menu\Programs\Remote Assistance.lnk,Remote Assistance.lnk,.lnk,other,1605,0.0,1240886344.0,0,UNLIKELY,False,,fda1e719b8be90a69cbc3783b254fd1a85f0b4dece77bcc1003bd32b5192a388,1
3\My Documents\Start Menu\Programs\Windows Install Clean Up.lnk,Windows Install Clean Up.lnk,.lnk,other,2745,0.0,1249861978.0,0,UNLIKELY,False,,c70d316d8d44695d8f0cfe88fc5b3637da18a7d1bf7b55078b2e76c6e5eb5607,1
3\My Documents\Start Menu\Programs\Windows Media Player.lnk,Windows Media Player.lnk,.lnk,other,788,0.0,1196458232.0,0,UNLIKELY,False,,d791b797411ac20c5610de3e4d4636183ed2de0af78aa8925c5befd497831fa2,1
3\My Documents\Start Menu\Programs\Accessories\Address Book.lnk,Address Book.lnk,.lnk,other,780,0.0,1219768204.0,2,UNLIKELY,False,,5ee6e34a8748b95a9fa2de551374fe982d3eb93dd7cd6ec77c6049370a5d4ba0,1
3\My Documents\Start Menu\Programs\Accessories\Command Prompt.lnk,Command Prompt.lnk,.lnk,other,1459,0.0,1092258906.0,0,UNLIKELY,False,,525cddcb573973dd91f8892ba791cc3aaad05abb321544da408e7f13f4548026,1
3\My Documents\Start Menu\Programs\Accessories\desktop.ini,desktop.ini,.ini,other,542,0.0,1219768204.0,0,UNLIKELY,False,,5ef373aa2910dc8fbcbcd09b6c07bf6bd90c037da14146e2bea1c64cdb2e60f3,1
3\My Documents\Start Menu\Programs\Accessories\Notepad.lnk,Notepad.lnk,.lnk,other,1519,0.0,1135130644.0,0,UNLIKELY,False,,192eb62a48f3090b66ad384347525ac6569980eb9cae5318622dd4ae25373473,1
3\My Documents\Start Menu\Programs\Accessories\Program Compatibility Wizard.lnk,Program Compatibility Wizard.lnk,.lnk,other,386,0.0,1092258906.0,0,UNLIKELY,False,,f94a82d6978f26bf9bbe7196244f458c562220b6f9a6d856102ae9e1cd25d170,1
3\My Documents\Start Menu\Programs\Accessories\Synchronize.lnk,Synchronize.lnk,.lnk,other,1525,0.0,1225528660.0,0,UNLIKELY,False,,faaeabd33f43508ed1ae717b5bcf8cb1dac7f4b16bd4d30225eef0797249b0c0,1
3\My Documents\Start Menu\Programs\Accessories\Tour Windows XP.lnk,Tour Windows XP.lnk,.lnk,other,1527,0.0,1125878232.0,0,UNLIKELY,False,,428596dfc828bbbcc0e413dfe65aa059c1fdb568972865f5372d2b567f3b1715,1
3\My Documents\Start Menu\Programs\Accessories\Windows Explorer.lnk,Windows Explorer.lnk,.lnk,other,1487,0.0,1198734122.0,0,UNLIKELY,False,,8b9bf7e984895c0e225706b62716844940585f3693aa7078054157f45a486821,1
3\My Documents\Start Menu\Programs\Accessories\Accessibility\desktop.ini,desktop.ini,.ini,other,348,0.0,1092258906.0,0,UNLIKELY,False,,b369233c0be9ce04678ffe71ba9895c3eaf018e4b949a7686647560729b08a45,1
3\My Documents\Start Menu\Programs\Accessories\Accessibility\Magnifier.lnk,Magnifier.lnk,.lnk,other,1525,0.0,1130573240.0,0,UNLIKELY,False,,d4187eeecbc6dee9f34f42c896fd4e9cea5853ca083b484a889df04f3c468d1f,1
3\My Documents\Start Menu\Programs\Accessories\Accessibility\Narrator.lnk,Narrator.lnk,.lnk,other,1532,0.0,1133252926.0,3,LOW,False,,23aac63dc1f09bf18908b46492f3759a0d847f6225d7c714e61409c0a747f27d,1
3\My Documents\Start Menu\Programs\Accessories\Accessibility\On-Screen Keyboard.lnk,On-Screen Keyboard.lnk,.lnk,other,1501,0.0,1143433268.0,0,UNLIKELY,False,,a69cf6023c22f7cb681b933caeeafde23c0355a1903d34852559d36292bed3d6,1
3\My Documents\Start Menu\Programs\Accessories\Accessibility\Utility Manager.lnk,Utility Manager.lnk,.lnk,other,1539,0.0,1132515190.0,0,UNLIKELY,False,,63f1fb7852ec2a96dada26df820827da583981e0a30eb5d7568767a5d02c5c76,1
3\My Documents\Start Menu\Programs\Accessories\Entertainment\desktop.ini,desktop.ini,.ini,other,84,0.0,1092258906.0,0,UNLIKELY,False,,eb5f2eb18a9a1073547d2e1c615b167052a732e9306652c500379551c111e8e0,1
3\My Documents\Start Menu\Programs\Accessories\System Tools\Internet Explorer (No Add-ons).lnk,Internet Explorer (No Add-ons).lnk,.lnk,other,839,0.0,1247207832.0,0,UNLIKELY,False,,8b5fd280902b587c6b7c152ce21da192ef6af30a3a23cbabb8ae479137d0827f,1
3\My Documents\Start Menu\Programs\Administrative Tools\desktop.ini,desktop.ini,.ini,other,62,0.0,1190306844.0,0,UNLIKELY,False,,dd01cc7af00b5142e1fb955f39dd1768ee422a45144e0890be612bfa9531bbef,1
3\My Documents\Start Menu\Programs\Dell\Phone Support.lnk,Phone Support.lnk,.lnk,other,522,0.0,1124849088.0,0,UNLIKELY,False,,46e7a922ecd5e02bc40d8c6c7f41ba67fc7cee10edaf0d7a36f74a3399e83107,1
3\My Documents\Start Menu\Programs\Dell Accessories\Express Service Code.lnk,Express Service Code.lnk,.lnk,other,1211,0.0,1124849088.0,0,UNLIKELY,False,,f492a95c7746c403c55b16580ba814f12770269e87a4d19265a11c1bd0ce5f0c,1
3\My Documents\Start Menu\Programs\Mail.com\Mail.com Alert.lnk,Mail.com Alert.lnk,.lnk,other,635,0.0,1203136316.0,0,UNLIKELY,False,,5ef89903b748530e9b6ff23a9654644bab147b18c8643c9ad294778e84d50d9e,1
3\My Documents\Start Menu\Programs\Mail.com\Uninstall Mail.com Alert.lnk,Uninstall Mail.com Alert.lnk,.lnk,other,630,0.0,1203136316.0,0,UNLIKELY,False,,1f8e6eff458c992efc49d13b245dce95fde98b72ce9c003da01fb9618a7c5af0,1
3\My Documents\Start Menu\Programs\Startup\desktop.ini,desktop.ini,.ini,other,84,0.0,1092258906.0,0,UNLIKELY,False,,9c5824d33de6f6476396b89f0fb59453fb16176c2502dd2698ab6e53d89b1ed9,1
3\My Music\George Gershwin\desktop.ini,desktop.ini,.ini,other,300,0.0,1224344290.0,0,UNLIKELY,False,,78dd7739af01d2ea74afa063203aff4d3b90246f9be0f724ddc966cbff51e9e5,2
3\My Music\George Gershwin\George Gershwin\01 Rhapsody in Blue.wav,01 Rhapsody in Blue.wav,.wav,audio,179916482,171.58,1224344288.0,1,UNLIKELY,False,,eb907d9d9c2aef9328df3c160acc195b4e75362f7c155fd837fbbf2db949c3b8,2
3\My Music\George Gershwin\George Gershwin\desktop.ini,desktop.ini,.ini,other,299,0.0,1224344290.0,0,UNLIKELY,False,,e080d01dd442c2a78ef9cd95a64e06ef74899fd10e7131730f526a9e64eeab24,2
3\Over the Rhine\desktop.ini,desktop.ini,.ini,other,365,0.0,1259974996.0,0,UNLIKELY,False,,eb35f3ddaefb54fac5a3008c1e9912021d48240ca9df00bbbf3d7bd12ad8bcd0,1
3\Over the Rhine\Patience\12 Rhaposodie.wma,12 Rhaposodie.wma,.wma,audio,4882423,4.66,1259974996.0,1,UNLIKELY,False,,bc75d922ad8048b2f47efed6030255a10ac72724e282eb2de4fc1554fed9d158,1
3\Over the Rhine\Patience\AlbumArtSmall.jpg,AlbumArtSmall.jpg,.jpg,image,2676,0.0,1259969210.0,0,UNLIKELY,False,,98735ca2b1b301bfa7f52e3a4f4550704f6d39aa94de985b447ea2766e436755,2
3\Over the Rhine\Patience\AlbumArt_{1094D762-B40C-42A9-B20F-515E90575040}_Large.jpg,AlbumArt_{1094D762-B40C-42A9-B20F-515E90575040}_Large.jpg,.jpg,image,10578,0.01,1259969210.0,0,UNLIKELY,False,,05d66d66f69a563471a4915f945985c9b3961c1149e63ab8077a0fee20bf8160,2
3\Over the Rhine\Patience\AlbumArt_{1094D762-B40C-42A9-B20F-515E90575040}_Small.jpg,AlbumArt_{1094D762-B40C-42A9-B20F-515E90575040}_Small.jpg,.jpg,image,2676,0.0,1259969210.0,0,UNLIKELY,False,,98735ca2b1b301bfa7f52e3a4f4550704f6d39aa94de985b447ea2766e436755,2
3\Over the Rhine\Patience\desktop.ini,desktop.ini,.ini,other,364,0.0,1259974996.0,0,UNLIKELY,False,,363f3d9d954dce10e5d064722b1c089073585295c38466ec48849d734214181b,1
3\Over the Rhine\Patience\Folder.jpg,Folder.jpg,.jpg,image,10578,0.01,1259969210.0,0,UNLIKELY,False,,05d66d66f69a563471a4915f945985c9b3961c1149e63ab8077a0fee20bf8160,2
3\Over the Rhine\Patience\Thumbs.db,Thumbs.db,.db,other,26112,0.02,1259975106.0,0,UNLIKELY,False,,5edacbf9b87c533516b0addbd2d6a86a2696319aa3a4ac14fbfdf8caa87fea0e,1
3\Playlists\Healing.wpl,Healing.wpl,.wpl,other,4124,0.0,1320692858.0,0,UNLIKELY,False,,92a2e6deb09b88140db4d206de5fb9a50a81a3bcd8cfabf588adec75c4767866,1
3\Soundtrack\11 07 Track 7.mp3,11 07 Track 7.mp3,.mp3,audio,10949776,10.44,1251323342.0,1,UNLIKELY,False,,68d0c4d69bc07408bb67466e79303a85c4fb082a8dfdfa296d3cba80617fa70a,1
3\Soundtrack\desktop.ini,desktop.ini,.ini,other,374,0.0,1258407754.0,0,UNLIKELY,False,,cfb042f17e34b3f2eb1adc1f94c873d41dadfa3ead8f86ff8da84826f0c493ad,1
3\Vera Lynn\21 Medley- When The Lights Go On Again-I'll Pray For You-We'll Meet Again.mp3,21 Medley- When The Lights Go On Again-I'll Pray For You-We'll Meet Again.mp3,.mp3,audio,9298535,8.87,1272934742.0,1,UNLIKELY,False,,5fa79b516ed0bea675175d978ecf9c90eba0c7ca33199ffff3e32b1f85d4f03f,1
3\Vera Lynn\AlbumArtSmall.jpg,AlbumArtSmall.jpg,.jpg,image,9057,0.01,1378136660.0,0,UNLIKELY,False,,29d6fde2bba2024d6da5474e60f88272b847ed42ba37fd5df2c3f59041fca4a3,2
3\Vera Lynn\AlbumArt_{D11CA889-B1DA-4AE8-B2CC-37593F4E44CE}_Large.jpg,AlbumArt_{D11CA889-B1DA-4AE8-B2CC-37593F4E44CE}_Large.jpg,.jpg,image,48847,0.05,1378136660.0,0,UNLIKELY,False,,adc962c6261e93b9f446acdd37338e9decb1c35a68bc43023952599fa0f0f4c3,2
3\Vera Lynn\AlbumArt_{D11CA889-B1DA-4AE8-B2CC-37593F4E44CE}_Small.jpg,AlbumArt_{D11CA889-B1DA-4AE8-B2CC-37593F4E44CE}_Small.jpg,.jpg,image,9057,0.01,1378136660.0,0,UNLIKELY,False,,29d6fde2bba2024d6da5474e60f88272b847ed42ba37fd5df2c3f59041fca4a3,2
3\Vera Lynn\desktop.ini,desktop.ini,.ini,other,44,0.0,1272749118.0,0,UNLIKELY,False,,2715a15a5204ed6fdd1ffacf7f79513916b62d8b51dd89dbfa9bde3c08b36333,2
3\Vera Lynn\Folder.jpg,Folder.jpg,.jpg,image,48847,0.05,1378136660.0,0,UNLIKELY,False,,adc962c6261e93b9f446acdd37338e9decb1c35a68bc43023952599fa0f0f4c3,2
3\Vera Lynn\Thumbs.db,Thumbs.db,.db,other,18432,0.02,1281299196.0,0,UNLIKELY,False,,ef127aabc5ff88d1dbc26d04af907f90e1ba43a4568d7e5a2c0f61f7e9a20709,1
